image_id,edge_density,entropy,brightness,contrast,color_variance,texture,ambiguity_label
301061,0.0588997395833333,7.762909310319742,113.36856119791666,60.49080101714205,3730.32263380904,798.5262815076087,Low
261982,0.0555490973741794,7.226292662312128,129.0515146334792,99.13619950937532,9601.644794521775,3539.0200040737486,Medium
273760,0.0249163543897216,6.684819786698268,143.3144472698073,29.7986159651608,1454.7339553184158,1402.596353041317,Low
248400,0.0415105386416861,7.609706299343814,106.55755269320844,58.39782596402461,3591.0017077492034,516.684389603527,Medium
382030,0.0778453333333333,7.845758332623251,113.08475733333331,66.50229842790733,4473.499695108268,1138.8753092488248,Medium
405691,0.0405920667447306,7.622247257370605,83.86919276932085,63.12479377832632,4382.03619664328,448.8116152052997,Medium
29596,0.0563412675233644,7.635488160664402,131.7237441588785,67.79896009061736,4805.526759022897,1376.792986086085,Medium
76547,0.1006412760416666,7.639883144472091,93.459580078125,68.56748600512672,4816.296346733171,2094.56250222435,Medium
56344,0.0401497395833333,7.610349712715822,83.54100260416666,70.2200127726167,4948.558366277321,607.3158493741248,Low
80274,0.13515625,7.729517203010586,118.6381640625,70.24627612286173,5193.006999295786,5484.043993402058,Medium
263474,0.0190468423799582,7.346382931550559,131.3379762526096,45.99818176124761,2304.7043691861145,1076.7001841669928,Medium
384350,0.0258984375,7.311652321311209,120.36236328125,47.83614259014292,2685.424718371805,789.3592230143123,Medium
38829,0.1011197306791569,7.314594117748845,65.6591737412178,51.33542033463076,2711.1875664928016,2219.000429868534,Medium
287545,0.0545768229166666,7.086745894974871,102.01613606770832,37.942056846965485,1534.2932415776784,746.9293911547237,Low
365642,0.0132445715962441,6.407277189108846,47.28321596244132,27.923877598339903,779.7429401270691,272.25548349012007,Medium
525286,0.14359375,7.6562513208181695,119.78127197265626,67.2730838804669,4742.088904788874,7334.572759847045,Medium
554595,0.0289521276595744,7.573212651991069,105.28561170212764,49.81300239767225,3124.057758161791,765.4376582174909,Low
23272,0.1128533333333333,7.735227152694829,125.83282133333331,58.35176727937848,3621.769889418136,3298.408933268025,Low
363207,0.0614127604166666,7.474372563708992,91.098193359375,53.81274489991319,3020.240531102283,2049.3037190635578,Low
555005,0.0520377604166666,7.832417543917444,109.22234049479168,68.55689676466731,4701.167863450489,428.81974609307184,Medium
190637,0.0296801985981308,7.384560378006101,121.73775189836448,68.74541335612471,4933.708777068866,387.68503555508426,Medium
100274,0.0925131733021077,7.567216929983187,124.18799033957843,66.9892932200314,4478.203704844021,4785.543756975714,Medium
375430,0.0456894028103044,7.2373050224694495,167.6848067915691,71.96842392124063,6031.3698200495455,728.9802975525613,Low
357501,0.0993619791666666,7.48428433320837,124.16062825520834,48.32699130442104,2772.327652947779,2276.020751251179,Low
183049,0.1073185011709601,7.599220080406334,95.54897540983606,55.69943623976788,4048.369292093537,4688.505221848482,Medium
149622,0.1373723785871964,7.591512055914896,133.61120309050773,58.917297637106685,3778.4136231696775,3524.2802294957805,Low
484978,0.0908700356415478,7.338562109965892,134.9421174898167,98.74996104202457,9751.554805801368,3882.8374242203017,Low
185250,0.1713502506265664,7.618315225707656,120.14001801378446,69.65298824433586,5483.614088347374,10428.500152848845,Medium
433774,0.1064988290398126,7.709257071969286,96.10006220725997,76.08997010732031,5789.6835509328985,4487.64531778556,Medium
12667,0.03234375,7.591330620501347,131.16875,63.40129380375122,4216.173477996311,887.4498452499283,Low
363188,0.1553419117647058,7.910063997082478,142.51676838235295,66.86601395150252,4620.967032154397,3408.0604510891,Low
7818,0.023605825526932,6.751675666985627,58.28909543325527,66.45556130790337,4485.833316812383,454.9195727008546,Medium
54654,0.0614442567567567,7.665835425136629,109.35017275798526,81.34186742437758,6656.909353349256,1679.142269514634,Medium
425925,0.0978599091880342,7.148752981956681,147.0143329326923,70.58188905895105,5540.848752690021,6390.592103396407,Medium
429761,0.1325459988317757,6.679702815405176,109.74755403037383,31.37681822102016,1227.5937371084356,2777.789098199342,Low
319935,0.0613654208542713,7.769551911947206,108.11894236809046,59.07264378085304,3552.1252065015337,2349.729723555932,Medium
17436,0.1122238825363825,7.341122156955376,105.06799961018712,81.48803193657366,6557.933845180534,8008.266741098352,Low
440171,0.0879029805352798,7.663106103951396,121.77024406934306,82.96190808010267,6846.262599628455,3510.4391532158875,Low
153568,0.08931,7.294461638600258,149.163725,61.00639514939704,4156.493300923925,3326.333336517775,Low
262440,0.0245078125,7.4733937295603985,97.97068359375,47.09035957355895,2217.5970735662336,1177.0064061264038,Medium
478862,0.0411002604166666,6.917928440424727,143.04918619791667,59.21869620700474,3831.702242945484,959.7634726244502,Medium
394275,0.0640346692111959,7.329247100107757,112.34396469465648,66.22809326938221,4644.205810420196,1377.2179246658686,Low
402473,0.0133365885416666,7.212738615699036,108.45106770833333,68.97933823273941,4870.566881979351,299.18302080243427,Low
323151,0.0757649739583333,7.465927254286947,141.99713541666668,69.73655498495148,5327.619096104212,2144.838771397527,Medium
462728,0.0376353922716627,7.328702887360654,120.54091774004684,53.26764684264802,2927.7325670758296,1747.884581879149,Low
9914,0.0706510416666666,7.656875437143936,94.73733723958334,54.862021996031466,3323.193945837734,1690.6925227659435,Medium
177893,0.0553373247663551,6.711230056270806,164.38215172313085,62.32480040283535,3910.594665530649,969.553747393118,Low
368038,0.1230924684542586,7.70010663094166,103.37592665615142,67.20686843291605,5138.888396205074,6900.345223119783,Medium
489842,0.1216900397526501,7.848397759605195,150.3935816033569,64.15817807088773,4116.27181337574,3158.308384919701,Medium
397279,0.0190866510538641,6.038216575156166,109.16461138758784,26.75025374947561,921.0612221936544,501.347145711219,Medium
35326,0.0464876302083333,7.447893772398384,80.05665364583334,58.16407563101341,3415.1191673011854,2649.840124575297,Medium
307074,0.0563543543543543,7.81580389163169,116.80353753753754,66.43965794046194,5349.161942991473,2436.45458466452,Medium
13004,0.0114346666666666,7.163612114459899,110.40921066666668,40.88666869894089,1731.2649874721565,222.680383876096,Low
289229,0.0209613259668508,5.68334203974175,225.9467900552486,37.75444860802836,1555.3335353558905,1127.513415365068,Medium
322724,0.0410257352941176,6.90525502586865,163.50718014705882,69.04388448812968,5248.466662113998,2057.6600796496,Medium
221708,0.034677734375,7.685476334276796,111.780498046875,62.10544937184685,4287.522684758981,807.2350160829226,Medium
23359,0.0084878796728971,5.0880103692165,76.11480359228972,44.373699581586905,1954.0819146956865,449.3359656696652,Medium
43581,0.05807962529274,6.219871351656026,44.76023492388759,55.20384544915828,4284.280977849286,800.1945686814769,Medium
411665,0.0166129976580796,7.694576068245051,109.50523638758784,77.55939625665829,6092.60002970718,679.1237411044647,Low
530457,0.0606846473029045,7.709850283918674,91.7884692686722,60.61481054982689,3983.4046485236418,1055.9149213918447,Medium
334483,0.0717903645833333,7.392947581299193,94.58271809895834,56.93356714515924,3567.405510523955,1669.662450632689,Medium
166768,0.0222747946009389,6.948462671717594,173.03044307511738,40.413198025970594,1789.366607084059,354.33267029751653,Medium
216419,0.1203359207708779,7.702188616643492,144.52618107601714,84.97257058240673,7426.259539815044,2438.2428743047813,Medium
541291,0.0304834213615023,6.988250635718655,97.92853579812208,86.52028132221035,7485.759080074421,410.1030475538814,Medium
161609,0.0451302083333333,7.091228799883968,58.7344140625,57.80459944255274,3387.785074379963,569.9816019846174,Medium
776,0.0975467289719626,7.415755172017111,83.01429249415888,43.55299381743763,2246.2831359916854,4651.571617136714,Low
187585,0.0542574541284403,7.750991693537203,92.4030246559633,64.6086469227858,4163.002023050362,1020.593166412464,Medium
253433,0.043564453125,7.633190889902025,88.24218424479167,68.83533597617603,4521.377035820414,1119.0162966536525,Low
411530,0.1416471354166666,7.829904658367728,138.08806966145832,67.3548204907719,4579.407448476841,9902.484992664931,Medium
494188,0.080849609375,7.492389615515444,109.902626953125,71.63140665155451,5595.449680450663,4207.763844701978,Medium
322352,0.0874293333333333,7.476601878752451,79.67458133333334,68.05658854236465,4773.192092735403,3201.2144629155555,Medium
565012,0.0678970588235294,7.405834558977322,69.16513235294117,55.53668332319915,3836.499482254771,2176.7437249377026,Medium
309655,0.0747819010416666,7.708534454174618,119.58421223958334,59.95565997891306,3919.9791905820985,3024.5811414112936,Medium
497628,0.0522200520833333,7.060883964144221,61.92736979166666,57.40803230184348,3119.595605468266,811.6819370915731,Medium
22479,0.0385769628099173,7.56593960909506,119.58354080578512,70.78035020008141,5061.372142409744,135.65755814001963,Medium
54164,0.0503146955503512,7.419277812548758,100.6613144028103,62.92556458380312,4042.444341526904,2757.367688762484,Low
224093,0.1170638844936708,7.512144454864931,109.42694818037975,52.91024737941858,2799.494277751271,4745.326452065585,Low
539962,0.1077278645833333,7.751195301971846,112.00766276041666,72.83095764716359,6414.599992510375,7109.714646619912,Medium
524850,0.0783009404388714,7.714020902510292,140.51817554858934,85.05046719795179,7088.229559858125,4186.438454401981,Medium
466339,0.0102280640668523,7.542230334715374,141.79975191504178,64.27080832453527,4493.043692254963,247.12839548159903,Low
328430,0.0773239030023094,7.704161715213148,107.71001371247114,72.80924117022028,5986.039374830884,2700.753690813598,Low
384670,0.0146061197916666,6.1270464474189446,136.75295572916667,27.802902096032746,961.2548798823532,698.168257196204,Medium
483050,0.0138761767782426,7.519594761035564,104.00441618723848,65.87393002458008,4656.537938444976,662.6703744407837,Medium
189828,0.0501089324618736,6.809071501742486,201.54633367508225,55.74350397216656,2975.8155087301006,1681.39676185624,Medium
577976,0.0635623539719626,7.429004091735586,138.28705461448598,73.89232299464877,5642.467995628157,1875.70707856772,Medium
460929,0.061337890625,7.539410896664168,119.27147135416666,47.99056176111733,2881.1059138921632,2014.6270976592064,Low
91619,0.0354398419203747,7.475299231267781,140.87283738290398,67.35092410172385,4596.9722568546895,2897.720748539436,Low
92839,0.055887330754352,7.715047573272944,96.75883704061896,62.87524495533183,3763.764748381937,1644.199373871253,Low
34257,0.1774304207119741,7.054016520007665,66.80847249190938,71.10156095990669,5066.330206587237,7157.789113267937,Low
370900,0.0475516474895397,7.462030393339378,129.9609440376569,78.15637347790377,5813.278066930304,759.4779548114898,Medium
344816,0.158452868852459,7.625790075849255,102.56067403395784,50.50362086037205,2799.802103412163,9351.386139543763,Medium
530146,0.0442529296875,7.816670074797599,106.10793212890626,64.12568864283072,4398.318507721379,1327.5708585788668,Medium
476491,0.025470238095238,6.354383651457878,37.02035714285714,47.585630357694285,2407.218614849904,607.9210413630599,Medium
126107,0.02177734375,7.426922282941858,176.83767252604167,60.584612949357776,3876.666746432255,1586.86325733401,Low
80949,0.0346710901826484,7.525768541887711,84.17552083333334,57.1694396284033,3459.838458131327,923.9949987829872,Low
507797,0.0575661764705882,7.496881077862874,148.28627205882353,73.37076586490328,5524.763096926542,1944.4169111872704,Medium
135670,0.050336,7.517569467556711,127.307136,53.54998605176448,3493.0327876907045,1046.747928191289,Medium
220310,0.0584984984984984,7.038094106971106,62.41708708708709,60.69920711234613,4056.273755648466,1691.3066648879872,Low
357888,0.0430045572916666,7.422427430384983,104.84131184895833,43.81575850903144,2538.6904019178533,626.0030263644747,Medium
289702,0.0416129976580796,7.550538507352422,154.41683987119438,50.5396320338236,2702.8671189629786,1293.6029888837918,Low
367228,0.1096936936936937,7.762111054554824,142.38927327327326,79.85267205978448,7286.997597102483,3268.691789618051,Medium
462643,0.0273345588235294,7.111291642834548,56.15566544117648,47.153813237417474,2417.2446656934785,572.2449436283385,Medium
55022,0.073564453125,7.374815119492154,140.43630533854167,52.875890201534055,2831.0965169165047,2427.397691801919,Medium
270402,0.094681631455399,7.823856890392578,118.19911605046948,65.15501169258678,4262.342028282561,1407.1514118305283,Medium
314264,0.0399609375,7.675579068552022,121.83558268229169,66.52019387266618,4414.3241903264825,792.7495133005355,Low
335450,0.1049722546728972,7.847733718137428,154.45806074766355,63.56662145250837,5185.248633483559,4727.443628128002,Low
211674,0.0700123152709359,7.332648157064006,142.3700969827586,83.58413035676541,7228.188795520742,2995.967785896853,Medium
48924,0.0821323529411764,7.251029108158844,61.69538235294117,52.44058860357214,2793.990978606577,7006.290865633164,Low
531771,0.0593823702830188,7.2628639845033875,88.66306382665094,64.88019808754807,4251.604304933626,1662.7379776603398,High
150638,0.0456056769722814,7.429712911291745,66.99502931769723,57.12706907297109,3473.0719074213303,1347.9615364124452,Medium
236599,0.0722138728323699,7.675831050334525,113.1958901734104,75.85037692103502,6877.154404365821,4204.497368839587,Medium
224807,0.0688996787383177,7.273188517482294,63.70733060747664,56.73524485247365,3779.120781526766,1535.5627864260096,Medium
97679,0.0401009114583333,7.243022938846079,139.83487955729166,59.04831518557515,3702.434041430576,3641.5455495450233,Medium
273198,0.071776,7.5977146715668,145.878944,55.44646918826179,3315.3807336359064,2731.8611194101763,Medium
235778,0.0436294510385756,7.066840577008657,58.01957993323442,55.90273594467008,3377.780350715886,1025.6429620488966,Medium
559099,0.1137717013888888,7.574504937398054,97.41452690972224,52.74046158407071,4324.642828621814,6992.195013169107,Low
200839,0.159755859375,7.730442585368252,126.81623046875,63.69210640937816,4291.655335978147,15979.968035842036,Medium
36861,0.039013671875,7.5548065705683936,115.73026692708332,73.16961929708116,5418.273238015867,1735.7151432291244,Low
157601,0.022272416591909,7.1639616672373085,138.92562155581186,78.32948846100521,6385.021762069115,127.97102873505108,Low
226883,0.125439453125,7.363762105164703,106.25901041666668,72.50771921592711,5561.440637428702,10441.059589658851,Medium
578792,0.062309718969555,6.726577678451141,86.09835699648713,47.98731739217416,2421.1021037763835,3914.792964082621,Medium
249219,0.150107646137787,7.60918482358388,113.47484342379958,82.8757278516328,7389.42629220244,4839.066339045861,Low
491090,0.0886506276150627,7.692313718150708,95.94172986401674,63.73439968477869,4138.244474187697,3614.886184943475,Medium
60507,0.0684462822014051,6.867528718916131,132.57299473067917,36.3281055057671,1848.3276554392469,1135.2946631586458,Low
239347,0.0531510416666666,7.598317534165648,100.90050130208331,61.36712262549084,3853.827278554994,840.3357066813151,Medium
435081,0.159192,7.835364444129459,122.743636,61.90981952404242,4222.178798050459,4539.136318289905,Medium
213830,0.0959675058548009,7.155580186070599,85.72639783372365,41.36236933573053,1951.5102414905969,4993.626677873032,Low
373353,0.182516793224299,7.869096176665789,102.5846086448598,69.0113966294097,4926.516088553118,9630.796459327128,Low
302882,0.02218,6.9870714106903735,61.28663,60.92113346978288,3711.3845032431,510.73753511,Low
105264,0.0306718384074941,7.680808587036638,130.0731337822014,79.92709656509349,6431.387190426864,1526.370983030019,Medium
336628,0.0757264894859813,7.543179335249683,86.89257082359813,65.97210932527494,4526.225334537086,1325.764929293632,Medium
318138,0.0177766927083333,6.797379960977927,44.13372395833333,48.226757970127096,2649.1582093186203,248.33292282815512,Medium
140556,0.0783609135667396,7.586875015918145,105.61120418490154,55.24419999000048,3901.117055484347,2827.3191439082484,Low
323202,0.015791015625,7.714444425748681,144.52499348958332,64.52588133690732,4236.753407271629,850.3173635005951,Low
153299,0.1243557483731019,7.85181782628515,117.53164859002167,62.062000631987694,4170.54725002161,3149.722010681297,Low
265518,0.0788638985005767,7.529871519966745,112.44761630142251,64.25405114325702,4042.721475544779,4371.153096088712,Medium
135410,0.0801302083333333,7.537132724166445,80.33406901041667,70.27054206059627,5515.918612172151,2123.144693991724,Medium
308165,0.0467941176470588,7.588157971934733,169.40539338235294,52.61312446304979,3683.13823417612,2109.9143238821366,Low
163117,0.0494946808510638,7.312567811319444,138.86460106382978,92.23715791429616,8369.759981030462,1900.6210918195727,Low
123480,0.01052734375,6.593934299548394,134.25362630208335,28.41795567856512,846.5492190897235,226.49003384779823,Low
464824,0.0955989583333333,7.875582225001879,112.095576171875,76.74564618461642,5924.378822842754,5854.696038130347,Medium
50380,0.0627122365339578,7.6441755827664,91.75268223067916,67.51272593233384,4856.609683384905,1041.4178228967144,Medium
300341,0.048430181498829,7.125423708116085,71.80643296252927,41.34428922302378,1785.3154265991636,1191.2911782101178,Medium
417911,0.0694274475524475,7.368884976033333,162.22787733100233,58.69398890497244,3623.74690605312,1695.152796425913,Low
157767,0.0568318208430913,7.82627039285949,111.48716700819672,66.87600803029753,4452.214107969215,1801.935427610372,Medium
325306,0.1458951822916666,7.682692979096756,125.407412109375,55.500387413092376,3016.5112010698213,9367.21032372868,Medium
182923,0.0881226666666666,7.288163468396588,129.63963733333333,52.20829395235148,3355.350316127184,1393.3005489059556,Low
353970,0.0187096537558685,7.261982337283257,88.42165126173708,44.84623738184226,2078.440980986635,172.70694154025318,Low
174482,0.1034954896907216,7.704657230224913,131.84786163015465,56.09293648236025,3308.096312303511,3295.739119607328,Medium
370375,0.0664190573770491,7.717142486593008,126.36471384660422,57.53455598995398,3483.461245861535,2421.998969444004,Low
562229,0.08041748046875,7.504489006443818,109.7647021484375,92.4763761596245,8803.577821697652,5384.1114598083495,Medium
450758,0.0609538100208768,7.484080532038964,138.2006621868476,64.24351859792786,5194.807897759688,3580.9924492090013,Low
25393,0.0192252604166666,6.651499378526523,40.86817057291667,42.11956865532324,1848.3524973506328,489.049630900224,Medium
25593,0.0572102864583333,7.498664359989767,109.40134114583331,78.03657053362382,7027.653314992688,2318.8624935510315,Medium
269121,0.0378776041666666,7.077387361260316,98.4805859375,52.166319498516096,2760.397702884889,1737.3977089075618,Low
377882,0.1796744791666666,7.679231231167924,101.45863932291668,84.0340874085395,7494.66677451423,10231.569635240174,Medium
286523,0.0488904426070038,7.7903872026290095,121.5143026507782,68.11960748447432,4965.969074069614,567.6251608506235,Low
223955,0.0174774774774774,7.132751405729067,77.66721321321322,49.96999085138272,2430.724231046121,1543.6542272939607,Medium
528705,0.0294527582159624,7.538090731774471,106.38052376760564,54.82617933535085,3504.93962956062,884.3167436272646,Medium
263299,0.1133970149253731,7.2962284352315905,70.87848358208956,62.56699280758233,4029.461232789807,3288.138297360873,Medium
156643,0.0554915364583333,7.5849507638540175,92.74830403645834,59.85444257217932,3640.214549780496,1260.6101610429446,Medium
177861,0.05314453125,7.532935587752794,112.90688802083334,75.23121154704621,5819.7018759756365,1360.0021186960432,Low
465836,0.053344,7.712273645952786,120.282736,55.51258011497007,3298.56245334435,1126.0752931071715,Medium
329041,0.0374967447916666,7.728933688574027,123.787861328125,60.43247792751789,4334.42624501109,967.8745812065972,Medium
88432,0.1286783854166666,7.74238091880421,106.24537434895834,64.62953292771746,4424.162017842197,4910.758945138889,Medium
198510,0.0668408203125,6.668994962923325,133.40978515625,108.24529681772306,11414.565581132338,4265.558599115843,Low
148739,0.061993838028169,7.220003453330549,185.3243764671361,52.96546574789215,2962.696244477037,2775.4006275984307,Low
139260,0.012536243556701,6.945023194060893,131.80146182345362,34.25680117149784,1277.1822480843714,226.5821196959029,Low
384651,0.0249641628440366,6.77383209446293,102.13062284977065,84.26627870339709,6835.716246730964,516.514553913084,Medium
515266,0.1558950526932084,7.845725676076709,106.83531908665104,64.3495646955615,4326.161081040777,6846.431129244074,Medium
435003,0.084085919203747,7.636962938970466,102.67672350702576,50.51489469004954,2874.6891626240526,4834.780092593702,Low
145620,0.1498709862385321,7.587990259418017,107.07946530963302,64.42033920263425,4149.980102982456,9217.572914277524,Medium
400044,0.0166343167701863,7.371195281266971,183.9167895962733,59.062970934893215,3459.30536884829,1267.674262371081,Medium
476787,0.0866536458333333,7.894866525836748,112.8084375,66.48469217340129,4156.3620238523945,3314.404860261017,Low
423123,0.0492957746478873,7.70578452474863,89.543691314554,61.31055726407544,3989.196718617061,390.7814205765194,Medium
400367,0.0806426426426426,6.907336436944237,47.27233633633634,45.91585613850539,2212.734779289211,4208.713017381345,Medium
468632,0.1097305584551148,7.6020990291348784,111.7887036795407,51.09948569492289,2909.5141141614063,5583.22594113911,Medium
512330,0.0713835093896713,7.615278173357702,165.68313893779342,65.46587548284295,4726.501116747465,2032.5385049171773,Low
226984,0.0951002634660421,7.483510707276214,96.2671618852459,50.25316595344418,2693.737225283074,1505.3413814959492,Medium
409867,0.0328161507009345,6.954815184526924,70.60589588200935,67.32493768124955,4364.115998010425,1471.651336875687,Low
545007,0.0127389705882352,6.916566047347043,152.88980514705884,98.80672548200724,9828.28362854343,543.5026349621404,Low
17379,0.021901150627615,7.771585451504955,122.66080347803349,69.58284499957713,5050.021621222963,597.3443985897497,Low
371699,0.048349609375,7.441763832792404,99.15467122395832,55.1180448358432,3562.043020408486,1320.4217141681247,Medium
323799,0.0690462239583333,7.587346339097627,112.29647135416668,49.12604737323581,2777.461112830388,3192.463543025875,Medium
460841,0.0234613333333333,6.7003368786291,130.95579733333332,66.93095091304366,4503.8961710480025,1264.2981633807929,Medium
425227,0.0099554614485981,6.324903080970444,173.87969480140188,48.6278289373639,2587.992775853113,634.9076286210496,High
122046,0.0451112412177985,7.097315944113964,108.04350848946136,50.22726208662586,3494.558303363842,2176.9300460165223,Low
513688,0.042451171875,7.251149005762808,125.46986328125,76.01801525006708,6458.144803599633,554.9185996295505,Medium
532901,0.1247645951035781,7.833514738549276,108.42292372881356,60.37108700261592,3840.215121925669,2024.79216945586,Medium
362682,0.0916861826697892,7.6905006641711315,116.88148419203748,79.16079044091481,6528.430699379121,4856.618463948249,Medium
125211,0.1110091145833333,7.397510474139199,132.63359375,87.7779514872231,7776.560292100433,4024.8254291109615,Low
189752,0.055966796875,7.6167631833365075,88.65632161458333,62.51077618358012,4145.942577432325,1583.6337480532222,Medium
223747,0.0073945945945945,6.880816685877914,54.82743243243243,58.61881303861624,3536.8313446511224,316.1735725017093,Medium
567011,0.0253594483568075,6.91721070969074,160.28065214201877,36.312169771152895,1419.618478775231,939.2153749047308,Low
70158,0.1763283079625292,7.872708228516231,131.46303790983606,70.30385208712727,4797.174285624759,14205.123424983136,Low
300659,0.0127170138888888,7.307576946576968,168.61918402777778,47.92538087457499,2394.531658140947,269.2839742158678,Medium
370478,0.0409407552083333,7.699856646275332,118.72096028645834,78.01778892529185,6235.474806759597,1988.7508564056293,Low
329542,0.0449052714767824,7.275910004155207,87.86153829723611,76.56684785213925,5457.579566497735,385.2887867255679,Medium
234526,0.1070635225767867,7.831054437112867,131.61652035541886,67.59697734924283,4631.236839785309,7237.96179688729,Medium
369442,0.11845703125,7.677477179073816,95.71840494791668,57.47523777098107,3270.7022278453296,4143.291070256169,Medium
550714,0.0342708333333333,7.4704125705486915,131.8107486979167,58.5829621543499,3988.811920719044,2183.987783612982,Low
473219,0.0538259345794392,7.787266693692321,103.89306731892523,66.28493917651426,4496.686193437788,971.1121053020267,Medium
301421,0.0532274590163934,7.485462428237903,84.5752524882904,55.30291280693864,3269.177067064286,1778.1192189710844,Medium
475223,0.1842679794520547,7.561125280936792,120.2044734589041,47.06290208060314,2253.7293436924388,2743.9646658923634,Medium
69356,0.1352784653465346,7.759928889333567,101.41929455445543,63.41133112345838,4288.839812150119,9070.175447124047,Medium
338325,0.0130220502336448,7.070032115240319,199.09496203271027,53.11080135462184,2818.4411176264307,1046.7317836569755,Low
54123,0.1676912967289719,7.805842450354214,121.25409973714952,57.67985100614515,3360.9442831195934,8763.193970049357,Low
505573,0.020125348189415,7.36209469016762,98.12593575905292,65.1218742750182,4310.488208937161,281.731990128896,Medium
359833,0.018505859375,7.349146992120207,92.12757486979169,67.23683400040032,4818.589607768967,116.34401656543945,Low
88250,0.0136333626760563,7.180711556589093,99.4784257629108,36.84821424601699,1380.115808171456,1134.4568685131396,Low
56350,0.0472280960314408,7.776876770494124,126.3250806313811,73.34862269979185,4895.764838763819,462.8789097130446,High
50165,0.0370178364269141,7.323990061078295,115.40333889211136,44.88837594167633,3134.3888001251325,2661.4005200766624,Low
87144,0.1160677083333333,7.928303303834674,130.762412109375,74.29386799848639,5504.596673976266,6433.578578042942,Low
419096,0.0474416890939382,7.721799601036079,119.03034356444104,62.82776272972191,3706.472418556412,430.0391507876088,Low
44260,0.1031507352941176,7.483966165828687,108.23816176470588,45.27156814066648,1948.6265568754643,2692.791135454098,Low
133244,0.0979456824512534,7.246439191116866,101.08890581476324,44.15038945982099,2058.233458683335,3008.0658011647342,Medium
571857,0.0329775528169014,6.764491636825391,151.6812646713615,29.77708665396582,1108.559912390656,1654.4967104635653,Medium
507667,0.0968652849740932,7.736095236492754,136.29182901554404,60.95188514022294,4035.644603368323,2486.928496272947,Medium
98018,0.0475483021077283,7.945988975675962,124.77324355971896,73.71401685283487,5819.238451795875,559.0459960929466,High
260470,0.0921582259953161,7.686359184076072,98.58973946135832,69.61433343924031,5217.380077426798,1451.898332196709,Medium
263463,0.0709345725995316,7.887475372444714,123.8150944086651,75.34292934380859,5949.14986767613,938.4812177161116,Medium
127987,0.0522703931924882,7.668117045050264,139.29147593896712,75.2184987941781,5926.698906605852,1308.6390032484362,Medium
429623,0.092529296875,7.265923588176508,75.71380859375,45.10980370220985,2490.4206007396733,2347.3619427133244,Low
27620,0.0492936197916666,7.719747739481494,123.01708984375,64.3329512823534,4162.932057823979,1458.7464612297904,Low
284445,0.0746422558922559,7.769893554015063,111.91621422558924,73.39082093831328,5584.185035366528,2233.5400453490333,Medium
240250,0.053478363022769,7.355902054490759,99.40747415523944,90.60014504272914,8148.431368695182,771.8519728347068,Medium
188439,0.1975107230392156,7.889535400514546,121.0263250612745,74.44179729866062,5882.1581881815655,14766.61067864897,Medium
228771,0.0445367388758782,6.881513771278401,66.4233350409836,55.86187931076459,3387.0705121445367,1881.4680483595755,Medium
16451,0.0615361613054808,7.367998330998707,153.32520344739203,48.45300052273062,2317.4377036737687,3654.200299127753,Medium
493905,0.0343886821366024,7.207071292865101,122.03860004378284,73.79959765338795,5130.218879400352,904.085182129059,Low
110884,0.02462158203125,7.24785710042106,96.30022705078125,87.08619634418791,7857.488895780909,573.2382297584475,Medium
478721,0.0934928385416666,7.428708202015498,138.18937825520834,51.843732341933865,3260.037768932703,4975.733178202301,Medium
322163,0.0713736979166666,7.771047251254641,119.3627734375,57.44863990961226,3525.499708628262,1196.0747075841164,Medium
13177,0.0972848360655737,7.8483975133036,104.52644906323184,62.15144814041397,4131.323017015803,1640.3276345403926,Medium
462371,0.0734214463840399,7.833358832205576,125.35022942643393,80.74041881005556,6219.030897038162,451.2951885814392,Medium
577932,0.1167529926335175,7.647292897177923,121.65851749539596,52.376124892548354,2859.3196973835875,2094.083073316468,Medium
2431,0.0408848468271334,7.664016649713208,116.98718202954048,57.70868683357136,3420.6152666362955,433.9429002031554,Medium
264441,0.0141173333333333,6.484882890751518,72.21881066666667,59.228298635242645,3553.634603602621,128.97947829961956,Low
529122,0.1532313167259786,7.954809666083501,128.507615658363,70.76872114274556,6116.453935517686,7040.437399200669,Medium
530854,0.0086801470588235,7.082997562033889,76.30645955882353,43.226756311517015,2933.418134012462,152.48739710375216,Medium
465675,0.1319827853598014,7.722194522239122,154.52381746277916,71.38213449916238,5095.409125656507,9293.23415559707,Low
404191,0.027824,7.019899950687782,143.46870933333332,34.10675283421422,1111.454432763743,2107.19111051594,Medium
95786,0.0150479041916167,7.821425034486515,117.9373113772455,68.44546247640986,4927.128540565026,101.02096555340816,Medium
135673,0.0012185304449648,4.587348844074072,186.5182962529274,7.602742430988516,77.67713547556086,76.54941084028938,Low
162858,0.0895808995327102,7.77484152843924,141.171038989486,64.77954340504192,4255.504093039165,5930.402210881919,Medium
426836,0.0805908203125,7.023553501582388,164.26653076171874,41.96077914261604,2222.191407098687,3096.755031858826,Medium
514914,0.0318519467213114,7.425469875233309,170.9831156079235,47.10887032732828,2516.793205523625,877.8523652871959,Medium
309964,0.0767161885245901,7.644383517602711,107.66645199063232,69.60754757404874,5130.987128265725,2835.314306418617,Medium
504000,0.0984182098765432,7.799092789695325,136.64280478395062,69.64623111144097,5097.961368544498,4761.026263621499,Medium
463802,0.068740234375,7.734235995253625,143.557607421875,63.026979293671886,4522.709172700875,2178.12837597901,Medium
242946,0.0925651041666666,7.734118727084372,109.137724609375,57.08423024337674,3761.690968992749,1753.6698279561358,Low
218362,0.082519072769953,7.114400981945324,68.37836340962441,60.17512911533239,3614.286925606986,2249.612011192251,Medium
251119,0.0472053333333333,7.596622364010658,107.01947733333331,51.60168611554103,2951.5637592684748,423.3313970197333,Medium
133778,0.0639945652173913,7.426847851557151,142.04208398033126,54.34526874311673,2816.8076463337293,3488.708913960351,Medium
522713,0.0425130208333333,7.613961989274719,125.39818359375,56.540956745260495,4048.957974967642,3613.894116839844,Medium
245173,0.0790885416666666,7.870671504439184,133.14126627604168,78.83009514938523,6617.370677871969,5957.745210425048,Low
107087,0.0226361241217798,7.176159281244803,76.16757903981265,51.736778819375616,2596.638273304578,1201.5322434631814,Low
454661,0.0486424180327868,7.296568354986601,64.6003512880562,50.44221033618819,2710.99761054794,468.2580575043409,Medium
151938,0.0345611702127659,6.754303419749598,55.81685505319149,74.24881452204109,5498.014803369311,1053.5522885244732,Medium
42102,0.0291539634146341,7.05547814519836,101.34256859756096,85.98510894493432,7649.175725047401,1514.150201661544,Medium
122166,0.1429850260416666,7.737779002686835,158.79222330729166,72.10220129135801,5987.842820510377,9909.92935598348,Medium
577149,0.1253745460048426,7.592374889216401,106.834723062954,51.07821700924973,2726.3024163445584,10381.125816934273,Low
168337,0.0319368489583333,7.158278171163475,88.88416015625,40.28046836758294,1669.5158582540228,929.151604363664,Medium
459500,0.07784,7.297522374966748,129.66784,57.508845328938165,3743.606009754568,3243.740223573334,Low
110359,0.0038806950934579,6.974459118556246,141.02519713785043,35.154902237372205,1300.1079822270422,73.80896539635299,Medium
552883,0.0130024941314553,7.435240629166082,140.58280883215963,51.08616390952391,2878.005048676043,368.9958153751085,Medium
322844,0.0895703125,7.69077303333229,97.225185546875,64.77261714214917,4587.239451849104,3321.6800975585934,Medium
579902,0.0326298336330935,7.585113104143926,111.91342738309352,59.00262155049793,3547.133785562432,223.42863144376585,Medium
210032,0.0766014650872818,7.871961354985239,121.89934149002494,65.64735531499458,4361.731683984247,1624.6904430604775,Medium
509008,0.0787262384792626,7.873117918529725,135.10846054147464,76.06293677190122,6548.971581439934,2961.53129668104,Medium
286553,0.0434016927083333,7.546167432730251,105.23147786458334,60.214894239803385,3951.6646394168215,469.76403720040855,Medium
302165,0.11560546875,7.783173032839072,105.54806315104166,63.77478486616147,4275.845026679378,4427.476339855576,Medium
257370,0.0398111979166666,7.083977430679153,113.63830403645834,60.04648399767535,3562.7884449109893,534.7060202483708,Medium
303499,0.0702702702702702,7.807450363005594,127.4864024024024,69.55961023946944,5907.605125340379,4726.998858131501,Medium
423944,0.0294642857142857,7.132096950336635,141.70856236049107,84.8448820995283,8482.52424859562,881.6187184621364,Medium
393282,0.07722900390625,7.804042842372365,136.33602783203125,67.61123352861523,4508.200437963657,3428.9772784476213,Low
182021,0.0033159722222222,6.480986360691141,155.1439670138889,34.24635806709997,1398.64922974986,28.215606808132595,Medium
109827,0.1339585790094339,7.880244225231575,115.7181308962264,72.36131519396805,5381.109658646918,7090.15971302372,Low
24021,0.1406009615384615,7.568418981917139,94.14433493589743,64.94534808544104,0.0,3181.586229412637,Medium
542089,0.0320266666666666,7.341246580224091,131.389872,53.409811181938124,2918.556379536962,716.4866239927183,Low
123213,0.0603236607142857,7.1099238140342855,100.95033083545918,43.17888898953721,2123.7301101806856,2288.4992745037466,Medium
361919,0.0493051470588235,7.325775030548697,107.4367169117647,66.03954170631528,4233.25083790448,2088.6888519458803,Low
175387,0.0212106666666666,6.482999637841544,139.50505066666668,80.75243590850638,6779.460314067153,674.6755800639716,Low
234366,0.0835286458333333,7.451075980444377,125.75172526041666,56.62120584021077,3894.9940461636543,4964.277047472626,Medium
289516,0.2044613486842105,7.549624425825683,115.90038548519736,80.9009511682875,6994.856675533981,15411.56548154284,Medium
423971,0.0210808823529411,7.263598681275093,91.38717647058824,76.70798844605069,5892.97015850232,413.4085881178498,Low
549674,0.0766959635416666,7.588598622847305,104.11704427083332,70.06813572793745,5622.852041437948,1667.6420670796606,Low
475064,0.0797899590163934,7.843004780910826,125.2630598653396,75.26376919047213,6311.017655865521,333.77594662379664,Medium
421455,0.0532,6.8434601133035295,91.39610133333332,85.70273744208563,7287.137589097188,2636.4891441544246,Medium
130465,0.0494414427570093,6.944262477385846,134.33182681074766,88.35898071688855,0.0,1880.2826037889663,Medium
516916,0.05818359375,7.726164582456756,113.06560872395832,69.26105353871117,4835.254862608447,2416.798549413681,Medium
296222,0.0365657552083333,7.628611866696917,129.37661783854168,75.27435927899398,5665.234428924741,891.3818966952855,Medium
312213,0.04390625,7.837601001823682,115.41962565104168,73.73759031091173,5548.630951492698,1520.602130900224,Low
406129,0.0286068925233644,6.620620821656712,45.15611127336449,45.77206479696254,2097.5737271248067,1142.0085169663848,Low
130386,0.0952906666666666,7.143443703775882,140.0359786666667,82.5020200573025,6864.395419594609,3299.7114460312464,Medium
115118,0.1530810889929742,7.601567373367574,91.0926888173302,53.81446885983402,3085.7699022314155,10783.734596020971,Medium
184400,0.0235123697916666,7.199339548232606,109.48010091145834,55.38664764037245,3176.3878201683005,259.9485350048383,Low
206135,0.0678132530120482,5.825684511153814,167.7424578313253,74.53708479261013,5761.297492015459,2538.7407162908626,Low
250205,0.0810961433260393,7.471908359298131,133.20870828774616,61.413100197668896,4151.542253191408,3301.734133223278,Low
267191,0.0938118489583333,7.465380242266769,117.92651692708333,55.80487260058177,3192.73705541616,3223.2438252604165,Low
135872,0.0634916569086651,7.382966622666657,89.91791569086651,47.342408934399,2314.05404709636,3939.2772233845294,Low
225946,0.048815469762419,7.545071598981945,127.40084030777538,52.02327427588075,3694.830492356061,3752.591023562495,Medium
357941,0.0194453333333333,7.238146647946207,98.59760533333332,70.25496502406246,5291.4297538207575,532.1669304569173,Medium
560011,0.003512048192771,6.908774630848325,72.51732530120482,42.58776071225794,1899.283677207408,31.47680987715924,Low
370677,0.1215481927710843,7.768125622252266,108.43339156626506,57.746584706320654,4655.82643650577,5101.391455572507,Medium
198805,0.1089117462311557,7.674026354921003,96.95982255025126,60.558858224486336,5204.340044069465,5332.296304256773,Low
516677,0.061396484375,7.244790768522771,83.56160481770833,57.70862470205546,3629.830404899368,2617.0877538450454,Medium
176901,0.0524460306406685,6.619628049749971,141.3067635793872,48.31688235687951,2383.3536838937493,2262.051033102287,Medium
404923,0.0220345052083333,6.590084802867095,108.64080403645832,34.211272752382364,1401.9217024806694,1071.2650106014253,Medium
521717,0.0480267018779342,7.232314990042813,119.0550322769953,63.80725572247616,4229.450029306593,722.9452049418186,Low
187362,0.0076176470588235,7.028150005653484,138.37841911764707,36.18481915398629,1346.263151502987,338.0192047642193,Low
162581,0.0088444010416666,6.478975708391197,114.793671875,29.52685858542327,1003.9274969786997,1909.4661517702632,Low
119677,0.0629264322916666,7.747663125768263,144.687138671875,67.5010045639198,4656.571538403595,913.8709374989404,Medium
274708,0.0256098081934298,6.435121640562954,188.5476018838908,90.02168798936795,7899.961809974055,1922.6536827559703,Low
210388,0.0371735622065727,7.011095809743269,184.43857100938968,71.66476655994764,5193.978172585184,1479.370636901055,Medium
15278,0.0965234375,7.823747277336634,110.19039713541666,70.41199436710866,5405.8813346467405,1797.8757716135551,Low
279730,0.017057057057057,7.40425688872299,82.98185585585585,46.40817561468158,2104.547091446449,167.23394998962925,High
463527,0.0498600260416666,7.4667648002651426,79.67098307291667,61.45662874427536,4013.371913592621,1285.1538803608787,Medium
425390,0.0486293333333333,7.651973702301365,103.49640533333331,56.02464574701362,3272.427515627937,2231.992446135865,Medium
537964,0.2227834302325581,7.606340672959435,78.12880087209302,67.64178682278828,4904.759525690878,16256.231111981442,Low
222825,0.0274992681498829,6.968969382998616,143.02699795081966,33.391210726483706,1287.9837745799168,516.403253006271,Medium
280710,0.109013671875,7.110563943906515,137.999130859375,80.72760905959602,6586.583516825704,3570.4862680555552,Medium
51309,0.1155685763888888,7.6755061369738415,108.6650217013889,62.48372168950409,4210.040523892244,4090.700241587528,Low
438269,0.032528409090909,6.9011927143444325,141.83318036130535,39.35676758692372,1725.4064617240936,592.3950574905731,Low
430961,0.0296621386276558,7.498961350737026,102.79361198188784,62.39143779853973,4112.049547236652,521.5451083244315,Medium
285047,0.0304376463700234,7.258028351442348,105.58635099531617,76.46304178465753,5879.339961343659,444.4042557921995,Medium
514376,0.1687141927083333,7.852540501849392,130.282138671875,74.50931978187947,6240.906221367062,13908.696204989585,Medium
246968,0.0737770151869158,7.526703327968072,82.50719188084112,56.9493528392925,3340.9106703186167,1319.344224728116,Low
424521,0.1104649681528662,7.834474907736308,113.50271337579618,64.51092342421735,4290.281438001123,5055.599520158019,Medium
272212,0.0059895833333333,6.617656737847794,150.57437174479168,64.98912140608799,4667.018359422494,216.7670719163259,Medium
389109,0.0508196721311475,6.8565633629745975,43.05554010538642,41.29364197524924,1975.3172463760627,1962.8554923875024,Low
348216,0.0226725260416666,7.511462916149123,83.857255859375,71.38633049858373,5197.44714000752,460.7827601792654,High
229553,0.0195920850409836,6.40358483981369,138.94968942110657,37.43373861025009,1513.271154187961,999.331886860674,Medium
442836,0.0614127461706783,7.484679539736211,122.1484477571116,75.84889377214513,5771.569092687584,3345.2185680576563,Medium
231097,0.011328125,6.519952238728499,46.547470703125,24.07997064191894,565.3934992240587,476.82901665444905,Low
209222,0.1073148419203747,7.405681970518676,68.8261343676815,60.670997511722405,0.0,5820.51230017716,Medium
447522,0.0376236979166666,7.389257108786121,110.43909505208332,42.1244925502797,2078.3722922141005,543.4160501055293,Medium
408112,0.0293880208333333,7.460865237915864,117.57508463541669,59.972241791303816,3706.501581392285,610.988211026499,Medium
461573,0.1657925531914893,7.814980766431071,107.10732978723404,62.69337677103595,4038.25391143551,8199.532600439563,Medium
210520,0.1065722585330428,7.798428275410816,97.25137233542657,65.22412777483453,4511.069308329386,3273.4981724073405,Medium
540932,0.0077115885416666,7.2783271134794205,125.47525716145832,47.34268741690148,2504.994223604026,779.2007721745808,Medium
519611,0.0409830729166666,7.633805429224362,93.280810546875,55.00576333671293,3028.328537787278,1537.4569312335543,Low
456292,0.03099609375,7.6945792441943395,161.21284505208334,66.68721017083575,5061.391357075819,842.1421621743838,Medium
21167,0.0144329518779342,6.98633569388064,64.9374229753521,47.46562651498326,2262.5954287899845,359.9460494181544,Medium
472375,0.0606897987953351,6.321211714041353,176.40590958605665,77.14769398617467,6268.62002105447,1025.6578223940894,Low
331569,0.0266403947199794,7.436059558968919,85.52475810585672,64.11304267349276,4278.3338427729095,496.9902521334298,Low
468965,0.0887434895833333,7.694341371641886,118.58931966145832,59.28025239556096,3574.3474362056945,3303.3867641152274,Medium
151000,0.0647007042253521,7.679608523628774,120.87940507629108,82.81980610342397,6641.66990110497,2715.794052352941,Medium
58636,0.0348629731861198,6.389380223300568,196.02022377760247,76.28437656011886,6377.554156205127,1845.8248998349,Medium
65350,0.0678095725995316,7.788444256574674,103.73102678571428,65.59103013192535,4487.154801303707,1194.9299217696869,Medium
84270,0.099990234375,7.587954859393227,89.39640950520834,58.42640930406077,3639.3133195250616,3018.376860553953,Low
22705,0.035694372406639,7.411962673314436,79.21413381742738,49.61749387902205,2643.733733109273,1390.8247224275551,Medium
104455,0.1404069010416666,7.796175453116846,95.95415690104169,70.72103383665925,4879.426133295635,4590.253244804849,Low
374727,0.1448246772300469,7.844770789299098,122.92856514084508,77.61455930666881,6062.303176024681,6450.35885394948,Medium
191672,0.0764274240654205,7.155741585197288,166.36923919392524,63.90512640711431,4424.362630964978,3264.537294577649,Low
4395,0.0298860294117647,6.896705440460133,108.85679411764706,98.30547688808038,9608.13926653524,725.7463440440637,Medium
440507,0.0317866666666666,7.533002868594464,102.876464,51.59952038720939,4008.731203838805,757.8918440942648,Low
502737,0.0261197916666666,6.719742291512249,53.70888020833333,50.791596015772136,2681.846295011076,321.0561066690657,Medium
206831,0.070389344262295,7.445843293911908,97.52580137587822,47.16856505400471,2379.4597707353773,2048.8960939766143,Medium
181796,0.0742404513888888,7.762052226176603,115.411640625,57.1712301226059,3506.17886594784,1773.0273861735027,Low
250766,0.1146634146341463,7.684807268379396,142.08073658536586,60.340000837885135,4061.9693609412097,3166.2323326091614,Low
573943,0.075439453125,7.149059045047947,111.84766927083334,39.46005040418771,1629.8247261916513,901.1800143669024,Low
564133,0.0528228183962264,6.422735598747516,152.86677107900942,43.73510807764017,2328.589443069006,2863.2558831789142,Low
410934,0.09849609375,7.32588114456033,134.32700846354166,39.93105821119463,1824.7904184928573,3307.680888554796,Low
171757,0.0016178385416666,7.188535609459655,88.53839518229167,43.326904889090684,1974.588952633032,326.2010805500878,Medium
260106,0.09675,7.683384584644268,97.24427916666669,56.74857471210532,3329.702526320527,1488.031715748264,Medium
47571,0.0733250195618153,7.424736168785291,147.36507237871675,50.17940629046716,3413.792970632372,3090.7153707170582,Medium
86483,0.116576,7.669958365216437,96.99295466666666,68.34779573887718,5050.844077934592,2813.1004022869333,Medium
386352,0.0446026053864168,7.829771089885646,105.60538275761124,66.44178938672555,4956.07770334744,844.7604380508051,Low
320706,0.02736328125,7.6957315309772785,116.35104817708331,59.755387338369886,3596.724794271925,722.7901542215877,Medium
432468,0.0304596018735362,7.4107668742505215,99.54937792740049,67.24472175767843,4514.333576613167,811.6296471863276,Low
466567,0.2060221354166666,7.620335849993198,82.56241536458333,58.80891049220856,3568.1430581473846,7525.083066041215,Medium
530836,0.0832435344827586,7.681960652697149,152.32486530172417,66.14789249315307,4301.659646702331,2992.0674252526965,Medium
148707,0.144091796875,7.434471146761519,118.85782552083332,52.10798153395,3066.633822401749,2227.7061917639417,Medium
508370,0.1230788934426229,7.70818004667287,98.29732142857142,62.66962152734202,3991.288914641447,4894.431585906349,Medium
14439,0.0986579517326732,7.268935212387252,113.92367342202972,41.55091937854989,2756.9072075661825,7257.023505036019,Medium
210915,0.03716796875,6.918455114117427,182.339580078125,52.82990554976019,2853.9861049491524,1423.0890957318518,Low
570448,0.107266916322314,7.718013906827804,160.41890818698346,59.16457184862479,3500.4465620310853,5745.068838459538,Medium
98853,0.0949026639344262,7.652370695323213,119.02954112997658,64.30123950411402,4674.276569707818,2029.7019203158843,Low
259597,0.0592397836538461,7.111125545209104,65.37315204326923,75.27663801545587,5352.529163362193,893.3011454348342,Medium
13348,0.058072306791569,7.718918903124273,124.85224677985948,56.12199571627844,3665.545832795417,2078.3823176908545,Medium
289417,0.028448,5.798283666941138,132.02312,37.59357056907825,1480.1619624800617,1259.627733151289,Medium
48555,0.0238440860215053,6.1541195905171895,202.7197715053764,51.77993362060483,2858.601909416513,1049.7178629032258,Medium
190753,0.1191095711297071,7.745905723963484,101.40146443514644,72.03777642435288,5287.187559446261,4800.332980491625,Medium
105014,0.189604069086651,7.753087492513844,158.56924399882905,63.31252092804348,5332.0978090703,3351.5137659582183,Medium
258388,0.0114558823529411,5.672330394910661,23.64416176470588,32.544631974056394,1099.2561647590337,288.41584925171657,Medium
500478,0.0488316869300911,7.554122356874702,104.21602393617022,55.794298472995,3407.3938078571096,620.6274837939172,Low
535156,0.0320915841584158,7.38873934235391,93.51261757425742,46.11765888297372,1965.6270906147693,938.8041674852552,Low
273712,0.0347884114583333,7.615930416501866,99.57073567708332,68.58456337765497,4613.561182747548,1752.3646927123602,Low
407524,0.048994140625,7.503286516873729,121.90123372395831,47.26504604784606,2469.227158645104,565.0124996254814,Low
523241,0.0539399399399399,7.516018054036725,127.69415615615615,84.08226475500032,7304.95530911547,1966.0516695605515,Medium
102356,0.0617901053864168,7.642007664335547,99.30310304449648,58.05510590092285,3835.8807226773256,1405.9743977404855,Medium
290081,0.024392327737195,7.5903299210275215,134.6390170447264,55.91711885489251,4080.482622431585,224.9584212124116,Medium
396274,0.123291015625,7.546793160650695,137.39234375,49.43733287188947,2572.197612909797,3930.349386213133,Medium
288685,0.0979680332568807,7.530057649535507,125.134375,58.06641109381393,4016.522086056952,2178.032545496544,Low
565962,0.0232173653704015,7.69771034288089,135.30745341614906,87.83836895836608,7114.109585676037,175.86141738025935,Low
284743,0.031860294117647,4.286062659697467,32.668110294117646,59.57798192373994,3891.351747824503,897.1222054484754,Low
244592,0.2281604278074866,7.689042623908453,90.86608556149731,73.28434047531417,5361.434515695902,16851.809367258888,Low
521231,0.1316369398584905,7.737716761204962,88.00123452240567,64.5601377157614,4449.085470333636,3572.433962253504,Low
180878,0.0351141686182669,6.312660032201173,59.19545887002342,69.7778977035013,5008.0156862822,1085.330945890661,Medium
558213,0.03984375,7.590649469889557,156.98902271412038,57.80380232633747,4042.9073370430488,1389.6810826713656,Medium
565989,0.0633528645833333,6.457048209707256,124.269658203125,93.12507904750755,8629.485104956706,2713.764543670612,Low
319721,0.0696549479166666,7.767289677274187,115.15352213541668,78.94069404144864,6268.405067759147,2252.372238728672,Low
393115,0.0356994047619047,7.398983817109685,96.51561259920636,46.88073292240624,2357.7799077222803,1774.679062249007,Medium
461036,0.1434036144578313,7.4576790754655935,76.06204819277109,57.31469306895082,3190.681821730416,6780.301504782081,Medium
117525,0.046044,7.384394654053989,88.410396,54.59300668696664,3249.487918574699,849.1217149267039,Low
453302,0.0496,7.84203400691587,123.73814933333334,65.99307636079484,4458.737894408675,1642.488885071189,Low
131556,0.0437610294117647,6.665704606461957,193.9353823529412,82.11902369427479,6877.933773816113,3403.4392053049173,Medium
259640,0.0820330796252927,7.719715684936112,104.91604215456674,73.90483319381566,5684.650275055999,2902.0170827013426,High
409424,0.0634375,7.048181278369888,56.672529296875,58.1307138145545,3694.486233589812,1438.234093479315,Low
175438,0.1398404113247863,7.853777542896839,108.6108874198718,64.70174528043904,4663.231893694598,7495.6593034217885,Medium
499031,0.0697819086651053,7.710804702649909,127.40930913348946,62.43834459818781,4656.011379223593,2316.193449750978,Medium
50145,0.10216796875,7.37091535994619,155.71981119791667,83.57362033782313,6984.550016370605,1785.2142186523438,Low
562561,0.0531608072916666,7.464921698296285,118.76299479166669,76.39696305448201,6482.374775677362,1476.4551966537367,Medium
555412,0.0507794203747072,7.73938288319746,106.82335333723654,58.48419792728419,3527.763964772956,758.8771591152998,Medium
125936,0.1155902140672782,7.635456386001573,82.37245259938838,57.66969445268548,3540.907063109553,2318.93465438577,Medium
575081,0.0448953454332552,7.642009423535764,102.17283738290398,75.70458997672922,5890.07136840293,1076.4336832483357,Medium
500270,0.0384485294117647,7.664387243386415,131.44021323529412,79.63713223085404,6264.819716885412,950.8879416387869,Medium
309495,0.0111411042944785,7.248133137218057,95.57983435582824,44.59510778937044,2219.036610991343,351.71220245093906,Medium
177714,0.0628361858190709,7.168498141598263,90.2575488997555,64.23997384868807,4161.776008883652,517.1853862264668,Low
452122,0.012591481264637,5.520653419519455,161.5486863290398,18.233442473394643,322.14119827238846,278.15047095571344,Medium
404839,0.0569489168618266,7.364579186862052,85.43176229508197,57.64609442551095,3280.914627779405,1515.6291600691472,Medium
369812,0.2005028453689168,7.884535139693261,128.3986092032967,67.75970105785234,4935.054737896752,18919.20711522442,Medium
216277,0.0097526041666666,6.795310378255487,132.60963216145834,32.848134603581485,1383.704129691774,430.3708386552176,Low
119365,0.047919921875,7.676964091248248,106.92556966145834,66.57122969824249,4656.81853840432,1223.5238292317283,Medium
426166,0.0599759036144578,7.161676373381968,85.26912048192771,51.23098702931198,3229.9937603129024,2365.8386839990926,Low
184384,0.0750065104166666,7.766775079413723,108.406923828125,64.31347339604454,4578.726933037719,1260.400498189248,Medium
449603,0.0430714495305164,7.388832472410172,149.46378741197182,66.81820112395944,4578.105521004537,4264.467612968999,Medium
338718,0.0763550561797752,7.616971863012002,122.10204494382022,57.58151240718763,3413.564314727608,4436.854666167282,Medium
455872,0.091392,5.814524087469541,166.27913066666667,93.12751659635435,8890.055012552257,2176.081367818126,Medium
332570,0.0622923076923076,6.310444255215038,152.28833846153847,88.21078531306125,8070.332988149297,1518.4171733995793,Medium
323496,0.0578090452261306,6.532559802530567,139.35723618090452,37.21615038726784,1640.9950836087307,2431.695822909497,Low
491497,0.0821173333333333,7.314120756614271,121.45618666666668,40.34213460380874,1718.6223247996968,1446.5277976916195,Medium
493019,0.1362278183716075,7.747007188047842,116.13531445720253,62.60632195776312,4096.29292843752,11258.589467789963,Medium
458410,0.07201171875,7.597567878293392,110.29471354166668,51.28760078409571,2715.834783974294,2017.020275998264,Low
177357,0.0846551452020202,7.374980228623076,124.61526594065656,46.45630689017408,2165.2380821506654,4585.650858179082,Low
230450,0.1231868489583333,7.612427330704491,84.73527018229167,62.46865015436136,3884.714497195386,5702.7558293170505,Low
476119,0.0781432962529274,7.1811201607536645,182.3027480971897,76.31976357867975,7450.270644560253,3031.5160596983487,Medium
276434,0.0353227459016393,7.836507908559801,118.88519467213116,63.387213592029084,4354.960572431676,1029.071001668376,Low
180487,0.0870242974238875,7.546468611196439,113.4677400468384,78.72058969039858,6639.194274501421,1928.3678798128567,Low
275791,0.0920264929742388,7.615737956465845,105.28456528103044,54.11673154091154,3242.7526288268527,6350.588663706816,Medium
260266,0.0479808194154488,7.446659671858672,107.62000260960336,51.49842500885321,3628.568992542133,2343.2153568516687,Medium
406417,0.0328180017605633,5.270247988243317,200.2410458846831,65.17431307940112,4167.77545574366,1392.5616668725313,Medium
506178,0.016592,7.862521293558961,117.04493866666668,69.2783106547995,4551.430322804423,212.2476141648782,Medium
459272,0.040751953125,6.118752471254574,117.99751302083334,97.9379065300132,9635.592338566828,777.8723902869225,Medium
255965,0.0452246779859484,7.458846361819554,129.1197379976581,54.59682356862727,2971.320988769067,835.0558758030508,Medium
180792,0.0078133333333333,7.442895892461745,132.70336,51.86531701156757,2969.388991053293,126.96894884895288,Low
505451,0.0105983341832398,6.9450617926977145,154.1907190209077,42.89489091221297,1921.6348805052348,288.1763317373352,Low
415194,0.0795768229166666,7.803734602182011,123.74103841145832,65.06173019849459,4311.455054888739,2980.9894243019,Low
530061,0.0383276098901098,7.568807023664642,92.78743475274726,55.1317252327735,3302.7479907528736,1352.9517615984516,Low
23230,0.1318912760416666,7.453017659479867,138.41025716145833,46.601235351942094,2844.8591158556724,7805.461016895707,Medium
46872,0.097346547314578,7.79347588287144,92.95461556905371,66.79559312608465,4577.357713549606,4682.27224008352,Medium
78748,0.133271484375,7.848181457366841,120.516591796875,70.67777663543855,5824.015474747163,9557.8697482426,Medium
311392,0.0675314695550351,7.543274444018358,82.08116949648712,59.54571973039484,3615.6988199702014,1225.436670892444,Medium
78565,0.0297094188376753,6.763688701024191,146.64834356212424,27.12409311486393,732.6091970511234,1007.562935679638,Medium
472298,0.0781048126614987,7.437735912973404,96.9188024870801,53.65095495747404,3183.2479652795023,2183.6355185420443,Low
338304,0.068860294117647,7.569877200909018,79.43966176470589,53.77625951326978,3038.444506417316,2879.2899636266084,Low
359855,0.1181556372549019,7.554753550885656,135.65002144607843,47.99322619623086,2519.37393115001,2222.042973492429,Medium
87038,0.06064453125,7.213303204557965,147.17916666666667,64.53407183768422,4269.27567596817,2207.548016086568,Medium
36539,0.1286007025761124,7.671227394614401,143.83294423302107,67.08598288640921,4446.411243190693,7140.155945823924,Medium
22892,0.081251497005988,7.536121625561237,152.05488023952097,78.5690410766494,6345.910813775156,2211.543798094446,Low
130579,0.0237636920103092,6.3161726109484295,104.15913740335051,41.70173360768209,2706.643190523728,1113.283737084276,Low
23126,0.0329183703271028,7.610168676876717,117.34921144859813,66.3158089824013,4397.786520990336,1168.9928080044212,Low
463842,0.0534537760416666,6.929445775733877,89.87063802083334,82.89738725469839,6797.622817247902,1265.3361644235824,Low
172396,0.0539752492877492,7.484072139927941,71.67377136752137,68.47787040450193,4682.447191618432,1448.4904982901414,Medium
446703,0.0366486486486486,6.857487701711715,94.11693093093092,30.854853505000627,1411.5002698098222,868.6355494153253,Low
309452,0.0378125,7.457631167731794,112.11412109375,47.01282727297815,2256.052705674119,407.9654672519261,Low
518326,0.1259309895833333,7.551604157399449,80.63931640625,66.73681365384563,4626.694428314396,4571.637945894018,Medium
425226,0.0381770833333333,7.430253842529664,86.095693359375,49.6021646631006,2991.446064317142,438.20581319173175,Medium
293300,0.1144101288056206,7.558854148073804,102.1268662177986,49.47020493818016,2982.4845262813656,4445.801859043054,Low
239627,0.033635831381733,7.846320457905868,129.30702210187354,62.0497670496237,4095.907733635576,1070.5299772947435,Low
91779,0.0638020833333333,7.797998356443497,101.48043619791666,68.789434297016,5233.739157189136,1229.6915330184938,Medium
15751,0.0132903981264637,7.079351587064081,117.30664885831382,41.33158667155181,2023.3705611709647,107.19974979981242,Medium
84170,0.0393717447916666,7.1643833981902105,61.20554361979167,43.40429247592901,1974.9552170027096,1462.669499826389,Low
60102,0.0600694444444444,7.429007179278987,86.3216232638889,57.36547787242499,4752.974521988901,2481.894872085665,Medium
134886,0.0105045572916666,7.231999963192795,149.55797200520834,39.55122846512835,1755.29075152708,694.4564055982802,Medium
304560,0.129110294117647,7.636532009645482,126.55081985294116,75.17387764761003,5346.997558581697,3551.086659112835,Medium
446574,0.0187609521028037,7.136459488242083,106.79995254088784,37.97347949945652,1546.2417007171782,144.16909635906504,Medium
128372,0.0706235362997658,7.538900484593568,166.52090529859484,76.80665038494328,6358.479828851824,2145.671845527701,Medium
239318,0.041024,6.982726474635999,64.75279466666667,60.43835668560575,3347.1588687755,293.13547322740624,Low
437239,0.1538198529411764,7.735931827666965,110.27583088235292,68.15427788330626,5069.637100216168,13679.917382811363,Medium
21503,0.0093391927083333,7.016979821207872,101.537734375,47.06386827716878,2425.923292166608,80.21556682153279,Medium
211042,0.0667337609170305,7.265602044553244,88.82264260371178,41.83415791299702,1692.3947701627876,1116.2260678186888,Low
290768,0.0425210389166559,7.4770321474423325,119.23824170190952,75.98581186687184,5295.741284081259,608.047910325654,Medium
270122,0.0340237119437939,6.70967841793623,160.2473067915691,37.96481648521426,1469.130923043309,891.8938052981749,Medium
147729,0.0153493333333333,6.195102359374363,33.145237333333334,35.9215076815688,1312.4456096366175,431.11868224,Medium
97988,0.0960447904652056,7.756534495307746,118.8274835533342,71.76808304124792,5744.260515608929,7308.128595718791,Medium
377635,0.0845616217798594,7.800532927366203,111.82271296838408,77.09297351102077,6342.559557369089,4606.591142618978,Medium
576052,0.0395857728337236,7.535473299043212,120.05334089578454,48.19072079034857,2830.961418458692,1878.4907857137284,Medium
365521,0.0649897780373831,7.284412353749502,172.1720210280374,62.362719160775264,3889.1087411257263,2670.292811033842,Medium
410735,0.0732452392578125,7.689301648974156,103.03124389648436,64.41647864738259,4712.384941103763,1865.5169280964788,Medium
56288,0.04125,7.679329291952863,124.26255859375,68.49614825671354,5166.201268664859,1153.0313874439555,Low
581206,0.0519539405010438,7.6452187182208595,110.5866649269311,66.9058557942112,4731.252187859452,696.9909695568098,Medium
348243,0.0669716042154566,7.320847908301075,101.22707845433256,40.045738835007405,1492.6769818037203,1949.301791909504,Low
239274,0.1084660068846815,7.857673968909176,119.54857465576592,61.74089904686807,4035.802213484549,8847.848648163284,Medium
164637,0.0394401041666666,7.090557218115452,88.3100390625,34.65645648418402,1224.9407759092437,1516.1079458785057,Medium
26926,0.0529366134751773,7.561172656322085,97.68380245271868,64.88772986739446,4837.624539783185,1687.8330560094278,Medium
104803,0.0283626666666666,6.762054433854237,46.60578666666667,54.03977560878489,2884.507053974025,935.415332596025,Low
319369,0.1543583622685185,7.266085259041516,148.4507197627315,81.04719450934455,6858.851701719352,7933.049652490969,High
343076,0.05865234375,7.661176418877194,104.49266927083332,68.70168490481446,4915.025657142515,1511.9687923061688,Medium
193743,0.0233240632318501,6.598429673614402,73.44792520491804,42.78976021432375,2812.0635301332786,509.5935385598967,Low
131131,0.0527864583333333,6.9869734471116605,162.660478515625,86.63321683780914,7521.165417503856,1852.5692941019693,Medium
428867,0.0381441441441441,7.702076355961918,130.15798798798798,77.67289999832636,5905.4259583158055,1317.5558614791728,Medium
90108,0.0219889322916666,7.505010946885081,117.71568359375,47.60263832919229,2663.484250189544,481.6480594998572,Medium
185157,0.0440654342723004,6.805508277583496,165.32532276995306,47.50540296873726,2553.677295606223,966.4092102945408,Medium
95155,0.0189732142857142,6.077266303507436,177.5929486241218,41.65257888845694,1749.8407543930136,1420.3727116124471,Medium
331317,0.1452995867768595,7.669857621498701,88.33757747933885,74.70794976180781,5901.030444334902,7071.140779811769,Medium
133645,0.0650651346604215,6.943817432083122,61.957369730679154,41.59608083530057,2006.1021358659589,3719.3963054645874,Medium
20333,0.0818062060889929,7.492859898655657,80.46704478922716,74.91684171037954,5650.788256083611,1988.174221921636,Medium
500826,0.0610365316901408,6.850845383882172,156.82442414906103,50.69371518773196,3786.9710603194094,2048.418490329763,Medium
513567,0.0594954427083333,7.7711179285105185,108.86949544270831,62.2239671380656,4200.680048753619,332.8444134391679,Low
460229,0.0502366187989556,7.269769994207706,109.57070006527417,62.1748005935736,4575.540865419262,2385.258202922599,Low
185599,0.0029427083333333,7.762636755503101,125.29479817708334,72.35736603522561,5482.588979685702,109.45283658239576,Medium
206994,0.133902956674473,7.622980662935517,104.01374414519908,74.94217077646361,6325.907950456996,10605.504992589362,Medium
442463,0.0471484375,6.2705936415917085,197.2143001302084,73.65537818965757,6311.857986407573,2202.4481120638425,Low
459809,0.0011499707943925,5.156737392858611,125.06219699182245,11.041036214379773,150.2365803191221,11.507188194102309,Low
257624,0.0391362028301886,7.286933252792987,89.53458136792453,53.59606176901303,3191.7098793135124,1085.4031781544725,Low
264968,0.0616167664670658,7.468341293622198,133.04850299401198,53.42414013585974,3081.28029693516,2933.545310903044,Medium
248616,0.1790837236533957,7.90299143446256,126.83950892857143,71.9179320416271,5626.492270226231,9820.171312214425,Low
358427,0.0173411885245901,7.183218377476441,82.52890076112412,38.231130150438005,1485.1993455421357,204.9256531027312,Low
189806,0.06186,7.7453044565538915,122.989015,67.61814020164837,4960.834166984458,1479.726714208775,Low
519338,0.1080215669014084,7.484706657949779,114.20765111502348,63.94613045299257,4785.915460497737,4271.420086056046,Medium
152686,0.04430078125,6.740433907619134,90.343171875,49.88448710146982,3603.3676022725376,1406.3760653085938,Medium
22396,0.0037563131313131,4.57398347604561,142.25802714646466,15.839175665239448,299.3213752250481,126.00485398297208,Low
80666,0.07403564453125,7.668441845079841,141.561904296875,68.09823213282296,5076.177901889239,2370.4012914928853,Low
491757,0.006090161795407,6.3017613765424585,176.59363909185805,32.634893995448664,1192.1116228667236,68.9012357019066,Low
23666,0.035712890625,7.242507342020966,74.32605143229166,66.85366401054901,4466.710709881401,552.3945135154618,Medium
327780,0.0206477864583333,7.174758333572759,167.31490234375,37.30652751688459,2183.1786142533974,610.6888196734958,Low
345385,0.0382877604166666,7.750998566334941,112.989501953125,64.16413054234081,4142.508184288494,832.3555670440568,Medium
290833,0.2666642271662763,7.798128098373099,127.41066671545668,57.34448515509095,3531.616062619001,21236.93218800197,Medium
112997,0.032587890625,7.543965251409384,93.233671875,66.78202230333838,4666.570431414975,1568.9035915520565,Medium
271997,0.0116451075819672,7.405331413432251,126.62264344262294,65.43620721928967,4134.754900037267,112.38934327663512,Medium
547854,0.03973388671875,7.200469930346214,168.1974609375,76.97392497066197,6180.998324348145,539.6341790914475,Low
92177,0.034854233226837,7.1955447067795575,80.8794179313099,71.17883266638374,5887.8992901748015,1083.4515699878632,Medium
208363,0.073857421875,7.88403530195786,118.500126953125,69.12947035714134,4991.384827324274,1336.1186731115977,Low
549167,0.0470437206572769,6.490542834458354,212.44844850352112,50.17080747940678,3196.9846499206674,971.1597636296297,Medium
97337,0.0569866666666666,7.597145340120146,83.57355733333333,71.31488658047056,5010.694676602861,3296.020601562766,Medium
96427,0.0268406030444964,6.578811389285905,121.2640588407494,42.278805543929,2007.6696821385888,481.973738552416,Medium
334006,0.0862455985915493,7.7692509801822,138.7803953931925,64.97109377267226,4300.187287942637,2499.370847817375,Medium
422886,0.0207666015625,7.424167277342638,90.889794921875,74.27087747282204,5689.660324715827,417.1336366667212,Low
179765,0.0853255208333333,7.504833949401852,108.77044270833332,48.425881187794886,2406.479821176395,1622.4243212178123,Medium
243075,0.0038448952879581,6.286223655484126,139.0086632853403,21.6421153277436,512.7179037579314,239.55025899432923,Low
360951,0.0838078161592505,7.735998409288109,106.75585846018735,75.4698192086731,6616.562231772857,4171.781508531932,Low
135890,0.013237441588785,7.484891784247323,95.0600102219626,86.697134189288,7947.242921082288,1000.1698171081864,Medium
52507,0.0334760273972602,6.8281037954671,129.43936572488585,32.03264966032216,1097.797414031552,1341.1523862680538,Low
525155,0.0454335387323943,7.220047747778522,111.29137323943662,51.57656886987405,2838.338015822008,627.0178319601641,Low
267940,0.0241927083333333,7.74171594696887,110.410361328125,68.62690978150266,4761.291691656071,559.2431893147364,Medium
412362,0.0426728456913827,7.484144170221372,93.29001753507012,67.99548255653374,4771.687132366601,1124.2566127256628,Medium
133969,0.0807194086651053,7.530325296239835,102.44056279274004,60.62738975472489,3744.006196240452,2147.837098383912,Medium
458790,0.0485813333333333,6.091571040292585,85.415152,91.64698728354485,8437.347880651045,2403.126905226126,Medium
53624,0.0683218676814988,7.525468861630461,145.7607106264637,55.42920574872168,3091.6365354820105,2743.7172566656204,Low
23751,0.026031976744186,7.423362542001306,173.86604287790698,55.41579015902185,3262.331231047513,534.210853617546,Low
314294,0.2151475694444444,7.833272767112525,99.67822916666668,69.92900564036543,4800.90397573467,15821.023224339444,Medium
191580,0.1127516997907949,7.872841660935749,122.67126699790796,67.69308783338795,5106.351060598365,1643.9054711556323,Medium
222458,0.1769310141509434,7.815442932066066,142.3743293042453,78.19840943475916,6114.991238126229,18879.14846199397,Medium
565877,0.0239132025761124,6.815679351915364,99.8296875,73.45402314604488,5772.961458148292,386.6233269392142,Medium
150930,0.0585386253041362,7.018457248127459,188.31190693430656,55.34367024901079,2988.58197005153,924.753601334314,Low
19786,0.0283626666666666,7.256251089167716,83.60646933333334,50.65635331276548,2632.6780026684496,307.4659372544,High
98261,0.0489293981481481,5.331502737346646,155.9,67.76881687405543,4873.004608152483,676.0760754235455,Medium
466602,0.0113541666666666,7.375836277203239,96.27557942708331,46.5256173134332,2237.3701741796813,280.85823857742946,Medium
341058,0.0824817200557103,7.601327648594469,101.61715703342618,61.8419743313687,4318.991294404424,4243.212420587759,Medium
400082,0.1034982332155477,7.376046710418551,98.89871378091873,75.4848054055178,5964.650622573172,5744.50301942584,Medium
303713,0.1186109484777517,7.10941851650617,60.44621267564403,60.71893858592245,4026.8318212907934,4863.239634085225,Low
88970,0.0338678678678678,7.160499720297851,67.4460900900901,52.58807678978516,3088.502875510838,1524.4562442879276,Low
537991,0.0580826822916666,7.552302836559294,88.99975911458333,57.49600003020405,3581.0602897519425,1915.932467402098,Medium
556193,0.0399819819819819,7.122499909203253,60.304810810810814,53.66487476984649,2744.944247322133,698.3301257508319,Medium
345252,0.0520159185803757,7.526676116068849,100.225130480167,62.43636652051111,4050.049000690182,1483.9869388561046,Medium
437110,0.04751953125,7.365081202470775,133.757802734375,73.97225991524728,6216.896644232506,1471.3858322211263,Medium
15440,0.0646697091584158,7.807876575018001,138.73572478341583,60.62391766954451,3590.6214774225155,7380.022257226294,Medium
289343,0.0907933601134215,7.546826999704493,141.80382502362949,52.038696035373626,2708.0258850620107,2624.8841688637526,Medium
521141,0.081488,7.656066140313739,121.13877333333332,65.72359256230055,4382.321112037633,3638.9661239325583,Medium
357567,0.0925358072916666,7.718314654540082,128.17244140625,55.99114179291141,3016.0772377170383,1755.1845552202751,Medium
172571,0.0701134002770083,7.652218665338887,120.11667676592798,56.499633734396326,3815.0826814197694,1192.5477621583907,Low
94751,0.0752693333333333,7.03731315226959,136.562,46.64720197396624,2789.368139193713,2982.039172445156,Medium
84431,0.0196546052631578,7.127574266177812,133.05451004155125,40.410489786920486,1965.82164488128,130.32239952362144,Low
43816,0.0480927230046948,7.432209269624712,97.08326731220656,49.36731924813424,2724.8457126043886,3240.5534034325105,Low
549930,0.0270665322580645,6.714710291878726,59.25185931899642,41.54852366151576,1779.0852223866257,411.5445115960226,Low
497344,0.0478558558558558,7.360566032965484,83.56201201201202,71.28501574542634,5338.191404369979,1478.3358500437373,Medium
344100,0.0242242388758782,7.152308219399939,69.25959089578454,60.407346545717935,3731.7323497307393,620.5894428849766,Low
499313,0.03336820083682,7.478329633500534,99.49917298640167,49.062068289240926,2554.0534720505616,1216.7317849964331,Medium
508639,0.0453515625,7.0360069637727705,140.77865559895832,83.90358259735845,7097.253243004729,1964.5307569903905,Medium
271402,0.055995725235849,7.520632811938627,146.21279481132075,64.92213071908901,4599.57140913477,1678.8062629014717,Low
537672,0.0376463700234192,7.425343693113061,97.30881147540984,88.99176973427109,7959.540023679092,939.858920593009,Medium
347544,0.0491666666666666,7.419818562843396,138.363671875,67.19545991070441,4754.88696377353,2594.4049126098525,Low
445602,0.0333821614583333,6.87563151222697,154.74757486979166,73.37682960819794,5504.952349021466,1634.9577181175125,Medium
221502,0.0889404296875,7.634506947367069,131.49060546875,54.02398447051928,3119.744621197629,4141.833635655188,Low
445675,0.040166015625,7.230397820396372,130.96710611979168,38.89051022847588,1529.102123517884,2036.962521227424,Low
580410,0.0472116510538641,7.72286865884515,133.01288422131148,68.39222517089974,4671.738126144154,2149.0548001354505,Medium
292456,0.0971093333333333,7.407429693474533,133.670624,92.3908147352897,8396.77919809663,3644.839454779705,High
147205,0.0991847826086956,7.718960469951102,103.14913472540046,77.28621676616018,6226.039966756192,2177.297796716278,Medium
370818,0.0279131355932203,7.759838637576338,132.22420550847457,62.33671713893055,3673.172419320355,882.0260855103414,Low
577862,0.1731869103773584,7.551530347122345,102.7032760908019,47.5485383476296,2637.7205072377965,3659.9119345569575,Low
360097,0.08003003003003,7.657767517795844,125.75362762762762,59.442795907820624,3531.8820352973635,6991.332226849407,Medium
390301,0.230054945054945,7.774500426636104,145.36698901098902,78.7595225036305,6363.002268634857,28872.381140656325,Low
87875,0.0984246663244353,7.700714662392538,127.76207007186858,55.88386634977399,3888.908027212936,1289.0231067063196,Medium
16010,0.0726944002123142,7.779509739039597,129.22022956475584,68.62807350443632,5136.847961026017,7546.249684780823,Medium
355240,0.0564236111111111,7.63999999179762,130.8774001736111,54.69271633545572,3048.396622877766,817.3611392927759,Medium
339823,0.0862086776859504,7.048334309445229,109.45674070247934,58.16661145838336,4383.9646202438025,3263.4183750742623,Low
123321,0.0350906702550301,7.382570457971249,95.44186797812807,55.244868388701725,3087.627131728031,203.67356570750155,Low
296284,0.0593106995884773,6.970040505052547,96.66675925925928,33.00351318734834,1347.3157631754275,982.0912341292824,Medium
534827,0.0404198171643385,6.488076548909371,154.6909415182195,73.22744149310769,5199.266462314809,773.313408939344,Medium
92416,0.05177734375,7.736441639665187,131.99728841145833,87.01374511162253,7951.788838902176,3008.166741531785,Medium
1503,0.0669921875,7.651849962615515,119.49391927083332,57.29107641669047,3370.500502829658,936.735063720025,Low
545826,0.0561981981981982,7.430631006945768,100.54677477477478,79.93690810624283,6777.060670445353,827.0729846096908,Medium
320642,0.068834890965732,7.366473442806994,76.09028037383177,56.2199084391447,3010.428157136376,2275.34875275896,Medium
134722,0.0490983072916666,7.560483744302314,130.13705078125,89.91541728346948,8332.87829055298,1416.8351885375555,Low
100283,0.057646484375,7.045463045578801,66.61739908854166,54.69995911652807,2951.288968027888,880.3083457641177,Medium
163290,0.075556640625,7.229259041858795,125.84134440104168,42.92958155259759,3487.7463641983104,3024.4021400324395,Low
356498,0.0556742857142857,7.843504010969037,120.48945142857144,70.81223947988238,5231.659985261323,1844.543719717584,Medium
383606,0.0213834635416666,7.385586869723315,111.20630533854168,44.66008169598064,2114.5106545473136,439.2907388847245,Medium
74092,0.0474457831325301,6.890373842926906,58.464861445783136,40.58487796579996,1611.1753365555476,2172.380531689324,Low
309938,0.0462141927083333,7.708878928294549,117.049853515625,64.71702012348405,4542.534930398411,2154.179979716142,Medium
535253,0.0853971762997137,7.390705483207097,120.59578046905035,75.33538918525693,5762.623399512978,929.0361986842668,Low
555009,0.0611786666666666,7.511151780622939,108.15053866666666,92.33341280080128,8654.538858593716,1377.6160766527717,Low
116206,0.036162109375,7.648674712258358,99.28299479166668,57.45054931915698,3539.949011087725,784.6357259000036,Low
581062,0.0297866666666666,7.13418265603794,143.30317866666667,41.31474038842244,2111.3882750209705,551.8082416506595,Medium
185802,0.0393001302083333,7.363650975117038,136.042470703125,51.38243296052164,4428.07506071421,971.2725926317744,Low
346707,0.0218138138138138,5.9981489398023,60.5573993993994,26.279990953730707,662.6096720430461,288.18395016346074,Medium
541055,0.0880598958333333,7.721434703125222,160.45171875,73.67018217594935,5604.559121509153,5562.911460004265,Medium
392933,0.024061684073107,6.761873794402909,99.83113169060051,29.06975347690757,742.6032394785619,1005.8131527382524,Low
32817,0.0309244791666666,7.78689877332204,113.37977213541669,65.74498543892716,4194.550253621794,434.71465895096463,Medium
524742,0.0534602864583333,7.553532993524048,101.75602864583334,54.78072045388866,3679.019823447763,1065.78673534885,Medium
55950,0.1081976232394366,6.653338651265504,116.14273767605634,34.65626306905049,1373.8747877369,1375.5841316310425,Low
58029,0.0176843619246861,7.481819205332786,101.8181321914226,55.65389764688125,3069.3165669148348,383.4245297838142,Medium
443844,0.0436990093240093,7.307067779154038,141.5030303030303,52.02401132661631,2695.5974587333617,6143.673862682716,Medium
12576,0.0863997395833333,7.870578761132354,117.65871744791669,65.06749218496496,4612.977358861704,1249.1468419811565,Medium
181969,0.0077825043630017,7.251330452278309,85.68485765706806,40.05389095473078,1475.312426992659,471.0835792030619,Low
404534,0.0461191709844559,7.737798223683186,124.173689119171,84.71948536178398,7811.070117244623,2546.47284451545,Medium
263969,0.0552100409836065,7.18992158674872,79.37622950819672,76.2799119542662,5987.963652646705,1241.171546874206,Low
110784,0.0546694572748267,7.637367900360367,117.72147084295612,74.4274921367746,5681.709450571248,2141.609199541152,Medium
110972,0.0740150154004106,6.946850409218661,47.51934676591376,44.36078405987614,1951.876540143232,1884.6711723294889,Medium
546325,0.0253678385416666,7.435391502041908,99.55466796875,52.80250527670564,2863.326476959646,956.9248366406651,Low
344795,0.0674991343490304,4.493693358344941,27.814382790858726,54.09299066948365,2956.93487006282,2269.231916549373,Low
357742,0.1080747377622377,6.911939014847605,160.9675080128205,55.570102331089736,3145.0084808212346,10484.017237911185,Medium
147223,0.1297743055555555,7.699372007556986,84.59054253472222,60.047428852296655,3775.3417875713135,4188.375651160346,Medium
450202,0.08096,7.876648768191061,127.19058133333333,66.65151288171973,4680.957317679276,1102.5716012626774,Medium
23899,0.015297794117647,6.826298115792426,45.67409926470588,50.76681797289532,2654.52091224444,104.09283359525033,Medium
152465,0.1906068313953488,7.753818366710127,136.3303112887597,58.76273414132917,3507.052885411744,12811.724485492668,Low
7795,0.0646552985948477,7.834642050822988,123.26900614754098,62.93796596316228,3989.435718615672,1900.9154085492755,Low
57150,0.0849479166666666,7.364219057474711,82.433671875,56.92660297805851,3452.726461404249,871.2420725260417,Medium
33368,0.0323441159250585,6.355434841500492,110.09247292154566,68.36084270985232,4799.103443071051,893.0155558126874,Low
28993,0.1829024093297449,7.914906243129197,121.36213902772438,80.91065873534872,7394.912205820806,6681.489223887597,Medium
476514,0.0456132629107981,7.529141155473816,79.96849691901409,68.07134318265554,4955.240628966471,1838.273662859894,High
547144,0.0570279947916666,7.812014167517646,144.71653971354166,67.92381736932347,5066.463864998457,2241.989241096327,Medium
570756,0.019348714953271,6.459536781263151,144.16741384345795,29.678794391061235,1375.1826549501263,918.6606179819833,Low
252716,0.0657093603286385,7.385775436611147,134.25734301643192,70.59307351773171,6320.9096505613525,5140.293686914383,Medium
223090,0.0773958333333333,7.700094862293357,140.65032552083332,54.98921934966619,3705.967775939355,2147.028462422519,Medium
409198,0.0395491803278688,6.727059611148965,134.0689475995316,47.83189387896105,2196.406198044203,1187.9251512889623,Medium
509719,0.0351544203747072,7.4816493237227295,123.52781396370024,46.95500294556072,2124.278232914207,941.8841370393284,Low
145020,0.1676679362880886,7.845335845239628,119.80275709833796,60.96007944996962,4422.573277963725,6028.002301232521,Medium
299553,0.031408,7.477755504520232,102.20801066666668,58.43565282339102,3885.511719984384,620.6118719927182,Low
417085,0.0458810763888888,7.394712108738579,159.14633680555556,75.84169333807469,5983.170892157654,3047.1024413146224,Low
332351,0.0155773180751173,6.436194390533935,166.43779342723005,26.711566260098945,911.4676967826316,453.39195802523415,Medium
316404,0.0427949438202247,6.011497993406061,54.756446629213485,78.9069446468253,7033.0872267129935,2185.7082538717173,Medium
143572,0.2393646816037735,7.837243410680613,104.69450913915094,63.93323346287047,4357.634962997437,7942.670788387135,Low
11149,0.1336533333333333,7.71994393629949,124.932176,53.989861590595794,3250.3109948718843,5185.094788602624,Medium
470924,0.1206087239583333,7.576839309521962,85.65766927083334,78.82033877409773,6566.3378536194805,9703.42280845744,Medium
551780,0.04345703125,7.486455579339708,104.165947265625,65.72136122700954,4312.452426590781,473.30933318963577,Medium
496854,0.0715006510416666,7.5589329585752445,143.8511165364583,65.25469475240773,4361.957768144798,1573.9109672711584,Medium
561223,0.0348543618266978,7.370865999092565,166.20737338992976,42.46234491051333,1869.893872186432,1577.0134687396735,Medium
360393,0.0938487997658079,7.503901716574616,110.64960114168618,56.74392421799586,3243.7167307752065,642.8744193242662,Medium
11813,0.0515555555555555,7.646496872373651,128.9073933933934,80.29923978782675,6416.006181817361,925.4024053799386,Low
349594,0.0658349056603773,6.566709585266522,184.5143207547169,87.30494087150143,7553.516612625125,3056.5852050543785,Medium
105455,0.0513466042154566,6.984149830114314,141.54999268149882,69.18532970972439,5006.403074472575,1275.5635016440062,Low
309678,0.032831508515815,7.193459816793919,70.43853406326033,40.27774807362819,1880.6818119734444,701.3306637894983,Medium
425361,0.041232815682281,6.796777810648306,58.79554480651731,68.28299817952832,4948.670860616904,2210.2222266302188,Medium
468505,0.06041015625,7.358116424560692,96.1165625,66.0544138787946,4665.956474945454,2327.186996278508,Medium
454067,0.068807881773399,7.655839035619427,111.25485714285716,63.302899205618814,4110.497836378955,1910.3849606122687,Medium
161781,0.0898547021028037,7.470862674144259,141.50170487733644,72.75160812737471,5953.894664535831,2724.5467399037943,Medium
498747,0.0529427083333333,7.729773285858416,100.62013346354166,63.09397578367146,3922.159820697427,775.6029562076887,Medium
394328,0.031826171875,7.174876918512653,100.24973958333334,53.00480735552924,3387.0684695504715,810.3946447541872,Low
186345,0.0110607598607888,6.629901449638882,121.86591864849188,35.3936935637965,1523.3175643819343,1719.3956127341023,Low
438862,0.0778578747072599,7.459806169264052,109.23494950234192,48.29455409161746,2777.6630921475858,3671.295464637413,Medium
234660,0.0649739583333333,7.69310220239145,123.72561197916669,80.07340324056749,6547.401722494697,1855.7257390700336,Low
431896,0.069626168224299,7.389949598255402,97.573773364486,53.49746823658422,3927.839200643828,3149.0545664557944,Medium
250137,0.075615234375,7.422906484258848,119.16821940104168,78.36634878667621,6252.5278096087495,1664.481642761188,Low
479596,0.0827248831775701,7.685659451336548,126.94433411214952,56.56960678511871,4843.469391498622,2205.187140746665,Low
214703,0.1322087236533957,7.130304587506524,117.27992901053864,36.33241482965928,1278.3322632704956,2086.5064414443104,Medium
416745,0.033635567516767,7.501578210961917,151.01325878935452,62.392776797251,3716.313063104412,363.7936894850508,Medium
4134,0.051860294117647,7.346030140508814,68.26651102941176,67.29159153805284,4632.289378935328,1233.0742866552227,Low
121744,0.054793867370892,7.65788589155287,94.30939700704224,63.70978494078405,4620.097609559964,751.8821080402283,Medium
491008,0.1290910421545667,7.656624502818449,94.19160567915692,53.76333725463402,3009.616595819582,5048.38121556404,Low
390246,0.0852788348946135,7.117162169272215,181.71506147540984,61.31902924466377,4136.889458858491,1313.5294888455282,Low
487583,0.0267165492957746,7.377046656824464,113.74566461267604,63.610231802118165,4235.087887070788,425.0195289106621,Medium
571718,0.1161482728337236,7.971994560364455,122.4781506147541,73.61905826892217,5443.305532871841,3856.356585204868,Medium
170595,0.0216716861036353,7.597363587612217,144.3195619206288,68.81181692698951,4659.917524019654,311.34215766666733,Low
356612,0.1153432992788461,7.692863571701249,124.1630108173077,60.13462358921214,3613.473318504065,5647.045133073104,Medium
183965,0.0389322916666666,7.038063723880655,59.648701171875,70.73051122882295,5146.007837054464,2043.9288671737668,Medium
419408,0.1212558275058275,7.800027491931642,121.86589087995338,58.86337678212973,3259.3010264167337,1642.2622157409369,Medium
436315,0.0716690638075313,7.420341419208494,77.09893109309624,71.1406991880907,5356.797579902878,2188.8377784769045,Low
190853,0.0160044060052219,7.040845637420942,95.76239800913838,38.52815946248646,1596.0289563560011,139.55012172755795,Low
218997,0.0968724879421221,7.668311005502845,95.41246985530546,59.76045067837466,3958.6333134339184,5560.015263586501,Medium
571943,0.1362467447916666,7.540636297946394,109.65425455729168,65.128387336414,4919.932655756562,12365.00164713474,Medium
523782,0.034873046875,7.556317664016436,116.857958984375,50.81396891584133,2646.975292009227,1200.1451968317565,Medium
200961,0.0307523419203747,6.799472364578628,153.0218237704918,30.010813932313635,1019.5247520817468,1352.683559783242,Medium
576031,0.0441959635416666,6.940700263657551,140.970712890625,78.80941866960615,6298.693842543528,626.2022625070784,Medium
550797,0.0633180401662049,7.590745064180583,119.0854743767313,54.88625175898162,3608.254092398424,1468.378611700193,Low
356261,0.058857421875,7.330268771599517,108.13457356770832,56.00357787102459,3711.9296408896766,2426.441997112433,Medium
489764,0.0192756737918215,7.394603243886508,88.68037000464685,59.12227957405881,3464.9026582544243,152.9950743359467,Medium
171382,0.0886737089201877,7.561220194150824,112.78169747652582,52.01361285618713,2858.2818154463207,1840.3306514290607,Low
195754,0.0522022058823529,7.161022464615685,54.13798897058823,47.75426666570528,2247.219656458437,1338.5972749760897,Low
93437,0.0626861149584487,6.833885526481464,106.29130453601108,51.96550832307265,2913.210872133241,3124.246578539721,Medium
257896,0.0216178385416666,7.296176706587598,97.12255859375,78.22009457637425,6554.83536870927,391.7557551282141,Medium
71938,0.0115592447916666,7.263658093721077,119.64473307291668,60.49296841880761,3784.306572497824,109.73912709448072,Low
544565,0.04160400390625,7.820721604178958,132.2119775390625,66.26110587997303,4506.296819378591,528.0537404811621,Medium
323263,0.0635137024608501,7.6538969582690255,108.01317813199104,54.86503059772192,3513.956448953852,1927.514808744695,High
159791,0.0887733333333333,7.680436061784497,108.26752533333334,60.09398947922628,3779.58256820098,2001.942437872612,Low
349480,0.1330347222222222,7.73009709588139,149.17492708333333,56.44118793624392,3672.191852345321,2766.2282709316646,Medium
133000,0.1272321428571428,7.610397940183037,108.26051302693207,65.46939878756835,4397.780398027479,4514.575375543661,Medium
283717,0.0827604166666666,7.585411836621436,79.796005859375,65.52712963170903,4651.604438083193,2767.3329771582285,Low
500613,0.0658860294117647,7.543041092394277,129.9390919117647,55.912452638546704,3875.7191067639938,3818.56361764268,Low
194471,0.0385149700598802,7.828184455877074,131.44330538922156,73.62493122778424,6224.3054083329625,2296.499129155008,Medium
236730,0.0962109375,7.642992113713444,136.57674153645834,71.08533070152319,4785.753806880831,3828.947822111246,Medium
482719,0.0440787760416666,7.593271096425038,86.03749674479167,59.21118138405255,3631.199625405665,1131.779658149709,Low
336209,0.0742910879629629,7.498804585448474,163.6179000289352,70.12929586176503,5387.783370648485,2577.3549686928995,Medium
109900,0.0987676516736401,7.676508624074396,131.755707374477,57.17470099460356,4563.890253565643,4082.806223758932,Medium
251537,0.0120654296875,7.360744310469538,110.0136865234375,42.72583516344006,1900.7443141614,499.6545661617279,Medium
350488,0.0842542447306791,7.2583132562434525,121.59990851873536,51.958960024016505,3278.809506352702,2361.063034267725,Low
342006,0.0438606770833333,6.757468685597928,143.59519856770834,72.69055135465078,5416.428030401456,2292.4338898434003,Medium
345361,0.0745921787709497,7.706932763991562,135.36196648044694,55.98019249997334,3297.523841974544,3030.9010091642267,Medium
321790,0.0330832845433255,6.606037925158579,77.21094115925058,37.28711686411416,1933.8733222340977,796.3353775831889,Low
189436,0.021220703125,7.472292957033212,139.31557942708332,50.75979956691239,2900.312378592364,213.75474689059783,Medium
201072,0.100228102189781,7.326778447281787,125.78732892335766,62.47726088679827,4798.58914940741,1830.661314984092,Low
466416,0.0591838235294117,6.5334511373416975,52.0322205882353,45.36097699446648,2022.779699881533,2501.435414422456,Medium
73118,0.0239304327395446,7.545304921305346,152.91540646759793,50.87648561746917,2333.105897987692,982.5916752300524,Low
396526,0.0631597633136094,7.818339563471793,128.39234319526628,85.11510359340777,7136.785712966026,1697.039161267988,Medium
47740,0.089654422005571,7.529255925029146,104.37177924791088,52.94192240116197,2901.452723790831,2782.342074050486,Medium
551215,0.0194010416666666,6.912982892365913,147.721806640625,31.768127018477045,1365.821374976614,1158.4940662879835,Low
389451,0.0389157098121085,7.447247348626517,169.92662447807933,50.14372718966148,2779.203437849805,1114.2814547814098,Low
98716,0.0497388579387186,7.239365749375601,151.14550400417826,40.796634683886005,1664.3654015304503,3102.183753479393,Low
310200,0.041669921875,7.745205522209838,157.08152018229163,58.87805662320644,3688.116810914484,486.3332233326806,Medium
277584,0.0736002604166666,7.68990994740848,111.83111653645834,52.50177654351042,2762.6653821389195,2997.1736025847963,Low
251824,0.0405706666666666,7.523745848463028,125.98127466666666,48.25543541089672,2530.3043868592645,1135.983156924416,Medium
176232,0.0833430989583333,6.127888231750225,197.83460286458333,67.69686954646988,5140.679004697612,2877.210421142536,Low
186873,0.0663687043444828,7.570131436109166,89.72989822290572,58.14784247981476,3157.787146055656,667.6013754894349,Medium
183104,0.0525045955882352,7.631536194379228,109.14063484768909,71.9665278978686,5018.350943603875,581.2351560220394,Medium
179112,0.023872,7.745556935806528,123.272976,62.52767789363436,3477.601046399952,486.4872931989049,Medium
119445,0.0798965669014084,7.699961197659784,99.75657276995304,66.19016216050468,4466.985012271897,4437.653844924405,Medium
205776,0.0498492647058823,7.338033184108031,112.05039705882352,60.75171363950537,3847.512344180756,2085.8121182592995,Low
496409,0.0,4.252646675626929,166.03128533333333,5.441995947681778,31.237303223665776,23.98919466484622,Low
530820,0.0225613317757009,7.209144642739312,107.72796071845796,47.67325294004112,2945.00087995759,489.9314138121967,Low
248752,0.022688,6.519420180546789,96.14714666666669,38.08173751102343,1800.4552332842766,110.96232338079288,Low
1490,0.0702628968253968,7.054308644819314,147.36141369047618,49.39735931532045,2440.099107326876,3110.9413744909525,Low
40757,0.0191838235294117,6.859419519629305,56.95052941176471,56.2030331478101,3028.726744392572,189.43044837175603,Low
23781,0.127378512880562,7.778371987531289,99.494050058548,69.00413945146047,5327.823263968785,3555.515519166621,Medium
465822,0.064688,7.577036905582015,98.76576533333332,63.41681205685339,4042.348805397931,785.5602550784,Medium
97278,0.0399753829321663,7.363065657863651,163.3820124452954,75.85755498752444,5868.754068504536,1734.455836162662,Medium
545100,0.1514561326291079,7.671521359862125,107.16785871478874,60.97758630785509,3894.663013944603,2599.5835087498976,Low
39951,0.0440063202247191,6.876797251550904,86.61564255617978,51.83485502651112,2786.718114571313,1856.858527952286,Low
393056,0.01208984375,6.831397685294836,130.96028645833334,31.96294482843284,1069.3344978693044,738.0672932773166,Medium
279769,0.0218717447916666,6.4444945755305945,204.6547298177084,63.64136846452689,4959.886218303723,337.0933135680728,Low
575372,0.0328938802083333,7.392744348994065,117.25362955729166,44.97222962030709,2730.9552982330256,993.635358068678,Medium
447088,0.0498318318318318,7.274953144864944,116.591009009009,45.40254057135186,2568.3484263840533,2826.157058936414,Medium
368456,0.1048177083333333,7.861529944504172,125.459736328125,70.5766830939586,5602.263822253983,3116.2347593736013,Medium
545407,0.0058630601415094,4.727160114120131,177.39450545400945,20.818596655741363,490.2603694581426,209.657895203275,Medium
112626,0.0246564716312056,7.381989837922547,126.26553634751772,48.68225462212629,2447.229501134352,631.908377217491,Medium
32570,0.0371560304449648,7.755902847058223,126.48122804449648,59.87430767800558,3791.473641147673,1213.5150907440584,Low
144798,0.0185183823529411,7.244626814672769,136.32189338235295,52.35151549947312,2654.5283255450054,423.4275169896058,Low
297698,0.0153663548752834,7.251884891296311,107.9750460600907,46.90880962295952,2200.43642024306,908.8146945395694,Medium
292330,0.05673828125,7.36989898995959,130.32000122070312,43.63416729767759,2175.093940226556,2214.96572796694,Low
367095,0.1009587236533957,7.79135218719343,120.65750512295082,83.6326776305959,7568.874113220572,3552.264949466349,Medium
261888,0.0361208920187793,7.397938335621788,101.82263791079812,66.07715697908121,5303.200660613047,2780.0415136486145,Medium
68409,0.1233008555133079,7.786933888623175,116.96102067490494,63.97821092935141,4089.593920449576,2900.422906316548,Medium
425221,0.0613053385416666,6.7048427367911065,93.47344401041669,98.76841830075838,9721.215894362467,2035.586669066864,Medium
222863,0.1836541276346604,7.903900525019827,103.85716481264636,68.01630933045361,4549.018775527508,5638.1985109230345,Medium
124636,0.1144759114583333,7.794873589883107,119.0457421875,81.11636849848155,6322.175200277604,4405.843768803871,Low
311180,0.0155078125,7.507457626895035,107.50077799479166,51.010453822077565,3221.4404241149127,422.9880290771485,Low
554291,0.0103241822429906,7.668188464838723,105.82508031542056,60.885658900621465,3972.450602755136,348.718467858593,Medium
303818,0.0775390625,7.536715549595253,124.17566731770832,54.41957527300752,3078.497898392363,3574.326850152747,Medium
1532,0.0498079427083333,6.860700537731288,132.48775390625,57.54430522280076,3760.1102870311697,830.6335589724116,Medium
265108,0.1551522248243559,7.558463388697888,102.95402517564403,50.443829494122994,2912.792343505666,2969.2443536630126,Medium
569030,0.100496,7.63109664668273,108.03965333333332,72.37406961713906,5302.96656658706,1886.263209791118,Medium
139684,0.0881561561561561,7.679415144156529,120.3270990990991,85.39568145746466,7479.180730627805,3481.146556827493,Medium
338560,0.0574479166666666,7.54049591301199,115.29847981770833,67.74964695888553,4795.517235004958,1347.1352462877803,Low
486040,0.052001953125,7.238063328154256,94.66280598958332,82.70247119406764,5956.496548025039,3684.2646387073833,Medium
54931,0.0758379683840749,7.657629667833026,85.15160641100702,65.72747429704879,4360.410525151149,2051.340093987894,Medium
527616,0.0270035282258064,6.5736018010284445,44.34186302923387,31.494456241511408,1078.9975674229083,1184.616207795833,Medium
142324,0.0954459635416666,7.468327065824683,85.07148763020834,47.10135925656076,2270.564205607729,2463.2816791241858,Medium
91406,0.0728884139150943,7.529617444714328,100.73741155660376,59.103973627393295,3577.8915875960724,1383.5656921326831,Low
173091,0.0297908923918151,6.994252633260975,163.42737034901106,56.77819700042403,3031.0391618893104,372.2484354308172,Medium
350003,0.0935091145833333,7.403132736315081,122.83856770833331,64.8450002954208,4364.693776519631,4366.568341840574,Medium
304812,0.0183630257009345,7.268683857649343,70.04592216705608,56.34507409654779,3160.092142117953,750.2280263877733,Medium
433134,0.2003548177083333,7.802117281788826,123.26154296875,75.187020642795,6333.331544103096,4803.978755329885,Low
373315,0.0103871855345911,7.389336275941767,110.7164963312369,48.51477159087386,2353.6830625146617,314.4390024212809,Medium
104603,0.1071553738317757,7.295477972245265,115.1173773364486,53.83818049530029,2684.4458601433016,4662.851622570757,Low
326542,0.0156380208333333,6.269979666174405,156.754560546875,60.445335559123656,3438.815162871824,1216.558743484455,Low
480021,0.0734441348195329,7.615934081816483,101.91363455414012,55.79675984180584,3050.8249502042468,1712.962313876397,Medium
566436,0.0549729215456674,7.051646412726352,81.30976653981264,32.57733459870761,1283.3140369967095,1182.1631657420355,Low
343561,0.1860798773364486,7.806740328209254,110.65616238317756,62.33983244600942,4232.32430123326,5712.783320022011,Medium
101762,0.0567513020833333,7.5410532539005075,119.28904622395834,49.853601989393646,2531.4915469549283,3243.707757573404,Medium
91500,0.0459993489583333,7.443754997774088,111.23360677083332,47.15609259153711,2412.9609449486165,517.7400711527506,Medium
121417,0.0374869791666666,7.444855437807653,126.07307291666666,63.2889360470995,4046.537513413804,788.1884412823889,Low
32735,0.011394906323185,7.235352181077586,146.8867754683841,45.5707106428662,2091.806306766633,178.30514127620947,Low
246963,0.0799404761904761,7.006831524164991,170.7442931547619,53.30775694323315,3108.05822912206,3525.8652427996644,Medium
372317,0.0970283294392523,7.44670354699079,145.40354117990654,61.99156157731597,4081.048754497195,2680.494256940647,Low
276284,0.056153125,6.95097512788202,64.306446875,40.496534724440345,2858.1631167498017,7439.762040099647,Low
109992,0.050762910798122,7.121968386207297,105.71247432511736,63.65588133001225,4202.243148513237,1002.7372814759252,Medium
231879,0.0472894659624413,7.832795986304452,127.73107394366195,62.30824940830761,4324.334189763106,4404.451426566035,Medium
573258,0.0256575520833333,6.728608546546665,154.808037109375,69.09120738095405,4779.262577381583,867.6449575428857,Medium
312549,0.0560384114583333,7.043410448937493,132.47025390625,68.34271566480761,5315.82933953453,2396.2416563206884,Medium
248112,0.0278678385416666,6.953929293683635,77.87455729166666,46.238909845044745,2276.5246678776034,2131.056409031328,Medium
489305,0.0575273820602763,7.496400731735487,151.7478559667836,51.79596646229239,3144.554514234834,732.250082140454,Low
47828,0.0760416666666666,6.702317105466141,44.12608588836478,43.81949968925928,2761.9767558956987,3039.8277209917364,Medium
32081,0.0937973333333333,7.09991597921897,133.36441066666666,41.863322748352005,1974.2285221548464,3391.89610246474,Low
493334,0.0594662379421221,7.343218884596473,113.45783922829582,40.70806382538294,2472.176799980342,1244.1399121661686,Low
328286,0.0783018867924528,7.590352432093889,93.98130159198114,58.67696192348416,3854.708125668928,4035.755123176236,Medium
342295,0.0611771771771771,7.651331696333862,146.1635915915916,55.20170570613046,3299.2477202113823,2320.444548182453,Medium
409475,0.0477473958333333,6.958889747383168,165.339013671875,59.35295880424853,3612.561959770496,1857.2404837056367,Low
102707,0.0584844504250502,7.803614956189927,121.8132529155453,64.99645353908083,4146.809669415806,1618.0655223135414,Medium
320425,0.172822265625,7.852974390431567,103.04131510416669,72.7849821845402,5374.291886007486,13747.405026096758,Low
476415,0.0252090669014084,7.161070781924956,101.30376687206572,82.71042611555558,6872.427339690788,1595.2596825582632,Medium
433374,0.0912200642523364,7.14395635090807,144.93419246495327,37.30762923137833,1490.5686673601674,3126.4928414115334,Low
79969,0.1203528462441314,7.428919672931192,122.14985695422536,61.2959380371916,3978.527631954468,3573.091125521577,Low
304545,0.0515774664750957,7.800289062582468,105.05884219348658,69.85775347823164,4887.704396609823,73916.5169512789,Low
273617,0.0106593969555035,6.801144472684191,68.18747804449649,30.25214495546918,1736.827577729215,1821.6487265151843,Low
548339,0.0885226779513888,7.798011404004998,120.06907552083334,58.22225112344463,3613.685978956709,842.1699062201418,Medium
456143,0.0819858033240997,7.752294919439352,121.41772853185596,62.4699605852213,4699.889179235785,605.1903999965223,Medium
117719,0.0788639705882353,6.583434365846506,42.26333455882353,53.51974550188556,2928.1573824940483,2195.7041645274653,Medium
361586,0.1112890625,7.570700276163914,92.733359375,80.5530985700453,6658.448792971903,5839.215155445166,Medium
469174,0.0175577445652173,6.030589331605433,157.64578125,57.31601784283132,3539.62711107715,843.5000161121735,Low
492362,0.0849677985948477,7.68419080750418,111.11873170374707,53.54633540719791,3518.8803689565007,2164.258737258609,Medium
94871,0.11771484375,7.778664789657557,117.37130533854166,63.27641926151567,4091.931606216081,5139.879145699014,Low
223188,0.0483826112412178,7.513769371225707,107.80807230679156,55.711734124917925,3225.541317718091,1318.444756004564,Medium
66231,0.0746121194379391,6.404032705163841,57.73186109484777,72.91778890981217,5300.287652684655,2002.512818121264,Low
473406,0.0317024739583333,7.311545534257824,89.27010416666667,58.64976411033111,3680.6375645834287,712.4520794931624,Low
330818,0.1020613262910798,7.691843394215935,103.09456426056336,80.41180632975049,7049.067431822416,6339.4795172906815,Medium
517687,0.0795616319444444,7.618563311776672,88.01812065972223,63.88737028734216,4615.109948946151,4463.125397146248,Low
385997,0.04572265625,7.425038336816526,82.51694661458333,79.69101903536928,6350.658514895588,1164.3962761230046,Medium
378139,0.1552180913348946,7.757685683806398,129.23552400468384,57.62925615397165,3639.024370920371,7960.085969641417,Medium
395388,0.0535123697916666,7.596407528191151,94.50493815104169,60.1649297988288,3917.133897938347,1224.1002502804968,Medium
555597,0.1051106141199226,7.461766160639502,160.14246856866538,81.0728555453999,6572.80790628528,7354.461514290244,Medium
550471,0.0122757352941176,6.740019393594177,168.00255147058823,38.19701569751072,2487.0454384467407,150.04923201988268,Low
464144,0.0481367370892018,7.695616682228788,147.0931484741784,72.07235877070042,5451.360881594053,1703.4392942395875,Medium
83113,0.1308984375,7.690718833424767,138.99106119791668,70.86284515699076,5284.632565866,7006.818708496094,Medium
520324,0.055166015625,7.444173518594138,134.21259440104166,53.38821053681956,3279.7585865039578,2452.362129516432,Medium
388056,0.1015060240963855,7.505985538094789,122.4547469879518,55.24962247373462,3540.877991713964,4769.028346654086,Medium
90155,0.1214139344262295,7.580714989648317,142.78520930913348,82.43743667393446,7419.659907706412,6449.590414945399,Medium
460967,0.2222112996688741,7.881403981568203,126.28344112168874,74.41958436779753,5613.648370290398,31362.12524031399,Low
365385,0.0148528981264637,5.9822789382162,206.215237119438,24.25042626142139,609.453389058952,774.5403346765877,Low
128476,0.0708467505854801,7.306661144789758,76.35666715456675,48.4176273033011,2610.7162138375584,1456.2764642225022,Low
111036,0.0477647058823529,7.110248042108962,54.1538125,53.50623424185499,3080.0008836635625,2061.033812861105,Low
331352,0.0407749287749287,7.203910494586872,143.70247293447292,48.48115986917664,2490.328998048717,711.0551156508145,Medium
246883,0.0102213541666666,7.080845711585395,160.788525390625,43.79810831715754,2044.778113642611,616.8864686964988,Medium
227491,0.03998046875,6.724629380303808,115.55767903645834,55.83401758321642,3256.6183319221104,1620.3730543558756,Medium
193494,0.0823980340375586,7.223466800748569,113.34794967723003,43.02420625385741,2356.079887081589,3219.899763216029,Medium
15272,0.2649616745283019,7.770703239343624,127.84112249410376,77.15601009829601,5997.191037563008,16827.233896720223,Low
110282,0.0272316088516746,6.275240212968326,143.54575358851676,102.6790112849905,11629.180378776078,3575.75027934682,Medium
449198,0.0804024024024024,7.281563193765162,87.82615015015016,56.94144433131296,3314.237793539534,2278.804202195132,Medium
402519,0.0374304742388758,7.230026283758988,64.3553681206089,44.80328014588035,2021.2430333333668,373.59653092198505,Low
446522,0.0672884114583333,7.76199368835513,119.26347981770832,62.62508807067355,3855.6871629269353,2067.995674060016,Medium
55002,0.0614773333333333,7.508459242409741,141.571968,48.01535220399453,2344.120426915072,1327.6479306090666,Medium
195165,0.033201490585774,7.503793109217311,78.33949398535565,55.647949958435895,3033.6442619049253,901.7927491633716,Low
422836,0.1023567708333333,7.855376648409759,110.20234375,69.90267858725804,4958.58820592465,886.6089637435914,Medium
367818,0.1066415398126463,7.773570905959292,145.81931352459017,78.09190671607507,6906.333074231138,6309.3965551840165,Medium
254814,0.1084440104166666,7.259007493364575,113.246904296875,39.93083422609829,1648.5370779978114,4355.509604835976,Medium
129416,0.060576,7.074044495130079,138.80498666666668,53.48026209546679,3094.039271136427,2821.285662854372,Low
140286,0.0874340211132437,7.341100088168519,76.13832773512476,57.87660906371491,3838.207795120312,4074.970753563239,Medium
281414,0.0761216139954853,7.465086768689074,87.90917748306998,54.39540117397464,3161.171376937148,2532.7797565319875,Medium
352491,0.040234375,7.118562985154401,109.91441731770831,71.9270192405361,5219.32398620591,1630.4938927618662,Medium
82696,0.0626353922716627,7.502978370285922,128.0112924473068,49.333956169964026,2615.0139131994074,1443.4778050760915,Low
365207,0.0386240433673469,7.273899562812565,77.33187712585034,63.78020682914548,4495.0325509834165,1346.276989896577,Medium
261061,0.0361317365269461,7.163354139548487,86.0914011976048,40.10077013701302,2418.708206968613,572.1237036107426,High
213445,0.1331323529411764,7.887161707961744,105.78613725490196,74.09486293736329,5356.919226633018,1502.352092318315,Low
459467,0.0260121158392435,6.625985386497868,118.41465351654848,69.24072330109708,5027.916837291686,1099.994337188965,Medium
177213,0.0616948119777158,7.257683102992867,134.94249651810586,83.614161245324,7545.172471369285,597.0127947770587,Low
473974,0.1391869145199063,7.743066354018279,150.37917154566745,56.51781082105472,3123.660659781653,7006.190983507525,Low
89078,0.0626989822546972,7.179441265004997,153.733686717119,53.62021225656338,2786.516573639701,941.7572520029725,Medium
379842,0.0563454861111111,7.230709637006389,86.84115885416666,44.87037938000601,2132.673173962384,601.4244444143036,Medium
127270,0.0724329268292682,7.3328779949354495,138.60723780487805,53.13151526812831,3396.5361502570154,1618.17915446427,Low
99114,0.0996179104477612,7.312363338538313,73.89936716417911,47.35903322763499,2279.0350392959144,2082.422951068514,Medium
293200,0.0884294496487119,7.5506263150340605,120.68976141686184,47.74994548872385,2440.3472510798497,1665.335510292657,Low
416343,0.0443135245901639,7.546108188164957,96.2528212822014,59.52453348674777,3773.261617938713,905.8761906427992,Medium
245651,0.0172373333333333,7.263452311651268,81.09820266666667,53.28735558807167,2958.619074552074,134.3667466643627,Low
550691,0.034609375,7.434832891826378,120.0688671875,79.92012041992608,6544.192959638763,916.1384368482802,Low
572408,0.1569133254716981,7.696327821528627,117.203327682783,59.19999489542836,4035.728978934572,6663.32982416083,Medium
145665,0.0209972319347319,6.609790234987729,46.1685861013986,34.71634849831203,1306.2224175068247,417.4342532633694,Low
353518,0.1148248792270531,7.269404236669942,168.69792421497584,47.33467767574806,2718.668246290725,7271.905925357054,Medium
201148,0.1018279944289693,7.097144212593409,152.3861986420613,71.92777045592808,5731.79259352258,3960.668453682848,Low
74860,0.0028578747072599,5.5183786186348085,212.8685011709602,23.766947797089493,567.1930888141519,219.05719042513755,Low
311883,0.0453719723183391,6.9748553039378125,155.87044225778547,57.72363603829668,3920.931603299156,1904.238808040114,Medium
199395,0.0093457259953161,5.990622249257012,134.10920301522248,20.83138227095269,881.61854883057,735.2310078135148,Medium
481390,0.1048079427083333,7.648992785030037,131.1678125,73.10826600128637,5523.06944659634,3948.90832329304,Medium
293324,0.0399207204433497,6.912656084598295,148.04509313423645,42.94892119254088,2334.8942566590445,1644.5955818950706,Medium
407650,0.0305563668224299,7.526592452289045,109.87468969042057,48.35293853708313,2341.8865635414554,958.315772844312,Low
322968,0.0771744791666666,7.695323922076119,127.04896158854169,62.310620807315466,4623.48549928237,4357.824857323869,Low
299720,0.0318062060889929,7.741607442709001,98.5450343969555,69.66214347558287,4806.340480545915,984.2685446663382,Medium
469246,0.05857421875,7.841159253922257,124.56564778645831,68.3377340288003,4813.923615133127,1405.3347048030853,Medium
151516,0.0098689988290398,6.234191936579834,101.05105386416862,19.470731023021944,395.6491997342471,47.266490118703146,Medium
165713,0.0315073529411764,7.147381340179197,85.04651838235294,45.75252550096633,2061.9247436522987,790.9920251245675,Medium
495448,0.056064453125,7.423575721437393,118.86670247395833,49.87902756945808,3048.9790338946023,2532.34873338444,Medium
553990,0.0859,7.569398519255129,136.55907083333332,50.6397795114669,2651.3458647192533,1686.8124998437324,Medium
516038,0.025595703125,6.947916336113213,125.225625,42.57334508643828,2576.2734489969,2318.1379814995657,Medium
565153,0.1125171503957783,7.713482648827809,124.30990501319262,61.53833192908034,3981.104231871466,4818.31350783133,Medium
344029,0.058525390625,7.516681922200698,108.46255859375,65.64071347959167,4404.575910705503,2110.7093689383505,Medium
90891,0.192655162412993,7.852543999868122,104.83884135730858,66.08399433875253,4588.385559540952,5733.725697565521,Medium
117374,0.1018947137850467,7.507707570297587,135.97594188084113,44.70550857061543,2014.442118044624,6838.230572519775,Low
255824,0.0166383368200836,7.252213575768874,157.78543083158996,52.58412083081737,3287.16475220492,592.1589951265307,Medium
328117,0.0600813802083333,7.884829712638292,109.81425130208332,63.64596675878845,4423.441750482735,805.7861910257975,Medium
196843,0.1200716145833333,7.716143107600298,124.44994140625,71.0990575903151,5934.628335284516,4690.681859331597,Low
478286,0.013193359375,7.0807375776768255,112.97644856770832,58.3133945817575,3545.025052037289,147.0628416437679,Low
422998,0.0614644320843091,7.775655736489808,110.57165910421546,60.668420515757326,3842.151894428316,508.2280935021115,Low
418062,0.0700966042154566,6.530625076037019,133.9728081088993,99.05633707506398,10153.213363052591,1715.8657007042816,Medium
126110,0.0317838541666666,6.782292222720477,94.050625,33.1668099288939,1579.982601597143,235.3389887449476,Medium
219283,0.018144,7.444331473620297,80.980724,49.10721487150156,2411.518552435824,62.963854600176,Low
405972,0.0943772007042253,7.615423711869624,96.19306044600938,65.76579559073977,4094.679611698208,6064.545524132453,Medium
520871,0.043735294117647,7.635114542414905,92.17353308823527,62.30103235573883,4081.0269985804994,621.1976137235619,Medium
255917,0.1603593384074941,7.826841221821843,151.0236643735363,70.06327972516253,5184.346669625748,12495.984207847328,Medium
283268,0.0190427400468384,7.765379672219261,94.91620682084309,68.09845459174477,5177.811486456458,199.7214932962444,Medium
174123,0.1185664160401002,7.88907240403802,128.9639248120301,68.38789701386722,5059.776779675932,4541.093357471348,Medium
398905,0.0306425644028103,7.161524935081687,90.08455796252927,74.94923433231425,5939.285355203352,844.8780093013603,Medium
448263,0.0832161458333333,7.5396048173407,114.89299479166668,68.78716217502888,5111.582797500668,1375.769133243815,Medium
179174,0.0939434871495327,7.664982107584489,127.385769567757,60.47542475747981,3746.1750608405687,3217.90699652408,Medium
170116,0.0670670572916666,7.560185317490752,86.15447265625,59.0654335044912,3626.057193182592,865.6667070514254,Medium
427655,0.1234704332552693,7.818525492071795,104.86883050351288,68.30463409609285,5128.0275504912215,3082.135797157885,Medium
311190,0.0385066666666666,7.610325886725843,101.68469866666666,66.53800560884382,4682.372204251544,1590.5391730197334,Medium
528977,0.0547946666666666,7.171218132836596,121.72467733333332,62.422646745893054,4785.367040625408,994.554527235726,Medium
479126,0.0726580796252927,7.015331122707204,142.39819598946136,80.23098473050385,6934.38296271638,3069.121969178784,Medium
167159,0.0424533333333333,7.42664419533456,104.02448533333332,47.79460290801795,2419.4426993638303,1125.3430041962667,Low
134096,0.0286783854166666,7.382562911021015,128.7235904947917,59.47663095440488,3297.13209329675,1423.132768611643,Low
167353,0.0347591145833333,7.540592018319354,134.46097005208333,52.42537112754742,2806.455147141316,626.2236632188161,Low
16502,0.0258773333333333,7.265141438746063,143.04104,75.38799102234432,6592.589628660186,754.5380204421975,Low
459153,0.2188268442622951,7.79935551290735,99.0993193793911,59.60795377976634,3808.846428867971,10305.13583627597,Low
379800,0.1027510141987829,7.724846862500664,113.74582276876268,76.08535997620002,6182.6677779226375,5898.51041576532,Medium
414510,0.0890364583333333,7.632697991775767,125.21338541666668,55.60359273695994,4008.0479251767297,3708.5089001083375,Medium
233567,0.1059830729166666,7.54688509425893,133.926044921875,65.23527109700353,4390.526008137095,3907.302416219828,Medium
180751,0.07197265625,7.846181584058549,120.14596354166666,65.1815949655167,4683.778976759656,1508.648364201821,Medium
26204,0.1313378220140515,7.851670018388615,132.7218896370023,68.78716791389427,5010.550456257367,5004.51952295236,Medium
378099,0.0576548590504451,6.815717854973772,107.3607613130564,29.653185777538265,1078.1915243340516,2484.726585247735,Low
430048,0.055536,7.507191728408454,141.720144,46.94206177071828,2383.741717839142,1516.444499957646,Low
424135,0.09673828125,7.727430926284392,132.6021875,63.12193165320205,3945.091965920801,1712.233465542221,Medium
325114,0.02529296875,7.258137193752747,125.169892578125,46.23303701231068,2344.286110659448,470.4789246132745,Medium
520009,0.1286213592233009,7.55288801537109,164.90682524271844,70.49164123151871,5190.710329021389,6974.389145847654,Medium
51961,0.134832406323185,7.843269898728442,119.5382098946136,76.79196918823759,6003.965995932113,10726.776265101144,Low
505789,0.163349609375,7.901549749993935,120.37998372395832,70.56318600935903,5272.7479963944825,8194.46362647882,Low
303305,0.074658203125,7.463357397987167,92.3695703125,72.94773979158495,6166.234114977582,3914.210634248088,Low
132544,0.1263026932084309,7.65443102262802,83.03891612997658,66.40354442764885,4522.313690399648,10533.445034123582,Low
382088,0.0376870598591549,7.080352122587252,121.92663952464788,35.12966798741698,1321.750101230699,398.5002783115949,Low
237984,0.0225300058548009,7.103474512757589,52.845890661592506,40.65997173741878,1682.6016322200337,1900.928281789019,Low
411817,0.0844368489583333,7.678866047629827,95.42685872395832,73.39595661362237,5649.991484489995,3323.6083669551845,Medium
534639,0.0775559210526315,7.729514778647779,118.48583881578948,81.08635222135797,6643.991049930138,3057.116361952465,Medium
163682,0.037309718969555,7.533763205018737,132.7112668325527,79.73782127936107,6483.724493008671,799.6883721594533,Medium
140929,0.0340593827930174,6.574430243279775,149.65364713216957,94.77696961250844,9046.94918227466,1071.1330353431167,Medium
518213,0.1376334635416666,7.758160803009409,128.09073893229166,56.11839325362088,3044.028321788668,5747.159223408975,Medium
227478,0.124296875,7.868063660062647,112.652451171875,65.07688907525552,4233.070393157889,5765.660134457016,Medium
121031,0.2035961751662971,7.818474036535117,133.16687569290465,58.1090041617521,3634.3115395209184,15831.866476264471,Low
380706,0.0767348884976525,6.8620462742863575,72.52854313380281,62.65886031018815,3904.016508447965,1903.9265328464576,Medium
85089,0.072152453271028,6.69978777545373,92.7273108936916,85.69989664904585,7499.94582168819,2386.95837944286,Low
50811,0.0242484504132231,7.307846773567935,149.38312241735537,53.214586367216846,3061.348411095245,340.0361051836453,Medium
377575,0.1275308098591549,7.832206055458037,120.77842209507044,61.28838332322093,3690.768656902012,10725.003107745437,Medium
381587,0.1328563084112149,7.872106112700905,134.1309871495327,73.80362630799462,5609.52650467653,3331.81469336138,Medium
1761,0.0418435304449648,6.580908061615355,200.2624963407494,62.82152376502327,3970.815676847047,2159.95835663308,Low
556498,0.1304069010416666,7.40712829392319,130.60541666666666,82.62810717703584,7219.783616104051,7856.951297220697,Medium
632,0.0879334886128364,7.297019145092838,68.55248770703933,45.68171559224268,2205.4080975078696,4146.554439531,Medium
94157,0.1101436491935483,6.961684940691094,151.13512264784947,71.27556951069798,5800.706745432951,3980.80493809838,Medium
15079,0.0257001768867924,5.705998530934751,51.46493587853774,57.20186038524734,3124.144900906473,239.0472903939828,Low
42888,0.1437058823529411,7.6291326298425535,91.27294117647058,57.76525976514351,3288.1572247323725,7765.954753092138,Medium
478136,0.0577949108818011,7.641127983019721,123.5030048076923,74.158796996862,5666.241141966252,2681.57327341726,Low
276707,0.1258138020833333,7.741210705577148,112.175029296875,67.6657178192949,5084.570409027202,5002.798389795419,Medium
568584,0.027281396713615,6.035386182644688,42.94974691901408,62.17202167421132,3700.82965142115,1190.7096100865992,Medium
68933,0.2543897763578275,7.846871629663671,121.0600319488818,76.47367209674609,5848.2225239606405,14655.130890572284,Low
164885,0.0376280737704918,6.166037500023709,203.2958211358313,43.96178820092295,2094.8329988655737,671.9344261111931,Medium
98497,0.0649283854166666,7.552532662726107,132.34518880208333,63.26235585962371,4809.1357084104575,4486.8512464769055,Medium
573008,0.0366178385416666,6.136882117742142,124.696611328125,31.427345882941967,1004.8939891344318,1475.1491263739267,Medium
197796,0.0369541056485355,7.663138212096816,110.7062369246862,56.60991254442072,3255.181642815513,606.4762980093792,Low
101780,0.1582845052083333,7.817585659582257,109.548154296875,75.72026527351034,5731.740435834323,8241.258157834362,Medium
376284,0.0882582582582582,7.309998048860408,106.38425825825826,50.740513191376905,2687.736813207417,2409.5349192760327,Low
78426,0.0364311377245509,7.7171839057804865,129.72841916167664,85.45690165373094,7304.24754632578,349.49195577148697,Low
330369,0.0653014925373134,7.282406087436189,98.16419701492538,49.46995223030489,3109.90871188276,2485.4636592135794,Medium
562818,0.0297330729166666,6.931395534936227,140.29476236979167,31.15554474986724,956.9746954809648,2137.00075494104,Low
348481,0.07990234375,7.445931354866877,119.64045572916666,68.24017408702683,4727.477017940475,3508.434863863108,Medium
49761,0.0509264091858037,6.753229714613244,146.21062434759918,34.26292801114237,1293.9938002412734,3714.161269853014,Medium
29393,0.156784,7.6851999679034595,96.85310933333334,68.27980356688239,5083.99489250359,4657.989602062223,Medium
119516,0.0601653981264637,6.424862703098961,55.54284982435597,34.057573593031805,1286.7615532259615,2940.571406490326,Medium
456559,0.0218098958333333,6.9331117352962535,166.91645182291666,63.28740349846173,4074.9085793902327,272.58309964318806,Medium
1000,0.127099609375,7.879430284102806,113.60647135416669,66.73090774120584,5018.800027423668,5967.712014464272,Medium
231831,0.0416417619542619,7.22977125681808,87.66516047297297,77.79212286615095,6218.871958412968,1244.146659728288,Low
241319,0.050735294117647,7.814865893946223,151.83191964285714,72.62189734359367,5153.327179123538,1571.11437357043,Low
188906,0.0247307692307692,7.381395161399475,124.06723626373626,47.119430456421966,2721.2581702516404,265.9861096455742,Medium
505638,0.0775232919254658,7.768417824260711,137.21048783643892,75.28378570624677,6277.53258360935,2593.192490518023,Medium
235784,0.0336567265795207,7.270413191051592,175.40805759803922,47.15567446827247,2274.747529978506,1086.9338001843112,Medium
581317,0.0808615819209039,7.532225835182474,163.73927436440678,55.95385566905412,4569.586737893837,6757.870359978723,Medium
512194,0.0837086397058823,7.736513129471537,167.91939666491598,69.9539610705689,5817.427180162129,1962.888088733443,Low
496571,0.0773638758782201,7.7885084085540495,112.51042520491804,67.83935011124818,4857.857170142742,1734.3306271816243,Medium
53626,0.1278255208333333,7.585570755984528,160.73849609375,66.22182990775788,4479.912263173937,6985.929309537082,Medium
268996,0.096416,6.5663962540513205,117.235088,92.07545695586992,8631.88790709064,2691.706379517156,Low
514979,0.057622218969555,7.82396629122854,107.62461577868852,63.252180245445416,3597.8964196006223,1194.7981725146485,Low
172877,0.02248046875,7.636623803549621,102.58955729166668,67.62523201833156,4270.271726042147,600.8485246645504,Low
404249,0.0979837529274004,7.405849062024221,148.70074282786885,49.96976315860786,3701.572693664744,4738.605013128258,Low
148508,0.1506875,7.78974188722589,107.4897205882353,64.72739729442367,4432.865108928552,5313.684184627541,Medium
296969,0.2247987412177985,7.885510721334053,118.09270345433256,66.33894132089954,4460.866596405506,5037.782567329996,Low
106389,0.0437044270833333,7.429673367051738,124.91903645833334,47.12430675726527,2737.407924763651,2493.5773730824367,Low
424551,0.0525065104166666,6.982269856134534,142.10462890625,38.34740962473728,1477.9469122948435,2468.211279299884,Medium
82085,0.094600613317757,7.596642476892099,81.13227949766355,56.05940174267513,3218.14159435484,3749.817758711869,Medium
485972,0.054962588028169,7.299896933667088,118.30257115610328,58.4826732834185,3471.72874905752,1801.342876792248,Low
454404,0.0181533553875236,6.948500673649382,62.40396680056711,50.19253306940469,3857.503768622063,187.120067011398,Medium
524456,0.05337890625,7.895609502448644,125.50720377604166,71.15469013757534,4929.78684861049,1667.5369814753108,Medium
375015,0.0255685334158415,7.521167817589159,117.40931698638614,68.288099500557,4559.367525922854,786.9090008432438,Medium
62554,0.0421911507009345,7.796381154649875,107.90338785046728,63.377145085498746,4455.757616052067,472.39219484723554,Low
127660,0.0292123538011695,6.837072418120937,56.67287402534113,31.49405817904399,1289.751940150805,730.0669988297144,Medium
326082,0.0556668133802816,7.599127078632534,93.57431778169014,70.16961572712371,4843.790694452266,2314.10460738867,Medium
561335,0.092627659574468,6.761125598687393,41.258425531914895,38.50492374248607,1396.5539439430174,3389.353336029624,Medium
313562,0.1193489583333333,7.901276488442594,134.541708984375,71.21791340700823,5689.251303918252,7183.480894608296,Low
5477,0.0311112106017192,6.999018521658034,156.12861747851002,38.88644161527738,2010.5543798685208,1349.8862740689208,Medium
174371,0.1519080234833659,7.832560317062764,111.34291218199608,75.81016183699961,6492.946289993099,6154.933864722233,Medium
447917,0.0559478591160221,6.992746405355168,133.63011912983424,36.7548168746246,1435.783093697286,6167.048595825206,Medium
10363,0.0487318213296398,7.01901177979639,61.27496970221607,37.5027343445513,1454.550992792719,1878.213426191909,Low
60090,0.1186613475177305,7.856590781964374,121.24284500591016,67.4155406293974,4902.92287202514,4977.155177053467,Low
563702,0.1733935889929742,7.885552547375589,134.77630635245902,71.89568067163374,5335.076026205775,9621.522433187343,Medium
492758,0.0673485070257611,7.270190756494005,62.74437573185012,49.54383829021975,2445.61553333496,1957.00829106312,Medium
175443,0.0673111979166666,7.036618840982837,62.697467447916665,39.74885198935432,1774.2209302538552,2159.935478227393,Low
477118,0.1026366366366366,7.459873710613345,148.87410810810812,61.89174605155063,4205.897088000229,6768.314772363138,Medium
144784,0.0387413333333333,7.530877522878245,113.60102933333332,52.29170372446416,2823.337060338148,841.365393808953,Medium
226130,0.0378411091549295,7.794608640901355,115.73175249413146,69.08574592630964,5154.640254461929,767.9111676701003,Medium
341681,0.0147833723653395,6.433010028482731,132.94675790398125,29.5474451089922,918.8739160468598,602.6290559491274,Low
456303,0.0582554517133956,6.074989233462938,61.814093457943926,90.83114809182882,8308.153467650636,3173.1005811292976,Low
312489,0.0384504504504504,7.23681644267333,166.4515135135135,53.04463843857027,2950.4157810211777,1380.3916611762754,Medium
463690,0.0453125,6.5353733427810505,71.9,76.26800472729025,5555.273047099222,1496.6148018254298,Medium
129062,0.152548828125,7.766640046836189,97.857099609375,62.23645999352176,4456.398549891585,8205.932432783975,Medium
525083,0.0469662675233644,7.583087848778565,105.775390625,52.33177835646256,2873.773737976628,915.3546514236192,Medium
452793,0.0392930327868852,7.655057072401439,119.24589798009367,61.94456976791885,4001.3052393777375,801.0088958871089,Medium
429598,0.0433138020833333,7.611660285383008,101.48444010416668,62.93882398950038,4110.3506340838185,1032.0278008503808,Medium
522638,0.0028146904205607,7.540153619245231,122.86004307827103,54.0670960403719,2927.4107906343256,355.8872662821582,Low
406997,0.09255859375,7.820955418698469,116.63365559895831,65.17518460475736,4205.755738834218,3595.9448760390283,Medium
242934,0.0711101321585903,7.462745142994379,78.57337444933921,64.6553298829221,4243.190891594611,2460.24873396992,Low
326248,0.1413678278688524,7.654826731622632,107.28239534543326,69.92580114506171,5092.532621874603,3685.462250863188,Medium
450488,0.0579880239520958,7.482385855348601,108.90410778443112,48.66494738602099,2541.894103490672,1145.2212788180286,Low
433192,0.0105706666666666,6.609759519894399,83.38603733333333,31.39424285614492,1003.0960324434488,87.77374957713066,Low
194506,0.1383816516064257,7.697367061418505,106.04470067771084,57.56870213997654,3624.9016011854496,4571.219022368969,Low
108244,0.0278450520833333,7.658209521650647,92.97877278645834,67.962511748621,4614.286245449203,707.7047431613499,Medium
325483,0.0370345052083333,7.470042580481477,103.134130859375,47.19055902536126,2274.973292594426,866.9978925535414,Medium
501368,0.0374346666666666,7.027699056902022,112.23853866666668,54.0537362813263,4492.412551954697,1224.7019327238827,Medium
161879,0.0449445298769771,7.534945860660744,79.69983523725834,61.98062201579575,3841.597505464944,1730.7883554607308,Medium
443303,0.03104,7.420049444697622,92.40567466666668,64.75595172696349,4283.274227917919,244.05500647182225,Low
416451,0.0595377604166666,7.645856849127226,103.56462239583334,74.7765536273467,5624.113061030194,2641.283712004556,Medium
455301,0.0198772089397089,7.676737499123437,142.1331016112266,57.537757712195976,3006.158086526811,177.8444718390641,Medium
353096,0.0510406976744186,7.410187023138234,152.18501744186045,43.32669132690501,3396.0447022122207,2839.88028424929,Medium
262487,0.0339485677083333,6.606979243901584,115.58770833333334,38.71542437571896,1639.98073137349,2084.709829549906,Medium
475387,0.1596940255220417,7.924952062523069,121.91905452436195,67.15683296635773,4695.475570008154,6619.367913678803,Medium
223738,0.0522451695583596,7.719596498253865,120.06828667192428,75.9871144425127,6008.68727490789,1591.0199499063287,Low
142238,0.1345396662763466,7.665749524672217,97.96419423302108,63.798413925739766,4437.28811130829,7915.399096974886,Medium
423229,0.1986628250591016,7.92414110844033,115.82145390070922,74.17793383506874,5713.863052471291,10009.063109292596,Low
255664,0.2441866666666666,7.465862982108318,153.30188266666667,44.14337546588653,2183.413070496104,8703.520846151083,Low
207728,0.0857908847184986,7.849867366665843,148.4434483914209,77.02393930359042,6168.762081613803,5302.241169665383,Low
512648,0.1606081674473068,7.737386785959892,96.80399224238876,59.30773972454297,3677.911784767524,7990.487577384152,Low
544811,0.1971408799533799,6.361933631873849,81.99100743006993,71.33447791158262,5423.503974341282,7593.355668472913,Low
73533,0.0564029947916666,7.415758219617551,100.00362630208332,73.65568832783963,5783.258822772242,2383.164143371996,Medium
567825,0.0335150761124121,7.647537094984121,148.55133196721312,66.71442506892633,4877.368957960945,1045.5931234278398,Medium
113354,0.1352734375,7.673857313986321,107.70668619791668,60.32138046308158,3845.995517541783,4779.129197373454,Low
485237,0.121533764367816,7.504946509209265,129.99627334770116,51.709709614034864,2697.616553643169,4745.646893772524,Low
342367,0.060263671875,7.59276630211171,115.341962890625,86.71481581647141,7811.199444595716,1017.034146043894,Medium
535094,0.0128622658079625,7.860800042399535,121.2225080503513,66.37586043385785,4513.032775517534,110.43916519670432,Medium
269196,0.0733643149882904,7.544553690590091,116.93486168032788,61.22835705514736,4070.3361504161,1546.0872821574935,Low
392481,0.0030335187353629,6.111903459518961,207.0815573770492,24.57228218045368,602.8615866138026,119.5702539143778,Low
61747,0.1005199259581881,7.855388917599793,135.65220764372822,80.80640669455272,6810.331731978155,5114.878990131114,Medium
1425,0.030078125,7.853531319803656,139.2900146484375,77.56857151271528,6016.883286523223,379.0369168482627,Low
479448,0.0477333333333333,7.4318430847937,101.89257066666669,45.91464562575148,2690.235352691437,678.6018398566115,Low
229753,0.0757025761124121,7.190612544806376,169.74709089578454,86.22899048301097,8025.144138707586,3216.469108589204,Low
36660,0.0384272445820433,6.940498649484354,63.29760990712074,33.17705235484591,1202.8412250719932,2241.7379451367883,Medium
153669,0.0544093969555035,7.428472558999468,78.80846750585481,51.47969599606249,3088.95405931002,922.7347492750137,Low
311303,0.0534213992974238,7.578720821418717,91.50656835480092,60.83901618778417,4667.365535946091,1123.923668752586,Medium
306700,0.0587565104166666,7.29506896692864,76.54404296875,52.58304555661045,3288.344870028616,890.4291222716332,Low
270386,0.0864,7.581993684463146,116.44847466666668,57.75736573927195,3739.402661915743,1992.1887484767567,Medium
320743,0.0864149305555555,7.73635594681461,112.75095052083331,74.66756615354774,5566.278486911281,3397.6246922131013,Low
273711,0.06365234375,7.736553990175845,97.593759765625,60.5102807272424,3850.687865420921,705.0575236105919,Low
242724,0.0327018229166666,7.423124976483523,144.57223307291667,46.722251859702894,2632.55610418834,1255.8752758239746,Low
132408,0.0701740967365967,7.625235482714234,107.26996649184149,64.01905662229724,4506.464598657482,3401.5856224358213,Low
331280,0.0584590163934426,7.880780463616364,118.12577049180328,72.85008280226629,5548.85177787169,1369.7019504247662,Medium
382111,0.0985070257611241,7.300286734299829,115.96243047423889,38.96901172321579,1779.77031154753,2960.746747372803,Medium
66523,0.0219401041666666,7.341889886842979,137.795986328125,42.88602213656251,1961.8975022797867,669.8571844235631,Low
161978,0.0876010392609699,7.408268470925704,159.18055715935336,63.18782577880507,3943.152250783413,2873.7600389722866,Medium
146825,0.1066949838187702,7.6346927752194835,86.73880966828479,57.48050146637405,3478.193907624201,4620.3136055401965,Medium
333237,0.07726543398533,7.355958671358468,164.0827819376528,51.954068942081655,2671.068707416932,3312.706087445917,Medium
872,0.1080012077294686,7.690954845196284,121.9002742552335,74.34001183770053,5775.932844488368,3994.623793849927,Low
297343,0.0147641782407407,6.987325531077348,163.00670211226853,76.38755173816243,6223.537974835374,294.9922414896224,Medium
113589,0.04544921875,7.455121507069449,149.95476236979167,48.20905073424945,3084.737835961674,1106.0788135341645,Medium
209829,0.0404427083333333,7.062570503313218,124.78730794270834,57.87358771207199,3502.516839478285,195.1241227401628,Medium
84752,0.0367754683840749,7.300893429125288,150.8518113290398,89.71734697659889,8272.752873243366,1740.847675007944,Medium
164883,0.0577973333333333,7.83364962099679,102.87420266666666,62.04593764057074,4256.428149360167,5240.43610026129,Medium
249643,0.1364391268980477,7.847701950557938,123.16962784707158,79.60700247372893,5974.895125902644,5996.875634474799,Low
231549,0.0325813802083333,7.480088455532925,129.20783854166666,64.79352618056399,4349.58150589671,513.8506394719442,Medium
404128,0.0159872658079625,6.771139738230699,175.92679669203747,56.482639744743565,3682.3840807145375,740.6137609920927,Medium
3501,0.0447904652056901,7.371608377679761,127.71809453628946,79.4917608374339,6186.736908820894,757.7413120729847,Low
136600,0.0387855579868708,7.384925764677194,85.00020172319475,70.50562229732962,5016.774934848817,820.7841853265617,Low
66886,0.0265734777517564,7.631152163779165,107.12083943208432,56.12732741504393,3347.9014292322354,378.2063160881304,Low
92091,0.0788834635416666,7.750421745228493,106.52753580729168,60.74843461510401,4111.032962775145,3722.883267430581,Low
155051,0.006826171875,2.4898393390889093,9.347822265625,25.03552058887353,585.2354514463426,58.58066080066893,Low
79565,0.1161813333333333,7.298365601884087,160.59704,80.15824679909775,6685.539799348138,6982.02092920522,Low
315492,0.0289738989277628,7.454778092306874,96.91638098594558,74.24100116616592,5555.135836473997,384.7415117660444,Low
133418,0.0340310304449648,6.504892496650002,96.73899663348946,33.307327651454,1612.68786402917,854.7367749327794,Medium
581781,0.0806223849372385,7.600958074217439,88.29659061192469,81.13940228667472,6415.980451026739,2289.6466880816533,Low
13546,0.078360294117647,7.6111884108225185,98.39863235294118,62.38344393780538,4025.657198956058,4407.531716266099,Medium
83540,0.149911822799097,7.416192649761487,81.9193072799097,46.20256558420786,2323.001490128214,3198.7719818405126,Low
396200,0.1109484777517564,7.628627030180573,103.7744474531616,62.93419891812915,3826.520890488744,2178.8725720646203,Medium
64868,0.056752,7.780192031670642,114.53360533333333,65.12924583228008,4270.321029896591,653.2109291035307,Medium
187144,0.0452180989583333,7.470022565825912,148.388740234375,77.05534640975311,6233.919407841714,2310.0701970934447,Medium
294855,0.04376,7.659318502525661,98.92029866666668,76.42685478960128,5778.34481801894,2706.5104619264,Medium
296224,0.1080240885416666,7.6109793349440595,103.152216796875,80.6330533201431,6679.868625642345,5208.85393141276,Medium
210855,0.0325380562060889,7.443263965567466,71.95925058548009,52.31289530999717,2588.284619769956,1202.4474238856596,Low
171050,0.042998046875,7.483601453863651,93.73569010416666,72.5265250304142,5196.926332591312,1194.760479829746,Medium
457884,0.0566116266375545,7.559386009535857,103.60154203056769,65.10183882978669,4165.911299052193,3146.26180753373,Medium
333697,0.0795811326291079,7.101624128855456,60.65273987676056,69.37364846242262,4732.893118307479,2765.658548040172,Medium
293245,0.0735123697916666,7.817733467673899,115.74112630208332,80.9113411880314,6454.371730658803,3573.14437620874,Low
527695,0.0987199237089201,7.842688633948064,108.3783670774648,66.68155450353024,4755.12785791266,5621.973728723083,Low
494634,0.02728515625,7.163834856754021,102.35622395833332,88.7335518007061,8401.043171363019,392.9410265349918,Medium
446206,0.1343060064935065,7.644829706863939,144.69847402597404,83.79480696689656,7788.739764317085,3205.37360840188,Medium
60899,0.0417144097222222,7.453742303113561,86.65766059027777,70.81448974167917,5139.133055082866,1205.903335756636,Medium
374369,0.0100716145833333,5.8810747989861705,173.61352213541667,40.3025541279357,1658.8273966756926,215.85077662911945,Medium
177383,0.1029154411764705,7.578445985807203,98.47520955882354,64.59732126679705,4877.298451286039,3594.4675315884383,Low
278353,0.1282691904362416,7.278078354891921,141.4551410444631,39.31685078577658,1850.1315395542983,4609.982314070436,Low
221872,0.0867425351288056,7.797334767219365,110.41059353044496,65.32745514804785,5484.211110551675,2686.19704958803,Low
157098,0.0893333333333333,7.32684741807919,74.26261261261261,51.65990959962011,2587.9684875586818,2152.345503579255,Low
500565,0.0338686963519313,7.561142434876984,143.86136333154508,55.48749946187777,3467.090740564629,741.1760743599463,Low
460160,0.0441959635416666,6.6188113544624505,133.13255533854166,28.62564848781332,1026.3579966008008,1792.4304881834985,Medium
300039,0.0382459893048128,6.974315960557743,58.465310160427805,70.90653036182161,5203.716228592096,533.4457424264634,Medium
105912,0.068608,7.322300806377967,111.752096,52.417333770488405,3018.6316199198245,2107.208420251733,Medium
533855,0.0406213492990654,6.683677302644449,64.6663222838785,68.10679150157155,4758.314208192603,927.2220313526626,Low
356387,0.1266805970149253,7.475947326607401,94.6295223880597,81.79076111062588,6537.340233714757,8864.7974012126,Medium
230983,0.0602943313953488,7.375603969580901,166.28807412790698,55.69838744153665,3263.7574208478177,3190.192636928692,Medium
361730,0.0480989583333333,7.364870130834983,124.87183919270834,45.105919658276925,2927.6408405488824,3907.590336220253,Medium
155571,0.1657308703271028,7.631383439422777,126.04180417640188,50.31237172374284,2588.719608497612,6643.785208876377,Low
85478,0.0494029156327543,7.184002545504487,80.56387639578163,39.59899047535309,1573.6162578582616,1013.8455128969428,Low
168458,0.0461139705882352,7.665320314783115,147.41469852941177,65.70592693169493,4479.757399786765,2185.709005123216,Low
363461,0.0503922594142259,7.7418033093792,113.91763859832636,71.96864589867337,5495.671685296206,1993.8805412784031,Low
110999,0.021679143454039,5.93739599927615,25.03976758356546,29.6198369179787,930.100726772492,762.6279622461313,Medium
166918,0.072294921875,7.662156601853892,101.09841145833332,60.81248471289184,3709.9318117002094,1816.271979155816,Medium
120572,0.1164556498829039,7.417199215493796,118.74776419789228,48.11397308711648,2958.426153110709,6107.058417108463,Medium
273232,0.0765036764705882,7.79112833583021,158.29350367647058,61.49373490688121,3951.647283041356,3470.4041250375085,Medium
343524,0.0263737416107382,6.399671258616205,101.69823475950784,37.16394547623322,1449.825048315249,1154.5898804520305,Low
86755,0.0618489583333333,6.994641995509338,138.5198177083333,82.68908176219581,7182.555093042748,3320.398665004211,Low
236784,0.019975,7.692041380868466,114.469365,66.38651709117428,4587.430150020526,1164.8798267744,Low
44590,0.0679496951219512,7.533851104820315,145.52686102642275,56.46327805151466,3323.339846061326,3648.182958395324,Medium
229997,0.1458687060889929,7.867491465002833,98.30734411592506,68.74064389339796,5043.843011674829,6577.542615339021,Medium
139,0.038449970657277,7.292931601715289,110.76502714201878,49.49815833693004,2419.445482714314,854.1771135953841,Medium
69795,0.0869596354166666,7.690517493463226,149.70136393229166,84.35190293104006,7566.093146912207,5515.735487289046,Medium
286507,0.0618771601382488,7.546251715968496,166.49665178571428,58.518047014122615,3475.835920642079,2064.117157478257,Medium
190236,0.0736879770992366,7.099707043604536,83.14965012722647,73.88133363577876,5541.462572436715,3667.905186052516,Medium
278006,0.0758013758782201,7.824333755152592,109.37156030444964,64.51021569855517,4370.090111381202,2059.963534902038,Medium
409630,0.0654133333333333,6.774418394622209,120.57991466666668,35.80033337339265,1241.7677214372504,1593.5049541933224,Low
39785,0.0732213333333333,7.56185115699257,81.34756266666666,68.09150886020522,4726.7208337695,3131.1573439744,Medium
464522,0.0426872469635627,7.638466452951912,89.21114309210526,59.56549481254802,3719.637606218209,1141.156050988705,Medium
126592,0.1084584295612009,7.753121687322676,146.55445294457274,75.47935415605032,6572.319067955398,5037.708742528729,Medium
475365,0.1021493544600938,7.833132829566488,120.42575924295777,71.73139637963912,5434.44949066648,7534.411321816864,Medium
20992,0.0285585585585585,7.388371767396411,72.12237837837837,51.72172715183187,2729.2216836135235,354.77131764831506,Medium
158945,0.1505981956066945,7.786978527334955,97.340523666318,67.23828869101344,4610.734364485846,4766.552762344586,Medium
124659,0.0708561197916666,7.73642642585772,98.653876953125,67.2991861949927,4732.890134243234,1390.5756668734127,Medium
379476,0.0423292525773195,6.6354621987247,44.34709729381444,46.17725454438891,2205.1925155681506,1173.0542684231436,Medium
280918,0.0874674479166666,7.87912075031254,110.829951171875,74.49265916144307,5560.697678177695,3618.18390088093,Low
394677,0.0574186666666666,7.617973310919999,107.38356266666666,80.48337550708267,6603.290825342767,1862.2671429443983,Medium
461751,0.0576806898066783,7.265968220274234,72.48491871704745,46.37160215613415,2209.0369102934287,434.8242320954684,Medium
225405,0.0692774681528662,7.232600295492416,135.5802713641189,45.77444352962176,2320.0205216004183,5170.239257804037,Low
383386,0.0588346354166666,7.625335646414247,131.935517578125,55.90129798229922,3380.6018442972927,3419.456541063775,Medium
383443,0.0830027810304449,7.29904098753002,143.20832113583137,42.03038301921962,1913.718718194108,3688.661244873179,Low
369081,0.0331902875586854,6.683450432241034,149.9917363556338,64.50522365701862,5096.870543679138,1840.113618664072,Low
571313,0.0497265625,7.646916298599623,119.6109375,56.94460225010951,3401.7104778877115,900.9765771535132,Medium
147338,0.0950944010416666,7.734825490398487,110.69228841145834,56.80506722014832,3512.936631107153,7869.475704945203,Low
431727,0.1398382611241218,7.608461351524964,164.35833577283373,62.98691831985236,4116.428151272561,5423.835900084324,Medium
229948,0.0980614778037383,7.577185589402556,102.227175817757,62.1205824890296,3858.966768776331,3857.010889424499,Medium
116068,0.0456106666666666,7.652567721285455,148.11327466666663,66.10408572987924,4669.359761320751,1868.422010546489,Medium
338191,0.1107160433070866,7.389488657929685,93.13130413385828,65.11535205464844,4567.987909830407,4100.067125984252,Low
570688,0.0755338541666666,7.404529946479387,166.06731770833332,68.19625850481324,5682.669245304273,7483.068202310519,Medium
368212,0.0357936715481171,7.681590867786266,139.51008760460252,53.37522968621431,3331.6087461101984,570.9075895774289,Low
214192,0.0734088302752293,7.369925256241315,110.57549455275228,55.13068052654721,2985.3775925485565,3062.722111525229,Medium
426268,0.0895784543325527,7.859270854590648,123.80951771077284,78.95418038600656,6439.149052275509,4437.078215941375,High
389315,0.06879150390625,7.402282111998441,84.828671875,81.25015148539815,6414.563182689543,3117.0182750563563,Medium
416330,0.006259765625,6.2826062142574886,39.01874674479166,40.420879547299165,1835.195351324996,379.5826001044272,Medium
93965,0.1034771608315098,7.4228010178146,91.02170746717724,50.24539627424912,2570.168666908862,7977.482727013549,Low
384513,0.1639973958333333,7.679038042992254,127.03291341145834,63.76396018033401,4046.971571953311,12468.486058759803,Medium
493864,0.0251822916666666,7.316994752546409,128.12674479166665,50.56876529041784,2614.550014169813,921.2606888502334,Low
516316,0.038447265625,7.657308709078303,147.325634765625,61.17764141420152,4749.432970376919,2613.9548755477904,Medium
69213,0.0590566451990632,7.54475177145678,122.25234923887588,89.6573064214208,7943.623564704016,1412.7270902545586,Medium
184338,0.103666569086651,7.612909320148481,98.95100263466044,53.18687841139128,3258.506859109348,3979.0629656516207,Medium
150265,0.0444173177083333,7.363243754870615,80.52127278645834,52.794631746215984,2808.421366803844,1213.7876075424088,Medium
129812,0.0398107394366197,7.020208830192554,108.24544087441316,67.91786620188269,4745.054617885949,722.941047298747,Medium
294163,0.0804086538461538,6.538749721838018,84.04356424825176,37.583404913773904,2124.837607332103,4924.849212492572,Medium
166259,0.0795228337236534,7.634743233461295,109.37241290983609,69.35986261792561,4845.214360376092,1221.6759470800248,Low
529568,0.101181640625,7.789143140666258,153.62944986979167,63.96029377849363,4401.429980513036,3060.98228523016,Medium
578871,0.0565462239583333,7.563314932723665,103.16789713541668,55.56414092889858,3321.1235798774683,1776.594311464087,Medium
334417,0.019244976359338,7.319071512843584,137.51145833333334,60.83038873836996,3788.605440727559,364.5290852543118,Medium
2153,0.0267057291666666,6.533149660473296,88.28125325520833,29.93927384910401,1191.7469630264388,1177.1083277035923,Medium
158956,0.0187536764705882,7.254816220593988,86.07054779411764,53.37666615591976,3507.070257791676,132.21336405168685,Low
467776,0.0497511709601873,7.335997160659699,136.2552144320843,47.977328144819296,2161.090452970044,2113.702758838727,Low
25057,0.1586541276346604,7.7096949163213315,144.77013685597188,65.68061125621512,5337.305877087038,19921.05089842464,Medium
7574,0.0572102864583333,7.816953492839442,109.00931966145832,61.08319485540085,3848.696526193732,1395.3125150337112,Medium
64718,0.0420999461206896,7.306591619295439,74.64248383620689,55.28737744130231,4344.108006988031,694.7756781295703,Low
383289,0.0413041948198198,7.668903102954969,97.47989864864864,55.00840061705971,3423.182953350417,720.2555199407542,Medium
442323,0.019091796875,7.582620576544005,105.354619140625,64.90705176105271,4149.376469690164,560.43952461035,Low
214205,0.0020394362186788,4.460453178804383,154.42099943052392,7.086094099149703,55.1765621902104,286.44126961202176,Low
96493,0.0242444248826291,7.487551776284548,119.7268045774648,61.8709392877271,4109.944996473735,1416.7209189883838,Medium
97022,0.0470794392523364,7.449439878179047,103.4324656834112,45.18041531480153,2363.438064506892,967.8397373047194,Medium
25603,0.0374381510416666,7.331736924741594,75.31849283854167,68.17200078160393,4683.621460834782,314.6767589511448,Low
18737,0.0706381733021077,7.224899188802688,167.48874780444964,60.11222998640499,4068.001758317994,3944.782417956463,Medium
44195,0.0663268698060941,7.728077370777461,108.86714681440444,60.64247006443456,4186.568017162074,2419.4822545946085,Medium
200152,0.0415617681498829,4.977572011468963,19.95194306206089,41.803087604865226,1871.6200348030288,2958.210515642276,Low
549055,0.0777960526315789,7.247869128699114,148.71674547697367,56.946683239013375,3388.738712657707,2593.9180259265004,Low
290248,0.1186751302083333,7.567863747898682,110.21497721354169,82.41281270657565,6891.561403132001,7966.789868829082,Medium
125778,0.0459375,7.601537341509465,93.61227864583331,69.86387324957566,4893.647230145793,1541.266856064256,Low
199977,0.0093229166666666,6.227573579655591,130.68091145833333,46.78645232655133,2098.1710004502083,207.4354588584794,Medium
451090,0.0453771551724137,7.358099516854874,90.3080783045977,58.44653206160611,3500.824426647869,3657.106720461326,Medium
309484,0.0234814727954971,7.674631397532529,97.32738625703564,56.50776187567004,3672.12326332124,549.9570292116863,Low
411754,0.0503645833333333,7.494001613614858,122.59080729166666,52.14192979337691,3741.7181424704654,392.94468918033175,Medium
143068,0.0646786971830985,6.817531912541452,187.2833039906104,53.83166895746052,3613.5089360414095,3973.829838418717,Low
319184,0.0637414965986394,7.102089052281428,118.66814285714284,42.70407251787873,1906.2095038606449,2392.416847551298,Medium
110721,0.0855263157894736,7.917247373286749,127.3378177332536,70.38536634766922,4957.660873107317,4513.012698800088,Medium
75393,0.0443426724137931,7.528225355937606,165.8681393678161,74.14381507531903,5843.755644637095,1067.098766996742,Medium
32811,0.0281066666666666,6.405388239602812,76.25285866666667,93.23255719522744,8902.15103687041,929.6895301371449,Low
117908,0.04609375,7.623542909908502,115.027275,59.58939015105269,3520.242249192214,653.9477255277734,Low
109916,0.0415592447916666,7.757778724391411,101.27021158854168,68.55055034421163,5069.296147505863,453.7085493252966,Medium
500257,0.074475,7.292791304312633,141.65108,77.6374840192133,6024.500943991291,2275.8982490129747,Medium
295713,0.0774992681498829,7.692014765509312,121.84678351873536,73.22395513527313,5396.615506206239,3158.0407521857383,Low
503755,0.041015625,7.313006073779096,120.61020833333332,60.13128190683016,3782.3120826426543,1357.0503087429047,Low
344621,0.0693033033033033,7.406069028715609,121.38813213213211,46.005537683980506,2521.401434004118,1239.5962341518457,Medium
120420,0.1142740885416666,7.837001276424246,115.42494466145833,63.18862391457017,4088.165877046196,2624.231913290024,Medium
158548,0.0661080134854771,7.549301460082189,146.11053552904565,54.33511846922641,3277.1516387407223,4125.148580625302,Medium
76468,0.0631217447916666,7.289389673863438,117.51778971354166,50.86569122899221,2562.7234247152505,451.2914425790999,Low
181753,0.0356752364066193,7.517883460468198,91.17210771276596,56.31482447997704,3199.3646264491395,1174.1130010535203,Medium
344268,0.0313385009765625,6.569857494567172,91.29794311523438,84.77729484426253,8006.124573220409,900.3017332458496,Medium
552371,0.06940654342723,7.778596089652245,103.39022887323944,60.67869835102248,4028.1533438038937,1347.996832821975,Low
396863,0.1606477406103286,7.706099450612639,106.7591365903756,83.31165323340664,7233.348245400676,14284.9992838617,Low
528314,0.0544215425531914,7.467022704608978,125.78065898345152,66.2362012685668,4347.748543391693,1549.7697765463051,Medium
400803,0.07774443793911,7.668347130689319,112.85597555620608,60.27803154812483,4018.738950990244,2748.40760798817,Medium
22935,0.033125,7.5134465685981855,130.865390625,52.23421847347687,3846.012609048925,962.5158784478082,Medium
372349,0.0430062929061784,6.177546478054023,135.72489631006866,27.851691895534245,1062.95176199169,346.7888011252476,Low
161875,0.2394734893364929,7.725508024615524,100.42797319312795,79.9215539110455,6264.024574785126,15287.960705899268,Medium
222559,0.0210350645539906,6.957639716619982,161.42415272887325,34.00189436273872,1156.128820254843,1593.040604245047,Medium
402720,0.0289952582340125,6.400049755551342,69.78238337818787,62.71842339878431,4125.586728191188,372.5018053827734,Medium
553731,0.0573671144859813,7.375491385864611,68.90799503504672,55.906998396138775,3266.4870157994706,1719.931247444296,Low
27972,0.0601269072769953,7.508273472152249,146.37455252347416,47.35582995980334,2918.112524863981,1651.0325988404954,Medium
227399,0.0772691908713693,7.759428615431145,93.48250778008298,61.78597386485772,3940.779108963064,2636.897576004853,Medium
279278,0.0773382867132867,7.322951379106001,83.06652462121212,47.07384406025075,2398.2180557101965,2260.167456397483,Medium
460683,0.0602837343096234,7.550061234020281,89.07200575313807,60.02768875627704,3728.37361969307,1263.8052111355446,Medium
103723,0.0604134114583333,6.511474751803372,145.72775065104167,91.86294222579927,8439.782792661264,2754.5635448014896,Medium
255718,0.1586328125,7.8930856872272015,128.07780598958334,81.41447947609444,6793.415632609438,13188.878995409636,Medium
483667,0.0170481220657277,7.019158247701157,62.48255941901409,63.00339053813146,3917.825307988765,315.15528002406097,Low
515077,0.0222109864300626,6.817439672333209,49.56017092901879,33.10931109573003,1267.9008829311051,798.9948035608551,Medium
430286,0.0736951638477801,7.801963663871704,119.59822938689216,62.3403744622307,3889.20871469349,5400.52152823823,Medium
132329,0.025363116197183,7.339116529802022,118.94793500586854,51.454437016440814,2603.6747093560675,585.1293427055695,Low
484893,0.0935820677570093,7.81771889860541,95.32253212616824,73.44868837349607,5595.918641818087,4551.890659498685,Low
183709,0.0525032552083333,7.310436703417811,114.97042643229166,79.40609648262038,6265.881402529159,2244.88892235243,Medium
186980,0.0714510393873085,7.582626577183072,121.11228118161924,54.82708167506354,3122.0750008148502,1164.2617115593607,Medium
89697,0.170199592074592,7.708828788729976,101.9900458916084,77.66094522537809,6022.491051403279,16290.724254555213,Medium
506310,0.0645625,7.635464059877679,99.73788235294116,68.3075678365938,4969.834578468636,1883.2426372966995,Low
579158,0.078017578125,7.680851478077173,109.00461588541668,58.3305743987078,3525.068402779894,1779.4082344411108,Medium
435206,0.0289190573770491,3.443030390887797,237.17111387587823,38.11683380757838,1626.625689250891,1108.7362620001136,Medium
63552,0.0221789675767918,7.665629812141238,150.62325351962457,69.95153281958022,5238.62127207434,648.7083052508458,Low
129492,0.0398209635416666,7.412476612607986,75.32097330729167,60.07028246029783,3789.973535586463,1507.5901161293878,Medium
376264,0.0924278846153846,7.713889606431,101.46105444386694,72.877884626978,5512.5721736541645,4407.605428692833,Medium
262587,0.0077115885416666,6.852984684015253,142.63090494791666,33.62452213630122,1295.5919318874323,392.53398899077314,Low
448810,0.0944533333333333,7.537798966711877,137.39146666666667,65.10770253855445,4354.268008201111,2807.6260870103893,Medium
454978,0.06510546875,7.603872821411684,102.257046875,61.42440797967899,3889.212665082367,4195.690097137313,Medium
346968,0.0181521420187793,7.553728602605649,102.83420627934272,62.644477780267096,4217.058411431078,326.8137977993969,Medium
260657,0.092721189591078,7.627220412687702,133.1000371747212,75.46548865338238,6060.855663002981,4894.758222937273,Medium
421923,0.0420444542253521,7.476560337598085,103.67473591549296,58.96815833238612,3879.3985680207584,945.2831828091546,Medium
10092,0.0621919014084507,7.730676110046832,112.11519219483569,61.80282193735348,4222.166400949726,605.2162985520549,Medium
382125,0.0548697916666666,7.742182578960504,108.49268880208334,66.467279739534,4368.754794873478,922.9641442206064,Medium
376442,0.0218131510416666,7.226604869069089,106.98992838541666,52.21342229324751,2693.1178939239217,587.3074585180918,Low
445792,0.0391893333333333,7.502174072292295,146.325728,55.50922068692746,3216.78810048475,1092.3890397746918,Low
534601,0.029222891566265,7.905433308519819,120.24325903614458,68.22726692127831,4850.567532735314,113.12292771069822,Low
453584,0.072431640625,7.711047957965971,133.216083984375,59.08071371303756,3699.9905217145774,2906.5668796750283,Medium
488270,0.0131272007042253,6.444847423806168,180.29960020539903,28.722124470736222,1329.4391114081168,697.550553373457,Medium
190676,0.0708451704545454,7.419754686721638,131.05272845643938,66.96268232465968,5087.372265395195,4358.1366062951065,Medium
417249,0.0487076822916666,7.631593699730242,116.06522786458332,74.34870107874458,5569.949505866874,1414.4860365154584,Medium
47121,0.016005859375,6.915669481850253,140.3094140625,70.93404648289795,5101.920231005733,474.2329785288069,Low
226154,0.0456884861932938,7.390785264253377,107.025141765286,68.02163971283697,4759.005262825638,1710.5240895719048,Medium
259097,0.0656396396396396,6.908813374373141,162.63873873873874,65.26077687101663,5874.955410802395,4045.8527439587697,Medium
226417,0.1531231231231231,7.814431555614222,119.83066666666669,64.04169117930213,4133.055076040978,4747.100388470056,Medium
304180,0.0620215311004784,7.704646070949857,138.7320648923445,67.64418509057197,4997.111934376188,1794.4500976673023,Medium
347664,0.0785311768149883,7.639141800756913,142.4706674473068,52.32733066763884,2974.5773102269504,3068.976288246332,Medium
445248,0.131334162763466,7.65794579733156,169.776712529274,63.44873882339338,4169.610629376845,7511.814353768193,Medium
321214,0.0315234375,6.799638624258101,56.260068359375,36.40325440816719,1351.3087499255075,434.82932250124617,Medium
314709,0.0163695715962441,5.901889707537652,196.12541446596245,42.6827227418099,1766.28362735409,296.31595299230713,Medium
129756,0.1331022135416666,7.488209198829413,117.22901692708334,48.59031712630212,2474.806829883681,6683.654333636432,Medium
311928,0.035917870603015,7.393162437761864,92.90904522613066,50.42246456012488,2706.772611151393,328.21525392523824,Low
266206,0.0480679156908665,7.671900491439469,92.54915837236534,58.38534113248806,3337.0996629589813,2399.6136397288687,Medium
153529,0.0731673177083333,7.765402027468822,126.740703125,66.70648963873217,4454.733392929932,2945.362876586649,Medium
163746,0.0442110655737704,7.256489914553067,148.5932921362705,40.03062719258616,2354.456079847163,1668.7586670262133,Medium
224200,0.04126953125,7.2836647148275775,97.122861328125,55.38569065483252,2934.7442372844503,1051.775814384073,Low
284106,0.0467785035629453,7.349016083280537,78.81141255938242,60.29110197273904,4006.769230570992,509.3089457537249,Medium
101068,0.0430620608899297,7.407398615996801,133.72582699063233,57.50430430487063,3263.4464314854704,2569.3709771249783,Medium
176701,0.0734244791666666,7.529135094906113,108.677978515625,78.54065720418083,6505.037950061326,3233.26310467932,Medium
496954,0.0663346354166666,7.843362307061388,143.29462565104166,74.8618964328491,6297.7955665662375,1935.1198867598528,Low
216296,0.0323587529274004,6.847803795449982,112.4310450819672,51.84439507359642,2633.2245968595453,834.6934226009664,Medium
321557,0.0764996572212065,7.5834606533423585,127.22869629798905,72.37583032342437,5482.189663367205,2388.198499514553,Low
534394,0.1080257660167131,7.8117678416735155,105.916573816156,61.72684870745619,4043.3623928828943,6407.415761185463,Low
284698,0.1377973333333333,7.621814452349618,82.58373866666666,60.52841660880482,3931.211561073076,4350.114200931299,Low
472623,0.0988860294117647,7.524425101525594,98.32004411764706,65.8567106969486,4337.106343821583,2719.378369136016,Medium
11511,0.0800377155172413,6.877162134606455,78.08268453663793,81.8998239415142,6699.717269963595,3090.6653250334352,Low
99039,0.0894661458333333,7.582928863144895,149.767255859375,69.17128484582527,4954.919866846314,1485.9685593626234,Low
450439,0.0286153846153846,4.317980113863097,128.5819658119658,36.74701057064605,2170.9352401316632,2059.490292705384,Low
278973,0.0848408157276995,7.52737934141311,135.420283157277,78.47576504383755,6332.560264907811,3312.4629838522355,Low
67406,0.0154293333333333,7.0387583698958185,166.34402133333333,46.259723892988646,3184.270607992614,669.5461948266668,Low
185473,0.0438708118556701,6.006320611947469,31.79823614690721,44.54553667223208,1922.5412882812184,1780.76759844298,Medium
17959,0.0629976580796252,7.025899666501807,146.00914080796252,69.59230201382768,5753.285458685231,3359.445091671512,Medium
506454,0.0788053385416666,7.304092827019094,132.36255533854165,40.19593607485447,1875.8597542327705,4972.946838356008,Low
386912,0.0841764322916666,7.83852399908215,101.127353515625,64.46238240458358,4304.1337391907655,1425.8161929660373,Low
113867,0.071304798578199,7.470519669002794,90.60655855055292,70.27377797154347,5094.983376825486,2944.042639276405,Medium
261036,0.0328828828828828,6.865398868308263,146.79316516516516,40.746264076206,1771.4096244156108,983.4323288356464,Low
215259,0.0481785714285714,7.720388988393765,137.7931904761905,64.53639323086962,4184.286568904727,590.2696867107426,Medium
87470,0.0748005319148936,7.559214768362577,115.12871675531916,62.17586417776772,3894.5033583848094,2050.9600174622547,Low
270677,0.149758477917981,7.541789296769803,77.04142350157728,58.34735208264093,3758.5824909503767,10763.062733640674,Medium
257865,0.0135600058685446,4.9597954572437954,40.717576291079816,56.87813911313426,3338.324118236348,435.16348407994496,Medium
509656,0.1923307291666666,7.876537559122163,132.10895833333333,61.22030043517643,3806.766491040477,7901.120825373067,Medium
16958,0.0448744158878504,7.187466608858294,66.02811039719626,46.90522466182843,2241.9024213443963,884.0176932756136,Low
518770,0.04456,7.176162021758436,79.614048,40.03507090523294,1718.9350368000662,637.5369707029333,Medium
149568,0.0405481557377049,7.118693981667569,132.25697290528234,64.04878778159717,3934.027228712975,1430.69339079594,Medium
254368,0.0712810905612244,7.760113937526373,149.12254464285715,59.51190695872616,3541.6670698640787,1440.5956092363394,Medium
578500,0.0723168103448275,7.490020495892736,123.77863146551724,45.88554391492481,2870.467616981292,2846.5309142481747,Medium
318080,0.058779296875,7.692275814147467,97.36304361979168,54.98990076057834,3064.0445786463665,1186.0383800129782,Low
360661,0.0363704427083333,6.698389154032783,146.15084635416667,48.34683206952328,3007.061616952324,935.0027177362972,Low
90956,0.0404456967213114,6.223515623200239,193.99402810304449,27.19986405943363,745.8984124120576,2935.249089660067,Medium
419201,0.0240845588235294,6.871741477741659,110.77209926470589,29.669965234056924,1535.749972920753,1018.6565425916954,Medium
266082,0.0776,7.773026003860874,110.17321066666666,72.29315429599785,5734.729778789016,3441.706141741398,Low
332845,0.020908203125,7.251396307447238,66.26429036458333,67.56337896112697,4650.086178020711,307.2691574431949,Medium
295797,0.0662836651053864,6.745658368184652,89.99313890515222,40.64886491142121,1839.0265449002563,2741.1394225146487,Medium
427160,0.0233612060546875,7.4405952894893,92.26448364257811,74.838490735848,5589.014019449732,575.9842925701198,Medium
499622,0.0934359563958439,7.729380604736259,151.49054143246465,73.35428079494945,5374.035343774911,2025.726824586617,Low
193348,0.008237969483568,7.275006428372088,151.48690214201878,46.11779079742782,1978.4165919087056,199.72553627118256,Low
377113,0.0786116803278688,7.772899118641243,113.15724531615923,60.9341219971147,3757.801830005496,2843.6918886838407,Medium
331817,0.1026692708333333,7.841377621251943,117.88841145833334,61.174014163980345,4565.669601048671,2006.2541095036825,Medium
34071,0.010075557511737,6.786487621657684,61.03075850938967,67.04377041186238,4161.499609029252,267.023087660298,Medium
25228,0.0033794438073394,7.578123208672967,89.58405246559633,59.62814495080968,3599.9031920472044,262.41279059092955,Medium
552842,0.0111168032786885,6.603951876810882,130.06540544496488,27.977668028455103,1047.547937393132,269.4239790285815,Low
497568,0.0590617629716981,7.281919593758417,123.22656987028302,80.11194086464862,6369.683657563145,1191.8043028606253,Medium
303653,0.097637910798122,7.277970104647153,83.57377127347418,46.24780670785884,2169.2337115281875,2743.829351049893,Medium
428280,0.2297177177177177,7.778932185273396,101.7626066066066,58.93589354782599,3416.7298997589182,11200.559720918613,Medium
384527,0.0843229166666666,7.634562925700607,122.18976888020832,78.78051574850363,6523.627346435017,4773.083277807235,Medium
523194,0.092797794117647,7.430860746699102,105.0581286764706,48.420344606294016,2501.5588688669395,2990.781808991728,Low
385029,0.044384765625,7.217464947066203,96.62167643229166,39.96563863706849,1747.916061352048,474.002855520365,Medium
156924,0.0599879879879879,7.434327145867241,68.80849249249249,57.71941063380332,3151.911069102724,702.8617921973866,Low
439525,0.0780111754966887,7.772564692972375,99.55695019315674,62.34171373849214,4127.789417037391,1313.74491900225,Low
221693,0.0191901408450704,7.196337386545902,109.50405296361502,40.93522135190946,1769.7131510220206,609.9557555470141,Low
383676,0.1970735677083333,7.81805400858247,133.320517578125,65.84494995440225,4214.912584988326,1926.124657056162,Medium
297595,0.0167923009367681,6.524337477404301,173.56748389929743,33.846149658188,1213.9749912342909,1029.34574404025,Medium
108495,0.0466126126126126,7.58276679508258,119.10292492492492,61.59537057872207,4675.474664659206,859.2437449557665,Low
319534,0.06236328125,7.830969450945993,109.42865885416668,68.03467020014864,4852.179851527617,1258.3883297386062,Low
532058,0.0258723958333333,7.6900997098292,161.37298828125,60.570899783438776,4201.4570117239455,334.7316856373681,Low
388258,0.0345482479079497,7.231818839470634,131.60873430962343,77.64776453248189,6055.343555822881,2353.971375276825,Medium
84477,0.0370828454332552,6.974213120541224,111.54127268735364,42.16233276488055,2152.2506475102423,1436.3759257833146,Low
303863,0.1657265081206496,7.839064990016118,104.35418358468678,66.9891375062967,4655.366156886043,6080.096380901517,Low
224051,0.037890625,6.109086493495001,183.69173846378504,61.57699434737646,4120.929446573543,947.2015227154496,Low
557672,0.0362009237875288,7.109119728881173,81.00261980369515,73.33118225596876,5501.634529184345,722.504594210725,Medium
459396,0.0881017984535862,7.447375441159104,120.50731823230382,70.27266846597517,5056.254757524555,1095.4422130627872,Low
371042,0.1042202102803738,7.460611479457136,149.95925087616823,58.75944325199659,3567.245428853524,2155.4312891759314,Medium
104198,0.0915893333333333,6.590586180857326,153.46547733333333,83.72657293945265,7246.87624522952,3540.806500418532,Medium
28452,0.0215494791666666,7.622352528234122,100.52268880208334,55.54744704519816,3123.7188841964976,348.20139332576326,Medium
245311,0.0694070656585074,7.264634827854491,158.62101648938443,74.30613239483691,5634.183986468216,1212.3277869243193,High
171190,0.037431640625,7.370189932729566,73.88266276041666,64.44092337692038,4818.540825146022,873.0184232252333,Medium
187243,0.0351399739583333,7.216652082807896,157.5027278645833,68.75067248047169,4895.220349234941,1714.5216986211035,Low
230993,0.0672104779411764,7.538259151055312,77.73341375612745,66.32622024953275,4862.84592762122,2102.6289343789704,Low
88218,0.0423600260416666,7.2128879613554915,115.73302083333331,46.31358570465564,2722.9869707016487,3262.7310635993854,Medium
52996,0.0676973298122065,7.63625097901663,85.20308832159624,54.34565323623902,3010.213309953102,631.152639631013,Medium
269632,0.0346238290398126,6.556309448736309,44.75079405737705,41.230533131332976,1847.0056351565945,853.1933528058632,Low
281693,0.057672817047817,7.463214455632752,122.00690293659044,66.97391557539542,4885.556924479807,1743.66221970649,Medium
88269,0.0578743489583333,7.312268804215129,76.86064453125,52.11020711455751,3079.691481092633,2560.1440201318424,Low
498807,0.0592319542253521,7.260192846105486,154.2312353286385,63.6340123047952,4151.472925576381,1280.830173771041,Low
12670,0.0685565128504673,7.478841072041539,79.64071991822429,52.48511449694493,3340.1527289647825,393.6318633810765,Medium
359135,0.09180693793911,7.730230255132998,98.28455430327868,60.263959750927135,3590.7024323782284,2449.17386489613,Low
173033,0.02064453125,7.507667909412903,170.70768229166666,67.60903124839889,4433.460403056488,413.2514056191338,Medium
226147,0.0510416666666666,7.367504920743393,98.54960286458332,53.37242492786725,3148.443871625003,1027.0508867627354,Medium
364102,0.0264761306532663,7.189399181616255,179.52781878140703,60.27639446652599,4416.222139883253,355.73546963751505,Low
214869,0.0988671875,7.856366717826379,100.13910807291668,69.03922480521103,4538.092526197109,2532.653569099416,Medium
54593,0.1319855093676815,7.689030157334966,111.67197014051524,64.61474711573581,4318.450443826382,4837.6129663685815,Medium
295231,0.173955078125,7.9065506268965535,113.73000325520832,75.93183129261739,5765.64300345051,4232.507478433567,Medium
473015,0.0726873536299765,6.637344189186976,72.7883050351288,34.52499598425138,1617.185405094885,3267.9605497340567,Low
261732,0.0436572488584474,7.245048193174949,104.10786601027397,51.543622130783966,3757.461765033923,18046.007519194467,Low
527960,0.2098982728337236,7.709197988718781,90.671018735363,64.79796660127593,4305.053282473869,23103.13632914431,Low
39769,0.076865234375,7.609544373426698,119.86868815104168,51.2519803990883,3792.5507090701,2516.995204136107,Low
207585,0.104658203125,7.838824404382644,109.55470052083334,67.49021666206595,4864.106987297779,4318.374497832193,Low
362716,0.0605130269320843,6.217246909370747,111.67324721896956,63.21702660834116,4471.872008025141,1377.4677178748973,Low
5586,0.0788411458333333,7.465968395091722,114.21220052083332,58.87104847497728,3744.853364205141,1082.6718887912325,Medium
414638,0.0329040112777137,7.710245162038063,153.25694444444446,61.73104720220966,3896.808432951809,389.024266292182,Medium
66817,0.0321163868597547,7.619260878814111,128.90762367038317,59.27093346617657,3563.8302204509905,470.0768205517864,Low
534673,0.093095703125,7.625733595655232,145.484287109375,73.770498831828,5553.578620253912,2686.000057046848,Medium
141597,0.0838297716627634,7.848909332950146,147.1648492388759,76.32613922160294,5861.641770909314,3744.37136896078,Low
101884,0.0333553403755868,7.120514714337676,95.9611465669014,55.40788182113506,3070.033367904869,1405.5198603965791,Medium
322574,0.019814453125,7.246355374465935,83.10013671875,66.80381018077343,4566.389125299012,983.1329247622066,Medium
52007,0.124619140625,6.9796644332068745,161.75639973958334,71.62215736655946,5297.802062273085,6713.713334286742,Low
400794,0.0602552816901408,7.353753956766359,122.23603653169016,63.9815650527342,4144.973979779074,1170.4885022373292,Low
340894,0.0689095052083333,7.669601261680762,119.36569010416666,70.1182924500611,5020.013559762076,1362.3169190287167,Low
475484,0.0789025821596244,7.526892797176491,120.95802523474178,65.0808434271883,4620.728153655519,1036.3883315665707,Low
172856,0.052373046875,7.289143840518713,113.07072265625,41.49611896227035,2159.448744148304,3733.730137954331,Low
163951,0.0205686475409836,5.198631953720688,222.4044386709602,56.58016531354668,3402.756309295164,741.9194488567535,Medium
261712,0.2092436974789916,7.698424291426705,115.16497505252102,52.19026500637669,3163.9403503044537,15503.31830183178,Low
127624,0.0264107821777948,7.506604844626366,112.05927741466957,53.2779236046935,3574.182003473616,439.0260762714285,Medium
180798,0.156384,7.418432873145264,117.18872,47.681929890629775,2495.323703155968,2551.4875123171555,Low
507893,0.0126536885245901,6.851553730440783,80.35576697892272,30.80663011643293,1066.6415204845557,263.7334909759945,Medium
574702,0.1364984984984985,7.509413807850704,80.78218018018018,70.05669773025585,4988.040021106452,4933.441703460434,Medium
119911,0.0699889705882352,7.074143434012249,137.24063602941175,37.02283807535951,1588.3439489452676,5103.913112973832,Medium
75612,0.0346223958333333,7.749416563119663,121.97810872395831,65.45814089113038,4170.479647041176,1183.3495295745424,Medium
317999,0.024133346148917,6.841766314043612,176.14478939724037,46.42809014309518,2169.3195961954348,209.69341919774445,Medium
190307,0.0867910879629629,7.616670600442414,160.74461805555555,60.286332310033465,3928.968811375315,2725.3464139896264,Medium
102644,0.02504,7.336176993734691,86.27930666666667,52.65234256060492,2703.7635817629107,223.46294189556625,Low
427997,0.0648547021028037,6.664095229855351,89.58359375,28.113591265387942,790.3740138372974,846.881539277733,Medium
60886,0.0454354354354354,7.175360080632762,97.4571051051051,40.265773112561945,1872.5994665249875,1397.9028712447223,Low
507015,0.0445349178403755,7.328914559692609,113.11060005868543,56.63358008732364,3179.507369690185,3742.8149137900377,Medium
327890,0.1148209635416666,7.452088625446722,109.821337890625,55.96502968774011,3588.181709416531,7578.548926593993,Low
308799,0.038928,7.520326194922306,113.52732266666666,69.29189601585372,5238.015953284589,761.389334404665,Medium
296634,0.0881932947019867,7.3763095602610065,99.68956263796908,66.03105314442361,4696.7205966787005,1459.0493953784237,Medium
15597,0.0324985565819861,7.395775812267471,129.47277713625866,63.58920781639818,4365.265009546011,363.9618399049072,Medium
451571,0.098017578125,7.722714993767094,112.46890950520832,56.92349332195701,3227.4202823850987,2698.381051771789,Low
266981,0.0624669894366197,7.60385270945255,132.4116160504695,61.52985160625908,4470.584860167008,2006.36188376644,High
245513,0.0698267716535433,7.253888583387721,102.58913385826772,52.31113858930659,3218.436648331328,1797.179254480308,Low
138819,0.0157063802083333,7.308356963082447,101.437353515625,43.8762377543984,2080.279213229077,1042.8699067433251,Low
382122,0.0720813679245283,7.254766152218647,71.33559846698114,52.059028957671295,3099.8694327726867,3584.978038616337,Low
252701,0.056865906084656,6.995860639864908,164.76453373015872,40.495110980311246,1782.1736953188097,2638.300585186901,Medium
208208,0.0569205729166666,7.684306149575628,122.72173177083332,53.43368372455683,2983.3404965970462,3804.618649114991,Low
434297,0.0312337239583333,7.699711844230624,116.2471875,55.4312840479492,3387.542950878041,492.1889689127604,Low
453341,0.0772330729166666,7.652358434413414,132.92590169270832,60.1866045791668,3676.624579318036,1408.1962366035357,Medium
308631,0.1293060446009389,7.856628997140454,111.6542216842723,72.74710155280465,5355.878666772934,5266.340118106989,Medium
103585,0.0262941176470588,7.618675368005401,114.6082463235294,54.03982759555189,3255.050649812531,576.8285439098183,Low
32941,0.0683337882096069,7.560095845117974,131.34953602620087,61.55757020740271,4109.409215290204,3092.295120575224,Medium
420472,0.1041764410187667,7.244192390747817,61.05210288203753,50.69469608906972,2705.8094445288943,3582.116228278488,Low
315257,0.0483341439688716,7.751150268178938,123.98704401750972,67.56243488924832,4650.703060185536,1430.366767952113,Low
533958,0.044765625,6.921129781292474,180.752734375,74.51986933120844,5816.413343478143,299.76683762058616,Low
351589,0.0568062060889929,7.175264478594588,58.35926522248244,52.205388709322754,2663.299946275681,2078.7981625206016,Low
293804,0.0362522522522522,7.284186713844093,63.24696096096096,55.145127893621584,3005.835318767969,961.1396734130526,Medium
547816,0.0653542154566744,7.380150174605821,153.46948550936767,44.46910748557647,2035.112724884792,2396.2778994980267,Low
376856,0.0645735677083333,7.3070577429694685,94.971328125,42.26420424514895,3085.845806288991,1278.6966629216406,Low
22969,0.08656,7.759034661751949,129.45333866666667,58.59062426748246,3502.8502950380475,7081.243119262692,Medium
189475,0.077312,7.719991963986867,110.945808,58.1762895278406,3604.7924388302886,975.0496289399182,Medium
362520,0.0778265035377358,7.4910050753201,114.08707252358492,48.10476918902543,2347.9869174145765,3234.511612707392,Medium
527220,0.1039408284023668,7.628654829263127,83.48826035502958,69.32768970913129,5985.892067539371,3655.166207692307,Medium
319696,0.085069069069069,7.310797878757387,65.92067267267267,48.614825915215725,2809.568663771556,4501.324462502143,Low
202001,0.0417483731019522,7.482029669477766,103.57496312364424,76.86291726711971,5923.227351313818,2391.0839638528146,Medium
78404,0.1079428571428571,7.554098030737802,103.89642857142856,71.70800313046783,5142.037712959184,3067.959407600196,Medium
397327,0.0040215163934426,6.680595758137161,161.35863583138175,28.7682626307203,840.1964232582623,339.94313339292404,Medium
398377,0.07752,7.855249546045266,122.429392,76.87528158329135,5848.392618467234,2010.0501652964688,Medium
498709,0.0601029411764705,7.579020124484495,126.90595955882353,49.28092861115521,2572.066679705518,1191.6431350220453,Medium
383838,0.0083678784013605,7.434520676682222,107.95852465986394,93.08424096403527,8725.697204508619,238.1206533915512,Medium
449661,0.0434171597633136,7.243946683259721,133.1724574704142,38.50858854758008,1575.3643262376947,802.2116675416727,Medium
516318,0.0185048302107728,6.036998547984885,184.7995242974239,32.37933286960216,1065.183082527962,961.5033448901092,Low
304365,0.0764088114754098,7.366180736412706,106.74178864168618,46.31133803553413,2596.018762368659,2917.023874304614,Medium
106281,0.1469558823529412,7.689067517065298,116.9766911764706,56.79806989206104,3444.0365101510374,7236.466730933377,Medium
449406,0.2594894894894894,7.487349515299044,98.5137057057057,45.204418166405375,1998.5254384915363,10668.52071804774,Low
474854,0.0310399469339622,7.574207033239823,168.73225604363208,62.30116609275454,3881.435296516988,639.1836456369989,Medium
474095,0.0513213213213213,7.835528304826444,117.37223423423424,67.95645271568321,4618.079465698888,1555.0711349202895,Low
490515,0.0078381147540983,6.167153390533379,160.11786446135832,37.29507314538434,1468.145187184142,246.5291550269657,Medium
324614,0.0112851288056206,6.758092605190591,169.14779347189696,63.83582732638832,3828.067802432504,157.64402232010832,Medium
571264,0.0909294307511737,6.764428098903585,162.7048965669014,74.28049105068037,5517.591350730206,4085.798824754149,Low
142790,0.036864,7.0029655350670605,179.50893333333337,68.48606406315245,4722.379702247974,891.5416224312888,Medium
119233,0.064502994011976,7.494328850665992,80.87909580838323,61.12222582629726,3966.833079816296,1248.6644758888451,Low
118594,0.0415755208333333,7.290278779197533,140.60183268229167,44.15858290193312,1931.0019710029208,1133.2276724221863,Medium
568690,0.0349088541666666,7.487699419640514,137.2426953125,45.90413533279935,2172.3045772403643,798.0230176052094,Low
548506,0.0149301470588235,7.876001697259021,133.45161029411764,69.09087406470263,5143.044797147555,263.32677455902626,Low
125405,0.0925598714953271,7.372461072754714,166.34418078271028,56.95581500766137,3310.00387610619,3048.883217825348,Medium
455267,0.0625618489583333,7.57026356288413,89.95685221354167,63.21096691348991,3884.0932952780754,2637.818725922807,Medium
550939,0.0974768241626794,7.274340511328385,120.11127392344495,47.98651381758376,3008.003018195906,2746.652768250958,Medium
7281,0.0462430747922437,7.001559214692968,153.1443040166205,44.27270019765262,2300.515503231401,1406.9075476412083,Low
339870,0.0478663030660377,6.2620737404146585,41.47521005306604,36.03353100740799,1354.2591643451651,1282.779503190722,Medium
529528,0.0414894894894894,7.845393962899008,102.90770570570572,65.78305361127516,4335.761273435405,339.199224229599,Low
1818,0.1687279411764705,7.530749159375496,116.03209926470588,94.3620604051327,8876.5371557917,8272.972020051686,Medium
106757,0.0578821889671361,7.682998404225518,106.33476012323943,59.049866087285245,3776.0751221570354,1977.808912029378,Medium
136334,0.0241536458333333,6.69497957061791,131.6730859375,75.49555106999621,5787.398014044161,554.3451691605886,Medium
17031,0.0504730538922155,7.682846709567577,122.51747904191616,61.73302190792455,3661.557198320951,740.3676924593568,Low
143961,0.0984594452247191,7.617339762728839,117.7469452247191,61.29777523200224,4623.0056777517975,3281.362621721331,Medium
438017,0.023408203125,7.418711334435452,77.39296549479167,57.97582904323241,3209.1695208390483,1352.5142805735163,Medium
273420,0.033705,7.395985112826569,139.218425,52.983317992735934,2972.8604499683665,701.8280082839,Low
229216,0.0709837147887323,7.694672576324587,105.80121405516432,52.49153979026587,3369.249926352306,3740.064856605522,Low
63602,0.0351617647058823,6.971338064296341,102.08997058823527,52.62304580134924,3080.236974182391,853.800926500811,Medium
533493,0.0415516014234875,6.456425486725081,120.3716868327402,86.40547447770234,8655.889201181173,2391.852707497828,Medium
475572,0.0456822795823665,7.456458288443802,77.97927784222738,48.55757167165448,2353.4477107712,1452.8216897168602,Medium
127263,0.0885392271662763,7.520718352667677,106.69176668618267,53.539061894540495,2899.2724594649044,1182.1035353665284,Low
215245,0.0596842447916666,7.407856006545763,162.27490559895833,56.50949948220538,3750.663808901836,2874.353529693561,Low
86582,0.0612009660421545,7.622811140567954,100.70963846604216,57.60477731602863,3399.37840726974,1283.9337958207454,Medium
509824,0.04501708984375,7.88537771059781,120.0357177734375,71.02131882855254,5303.396813511401,1096.9575799063684,Low
144114,0.0196916666666666,5.289300480677707,224.35704583333333,44.95983612187919,2130.288239882795,843.2853996197223,Low
488075,0.0274772135416666,7.617559291430951,126.642802734375,52.920017078979406,2873.385849067709,656.361000741058,Medium
569972,0.0737287674216027,7.629462076883593,150.3317944250871,52.364401121315005,2867.799162585205,2349.9587352631693,Medium
384616,0.108505859375,7.590317365632358,110.56470052083333,52.26934207673051,2988.334179639159,9399.224316109116,Low
110042,0.0827720588235294,7.656823786203642,115.68451470588236,61.89054271738716,4296.650673372324,4047.501019138787,Medium
208423,0.037998046875,6.832434200744068,133.18195638020833,33.1533340977582,1377.9175159114093,1671.3601574855802,Low
544306,0.0287522961254218,7.623717475522625,170.0122682515272,60.19213550214637,3212.690536664715,246.97339997524364,Medium
84492,0.1087734741784037,7.903402115730029,119.28041373239436,79.53502038848906,6540.124044791213,5106.937555493722,Medium
25394,0.0430924479166666,7.300620630959779,63.72205403645833,55.3484843690666,3186.191731050237,1615.0635179517958,Medium
57597,0.0662668720657277,7.093651944756863,72.83370745305164,40.44501791489586,1728.135084838499,2493.1204680602887,Medium
331604,0.0066671545667447,5.321314398710454,113.448843676815,19.973860885826152,527.6078462816976,147.55391905725654,Medium
500423,0.0448367974238875,7.5424920512666676,95.96357581967212,50.75703253590103,2772.7963975591724,1145.6588614896848,Medium
450559,0.1233643149882904,7.658336532480808,142.6448331381733,81.42761220023223,6855.455870072948,2353.081066892737,Medium
76625,0.0317838541666666,7.438276330244326,101.05668294270832,49.4887983820502,2530.362769399381,492.0808505635156,Medium
431848,0.0580439814814814,7.593916884812065,111.33681382275132,77.80361030412541,0.0,1350.8766289991022,Medium
15254,0.084557962529274,7.576118093170615,78.04275834309134,59.857555999873234,4222.410965966786,1067.2771274875274,Medium
167486,0.0602473958333333,7.046417613425789,52.77015299479167,59.39077772092992,3859.923582496074,2097.337525628143,Medium
514797,0.0444476082004555,7.122067322144092,137.12879057517085,47.70502526892905,2895.0112384793933,4217.180951098418,Medium
567740,0.0922591145833333,7.6919976153235,131.79876302083332,64.80992078226308,4383.379869319827,4390.792064872223,Low
357459,0.1857325819672131,7.661783861558086,103.70278834894611,54.11944495142576,3298.2346515533222,10434.04874915246,Low
465585,0.0877122365339578,7.424017770509031,91.637800058548,45.05185401702166,2210.917624775508,902.8817589022948,Medium
229358,0.0398382092198581,7.372243821178016,115.79626182033095,50.23150993196328,2807.9253756411977,1403.4014461544098,Low
225670,0.0919130562060889,7.262609544663779,171.68478849531616,67.60810290221399,4692.329315055195,3893.6613192659793,Low
226111,0.068359375,7.27355890206509,125.33906901041668,76.23131998587922,6150.8510536261065,2365.521560296631,Medium
570169,0.0072584219858156,7.711700471338521,103.2700465425532,59.94184610070498,3730.483019573609,103.71949603782916,Low
60932,0.0683484228971962,7.60406945614651,85.5882702978972,72.93184244450319,5356.003298655593,2436.173065058654,High
344611,0.0473518192488262,7.635391813625298,92.09675762910798,57.86348901480021,3624.671563241474,3710.501302051032,Low
49060,0.0812043795620438,7.834048515649287,120.22455520072992,82.34458969624444,6811.602943305905,1010.3417184331336,Low
341828,0.0468810073048827,7.807919805696551,149.17272202998848,80.62611832605315,6500.570956326724,1393.318288462639,Medium
385190,0.131664,7.785283251956366,134.27458666666666,66.78307322090797,4697.424689624387,7122.163148860985,Medium
235057,0.0639973958333333,7.479784308741721,87.57976888020833,47.8256621066156,2332.4957880280845,2051.512500801553,Low
291861,0.1327098004694835,6.459945028992464,58.209268632629104,75.36089731686772,5679.264844403481,7616.295445367181,Low
142971,0.103856850117096,7.290488939989618,98.12826405152224,42.999007229110056,2206.5847905879905,2844.6933066111856,Medium
550426,0.0435809795673076,7.793633685578823,100.38258713942308,63.26983122505238,4328.632783430065,417.1303977460692,Medium
47010,0.1078776041666666,7.770748264216737,135.80447591145833,57.09405647967885,3587.091475739868,8227.351187249757,Low
355610,0.0184133489461358,7.549372978274169,128.76348799765807,48.25886144688901,2328.917708150031,218.78061283400947,Low
5037,0.0903198529411764,7.817516906901723,124.06242647058824,74.90871459351987,5796.470464922971,4158.05476085682,Low
581615,0.0209041579497907,7.2270969412690516,126.37576163702929,39.59762230466273,1576.5255010824983,424.6892735990331,Medium
104619,0.1138346354166666,7.65208240510967,143.912158203125,73.27168488990259,5372.323945668616,9199.265751084393,Medium
386277,0.0141975759345794,7.786198595037846,98.71383250584113,68.54782728961389,4577.4404839605295,371.7448113165369,Medium
412240,0.0444586666666666,7.795903916386098,123.08567466666666,78.69132112152833,6657.052409644534,697.6934191325582,Low
567197,0.0947174447174447,7.746032063229613,109.54472727272729,71.66096747821184,5186.723314507905,4987.788160425961,Medium
108440,0.083820564516129,7.555130138351751,114.51856998847926,84.70935395784261,7810.901721360063,4292.763241647465,Medium
216497,0.0281673177083333,7.613749707200776,110.83169921875,58.377509328678514,3473.85574181662,653.7805431263288,Medium
117914,0.08,7.186808135659328,189.7261921921922,46.86715981285855,2574.3359060412245,2066.8913282682324,Medium
183500,0.0408938953488372,6.696227747196591,179.3870203488372,41.07917063802197,1853.686772867856,2112.2806322665965,Medium
267351,0.0221024061032863,5.70269023016484,141.3419014084507,23.11321100008416,1549.60479930231,723.406979551518,Medium
64523,0.063502956081081,7.519377480484112,149.22749155405404,89.48297130651639,8239.160422445506,1606.444252346817,Low
565853,0.018224,7.091695947158633,91.98503466666666,52.258064054320506,2807.6247685444555,250.0022236620516,High
448448,0.0788346354166666,7.695024045318877,119.75544270833332,55.87438848063806,3239.22074155472,1957.807659502496,Low
491366,0.0519146666666666,7.154349913701691,62.56234666666667,54.42841836969442,3010.656022821926,1095.2394431978382,Medium
218091,0.0466455419580419,7.627558232812082,87.07281832750583,65.49029779494745,4179.366450154459,1196.7865522439208,Medium
255749,0.0324624115566037,5.096866224068909,23.082893573113207,42.69314081352485,1822.7042725234608,1246.172876937828,Medium
65455,0.184048,7.828673611568666,125.47108266666666,61.951414176389065,3843.2726597327455,9981.17612482287,Low
147745,0.078125,7.832049863751346,150.65591796875,81.19277026615899,6601.890076840612,3588.818108546692,Medium
269866,0.0335882611241217,7.762023548045657,131.59629683840748,71.84498945442054,5131.78223262524,1688.387616245693,Medium
146831,0.1113208235981308,7.727223214304132,116.41904935747664,57.871804105523225,3533.324109984785,4464.0751079255,Medium
294783,0.073532418224299,7.399248090005911,79.89374634929906,62.15832213891795,4308.529807934388,1831.973950647332,Medium
131379,0.0179166666666666,6.930955629786507,130.58808919270834,35.36714237573313,1393.3824390975249,403.4950162729793,Medium
163611,0.09875,7.744157143666274,117.44826822916669,58.9119361169963,3796.323084510203,2644.5155816616057,Medium
474164,0.0735905410742496,7.69030308740413,101.2771327014218,60.42732401286042,4080.159750546373,2831.9699766136227,Low
367195,0.0406666666666666,7.37672495547288,94.42664743589744,64.22182853537402,4341.891940391327,414.1482656958826,Medium
210230,0.0884163019693654,7.438296406818601,89.86618914113785,83.36073945859663,6970.954718831523,1888.1583336880688,Medium
539883,0.1483935889929742,7.888105809346242,120.21206088992976,64.1355409323292,4405.501245492151,8338.98335263233,Medium
379441,0.0413639322916666,7.31114675010774,111.41673828125,58.78515947956826,3487.9281925071223,841.3415546902021,Medium
410712,0.0662265258215962,6.682057270675539,51.49231954225352,60.343669635443966,3725.411645417824,1016.0576786399564,Medium
455157,0.06771240234375,7.411138285057853,118.13954833984376,43.92112566497831,2123.587399401679,1336.8550856883762,Low
85682,0.085739900468384,7.646257328532851,110.2533262587822,58.1790044465233,3540.2961728811283,3384.723578468505,Medium
279887,0.1142015515222482,7.776951204388467,108.10180035128806,58.98045251572881,3968.251885697666,3435.2831601234493,Medium
276720,0.0598307291666666,7.638449939118909,106.04053059895833,64.8619503160906,4786.326554912271,2972.518484304544,Medium
96960,0.0285303347280334,7.457867597895779,109.08746731171549,53.28046767789916,3030.070044709176,742.8788379971247,Low
231747,0.1005703125,7.389801723319182,67.42926171875,60.83336522189583,3646.385291333994,3205.709452938705,Medium
213605,0.0955598958333333,7.662838402972371,146.33315755208332,73.93962210468072,5660.823745175733,2251.86554035085,Medium
359540,0.0876793032786885,7.378386950428866,136.29701771077282,41.65478019039551,1890.6196316860644,3536.0405482392384,Medium
172946,0.0561914519906323,6.858647538813462,54.14055181498829,41.41532697467392,1832.30287100105,703.5524513829033,Medium
194832,0.1170183823529411,6.950061566041939,62.411841911764704,71.4894825681188,5218.693863867178,4750.264611269409,Medium
563470,0.2054815573770491,7.660441799335184,88.40587675644028,54.943391833897074,3249.1734518642284,13406.652068658004,Low
31118,0.1108204039812646,7.124373294574991,57.31893662177986,51.48061258287306,2617.427954535639,4754.633677996264,Medium
463037,0.0269650175644028,7.476817727349362,103.56087163348946,60.594329484391295,4077.312755902413,807.6256667724316,Medium
229311,0.062816,7.626968369105585,85.17922666666666,61.41752488610469,3965.0993130549664,1694.0245471931448,Low
66706,0.0938875005339826,7.6735431462335235,100.01302917681234,56.287232123758166,3320.9517498080163,1138.154208972993,Medium
9590,0.0621230971896955,7.205544291197175,65.8770930913349,73.83787846237111,5534.115231616529,1236.983765479776,Medium
179653,0.18173828125,7.393500364958597,104.881767578125,86.64485159664014,7729.441491633673,18348.299776145417,Low
113403,0.0557026053215077,7.541799244001069,141.3744006374723,53.1840640311861,3824.310635226641,1212.9700186798948,Medium
490125,0.0673194029850746,7.437302163563969,93.50300298507464,53.208701089005125,2828.5559948484915,2695.5270297170864,Low
51976,0.0041070385514018,6.577068308649693,79.24967143691589,33.69949161550089,1180.2071006408348,284.9600330055777,Low
236845,0.046780303030303,7.661104041846581,112.13894255050504,61.14812381920702,3953.0743665605937,1115.849898916206,Medium
355325,0.0690736140167364,7.748371852926116,108.66269286087866,58.06627850519664,3950.5956881055713,1221.8004614594183,Medium
184321,0.0401529947916666,7.24624590616851,84.93140299479167,59.061534644208166,3671.168028545729,1276.7914968156178,Medium
244496,0.0268043478260869,6.710177915329703,58.66592753623189,46.27688882225352,2470.1551838897467,472.5872384347301,Medium
160728,0.0556227992957746,7.466941432940229,145.63186252934273,60.04132023654655,3950.7952565965375,4443.632218288334,Medium
363666,0.0865341587112171,7.82313284298141,99.31442049522671,64.81359098259303,5361.090750783372,2428.131142810082,Medium
151820,0.0486643735362997,7.336373608948502,95.64231191451992,89.21350653787063,8092.134069499453,1740.2047013332606,Low
485027,0.0292702151335311,6.321755341215569,99.27371105341248,32.91733572166722,1747.2792850852777,962.180670310229,Low
308545,0.0289373536299765,7.724734518187121,122.33767564402812,62.58746974351011,3928.332583583936,446.7531350470852,Low
61268,0.06953125,6.665941745481931,100.78866450471698,97.64254785631168,9600.204437736284,2447.1496755418543,Medium
231169,0.1455740638766519,7.636531536176409,125.07778772026433,60.81651088666139,3698.647996427404,6584.216461062494,Medium
386210,0.0431289225941422,7.886313252906957,116.37533015167364,68.1343398653197,5055.75548504427,1796.7770100858638,Medium
368940,0.0254427083333333,7.548908087055959,117.71657877604169,65.45415798909075,4391.820724148341,294.018691387558,Medium
441247,0.0547317216981132,7.37722726222876,128.1102373231132,47.38715129395497,2387.1225038552843,1748.0229427914674,Medium
344614,0.0912624215481171,7.463638191856207,120.43077275104602,50.56008997653468,2814.172523786052,2264.1189174209367,Low
93154,0.0685816744730679,7.429999874650289,135.70704771662764,63.673510353701616,4404.335628588528,2687.126845316151,Medium
549220,0.0450813802083333,7.753953466625873,91.20944661458331,69.65237674726342,4887.532480193647,2097.0270992423057,Low
466156,0.153616,7.784297018770024,105.33824533333332,71.8423926529071,5248.674498374599,9438.251254628663,Medium
174004,0.1333235677083333,7.500113452423721,109.1076171875,48.96418513927761,2610.1855667183977,8204.47877298885,Medium
291664,0.1194674744897959,7.418464108312139,165.46825573979592,50.13832054668784,3039.1919861873007,2555.813716907804,Low
537053,0.072802734375,7.002010505248836,118.86045572916667,34.02634597050954,1138.452795574492,3666.10351001908,Low
117492,0.091110543224299,7.380119372388628,67.9214624707944,49.39064497722775,3034.559633468716,2838.984007191828,Medium
403122,0.0504281323185011,7.424607609179308,113.94651273419204,71.88612303650096,5009.194892252446,2204.505750969581,Low
187513,0.0253732435597189,7.491373216144785,110.72332772248244,50.25179740942859,2632.591724536632,375.68841802465374,Low
336232,0.0904566744730679,7.60191485168921,94.7119730679157,52.98068588444434,2941.6692630245307,2260.204195885562,Medium
435208,0.0454427083333333,7.797271027815563,103.87200846354166,63.04078289186866,3940.0664174820618,602.0155300625165,Medium
175535,0.0374542364016736,7.728177545713216,125.88319822175733,63.77175439077098,5105.7317527897885,560.7130293515065,Medium
327617,0.0801038918205804,6.787269065917366,156.32952671503958,54.84237468318432,3191.3592583730533,1820.223118850772,Low
439426,0.0835546875,7.608363918749564,114.96195638020832,52.25631062320242,2904.511856166059,2737.1351739450665,Low
263679,0.0285959404205607,6.778668273041456,125.7617917640187,48.48224828206203,2966.2885957236467,1547.3444869332202,Medium
467176,0.0353387850467289,7.191748532944191,70.2542019567757,43.91338062642836,2101.5146724534843,748.5376240820364,Medium
193674,0.05029296875,7.746597089594882,108.145126953125,64.96025369341062,4373.29659988782,1946.280237401231,Low
352684,0.0341538915094339,7.082066104124671,91.2827719634434,39.14087020735007,1772.180448542081,778.7581221352017,Medium
561256,0.0863411458333333,7.578888056520107,145.512197265625,55.46195440464536,2916.496499501214,1597.395904515542,Medium
55299,0.0581475815850815,7.640966643909922,115.8320622086247,55.5124202393644,3309.387459078001,2536.4486740876814,Low
324258,0.04080078125,7.448140279035273,114.33451822916666,49.66759505548887,2576.909626214169,799.8352997334798,Medium
29640,0.1062133215962441,7.794645080114933,100.65620965375588,67.38345809931401,4918.282291082544,1565.0595639290802,Medium
46378,0.1097786458333333,7.726552805273115,105.05303385416669,84.20092281891064,7186.7611039752965,11407.504707231516,Medium
380203,0.0585664335664335,7.356137971483008,64.6748870920746,54.10839439219048,2984.683103540248,2677.6350731194143,Medium
186282,0.0330979215456674,7.434705195313919,83.9980862119438,50.62935585675304,3334.5067186306765,660.510809648184,Medium
81766,0.12095703125,7.900472287158706,124.49091145833331,63.733559476906095,4119.447769647464,3532.9015164793223,Medium
192699,0.1095562089715536,7.865422076927846,104.57804294310722,64.32010205647258,4316.979827721354,1448.5093362592038,Medium
87244,0.0771573333333333,7.397076642965002,77.44874133333333,62.8898771018232,3955.1366418824255,4822.391290512953,Medium
575500,0.0691901408450704,7.385321402314306,107.70001833920188,72.2848070205442,5555.519030954027,704.6626881438524,Low
6954,0.1560416666666666,7.489991437433529,145.94218424479166,69.48841602292363,5297.089594554072,4552.234151234266,Low
233238,0.0673046875,7.224176220221413,73.08027994791667,38.94500655538156,1728.4026999221344,1045.6696619135432,Medium
27932,0.1280650560984437,7.711093314674215,112.11755790807094,59.41323393276022,3447.524249479331,2659.854317539419,Medium
498857,0.165472,7.525482933192377,110.98722133333334,47.004961178287815,2240.330823439037,3130.884751937166,Low
347693,0.0737192622950819,7.638111125082784,89.29570403981265,68.79945156115821,5046.581741746198,1815.8874583376755,High
138954,0.0454712930924003,7.50846013234547,112.48548902131658,75.47449061248312,5787.704592128893,643.6408587575002,Medium
410456,0.0763216145833333,7.500797176732584,122.40736002604169,75.0955626766365,5912.494459453371,3261.420439664957,Medium
491683,0.0266830601092896,6.869590050779948,112.60951912568306,64.7625608222037,5509.927512353966,1854.5661976780136,Low
498463,0.0288216145833333,7.635816632298167,114.71322591145834,53.41043585675556,3064.892541066308,494.88124767505855,Low
277197,0.0753806089743589,7.560206925419009,152.3883092948718,56.91022022635327,3513.5126203375617,1180.7729292251577,Medium
244379,0.0229155441810344,7.737586710904741,120.93758755387933,84.36786929574184,7027.670389904971,1130.1851286999931,Medium
206271,0.0482778637770897,7.760590109519103,151.25206075851392,81.36045082951586,7015.562125054643,1805.560060361557,Low
111179,0.043984375,6.86104738361276,123.20213216145834,47.49230370775366,3276.964767154521,1857.5912627834325,Medium
354072,0.0396413649025069,7.157471863173032,124.25936629526464,53.3853829379996,3075.019090139725,559.1097820804771,Medium
352900,0.0573441159250585,7.395167731490297,135.28539227166277,57.77484681751718,4214.331502627842,996.2441207827244,Low
89556,0.1124674479166666,7.741331270787947,117.84586588541669,80.92665282344235,6590.072416720577,3588.216293737623,Medium
492077,0.07830078125,7.272064048563735,97.28888671875,83.65745369533218,6967.712913747781,3679.066954962147,Medium
262631,0.043095703125,6.895439148644542,54.99660481770833,42.75955315785229,1949.5792976326627,1359.3620189725134,Medium
384661,0.082416,7.881110837162921,122.066768,69.44530567792788,4926.416821573888,1553.912041528889,Medium
187734,0.0864876302083333,7.5807294827279295,110.14169270833334,64.39110388177784,4767.7304032604325,4394.629750823975,High
273715,0.076798927613941,7.308028928092792,134.2642949061662,68.4018637800017,4785.8965461241005,4312.390345038518,Medium
173799,0.1684518129770992,7.678106801834801,128.12435591603054,52.42111666940717,2910.458717700372,8902.574188500947,Low
226408,0.0484375,7.800418059121783,105.57748200959487,81.68692436008506,6672.753611410258,822.6198533467718,Medium
120584,0.0385904947916666,7.62131776444146,111.09063802083334,62.22849926429754,4533.135533590892,1465.846952560414,Medium
343149,0.0683463541666666,7.84854494813452,125.59861328125,74.89799344813035,5647.884425623102,2024.7333753737448,Medium
426795,0.037421875,7.801561518880685,127.585107421875,63.92341000424251,3701.094536469671,632.8266600917816,Medium
99024,0.0450661307053941,7.289986865625116,142.0178747406639,42.62394794330681,1939.1153082898727,2505.9257868657155,Medium
246308,0.0711067708333333,7.622538521968267,96.82143229166668,53.416706069089074,3239.596823976213,4967.715093976804,Medium
455555,0.0779971590909091,7.10544326802778,152.5607471590909,80.63007357263241,6501.208764328117,1610.7577880445428,Medium
453708,0.0491656908665105,7.159839199843806,66.88924912177986,72.2586556227319,5184.490832459883,262.92469605241365,Low
250619,0.0324096933471933,6.630954784912472,168.8544406185031,43.5944894554486,2218.4986168275946,1794.709654591303,Low
2006,0.09505859375,7.422060902204553,122.42525390625,59.84501939689901,3623.674543724665,1903.0787641804588,Medium
90284,0.0351476917057902,6.349106688701576,136.90397593896714,45.1599405954342,3628.837234618589,868.06756244051,Low
501023,0.1605066666666666,7.780672132053456,143.09400533333334,58.41321535689195,4081.915126023349,5272.695718026666,Medium
67534,0.1267769607843137,7.8528774196841615,121.71936785130718,69.83667562934414,5380.042941198554,3694.1915514050233,Medium
333745,0.0322819086651053,7.720591650660502,104.79750073185012,60.80323647565218,4233.499845603964,473.5633336417568,Low
274411,0.0324163732394366,7.034296227532473,75.54234521713614,53.6336592044984,2824.55203264484,835.9033771785416,Low
325031,0.1297286184210526,7.84612329603262,102.59854800575658,65.10059410991008,4804.469111679646,6857.219158631052,Medium
575357,0.0626379690949227,6.980721350264502,115.75081401766003,41.398206388235984,2147.022348738277,1508.7159516691956,Low
571008,0.0389705882352941,6.953734453124133,145.9241580882353,72.04941304964628,5363.276195017567,686.3868641797011,Medium
333069,0.1511572721962616,7.755283688146659,129.85686331775702,76.26279299130161,6748.220402864827,9910.4649401737,Low
402615,0.1331857435597189,7.643511887363417,109.42037470725997,71.42304327069064,5920.450802508825,7050.489197022396,Medium
534605,0.1193708333333333,7.722323947976085,94.5322375,68.52035161719176,4863.749544670804,3259.471069658264,Medium
433915,0.0198665364583333,5.362293649531503,52.28611979166666,68.12096340331709,5256.527704642169,177.02377604162427,Medium
41633,0.0558857808857808,7.412361431942718,161.83580638111889,81.44048419378262,7115.23048105157,2442.1811596198413,Medium
82180,0.0792316176470588,7.624410120337183,145.95404779411766,52.997999915208325,3016.6805363041826,1253.9834817646515,Low
432898,0.023952,6.957559479414956,155.131372,64.16631260558468,5045.729249206223,1538.2928127676,Medium
493566,0.1665956439393939,7.691061032722477,102.34652580492424,70.63187568186274,5258.414382336351,7189.702938968843,Medium
378454,0.0334894613583138,6.58649380585302,120.18973214285714,25.757721664917543,911.9956181516258,1942.4575905263755,Medium
229849,0.1458247950819672,7.660430543606233,119.99356337822014,58.48672610062216,3657.099424905056,3700.720883714533,Low
474170,0.013427734375,6.056090819556134,63.707255859375,17.776469427905383,325.8526495103695,705.9433880869125,Low
210273,0.0505439544392523,6.394448650101918,91.97292275116824,68.34770974014634,4640.27927017761,1013.0096050965016,Medium
279714,0.0261764705882352,7.41087949451642,143.85807352941177,80.02599956812128,6845.346979188387,242.74311748365864,High
97230,0.01107421875,7.509619696764368,123.0040625,74.87849230452078,6165.259804097631,1459.6507093146006,Low
90208,0.1392737470862471,7.8298092962648065,107.05065195221444,67.43328321897819,5209.825832462676,8290.043515274736,Low
217060,0.0018607954545454,5.210608964536082,122.49569602272727,14.3785231334274,209.6712410231788,73.37065653791193,Low
205105,0.0227365654205607,6.443394911424471,40.2129855432243,35.9439652458721,1283.5185559874492,695.8697106887213,Low
471756,0.0898968091334894,7.620733590830119,140.5456967213115,57.507619052141216,3370.2070844090194,2542.285345140481,Medium
270297,0.1807230679156908,7.755617565408758,118.21652517564402,57.79443648660151,3815.7269254272665,9348.421594103442,Medium
57725,0.0909765625,7.539962289457277,83.03055989583333,69.10365381830894,5087.534556425628,2719.335823665195,Medium
478420,0.0505631510416666,7.304809638648655,121.35111328125,70.09491807382494,4988.521484202788,2458.2144268785155,Medium
140583,0.1049915010460251,7.623355441169948,109.35446521966529,80.82672880452779,6417.957069958839,8644.806784910095,Low
221281,0.1157512186629526,7.248350105629442,132.38548050139275,70.30704405520304,5308.7255277834265,3655.353602091937,Low
119641,0.0643391927083333,7.502601533923152,138.53949869791666,55.02213489018485,3293.2297735490943,3912.919903773996,Low
267933,0.2156829268292683,7.838612901221335,100.43171341463416,78.6119024244797,6158.640308279272,14833.274791793538,Low
89880,0.0241494661921708,6.384395968597489,93.3920925266904,34.58632081175924,1171.597694194805,350.92579239290285,Low
228981,0.0268131510416666,7.101861650416745,139.64835611979166,44.20085196781245,2047.273630605352,1267.6406665809527,Medium
84362,0.0509375,7.034082696590342,73.04725260416667,77.58739150517188,6041.59113777896,710.4158845832719,Medium
132703,0.0479570129107981,7.739525503959661,159.04998166079812,61.8712031100153,4284.824869051973,1439.1245384138988,Medium
506004,0.0400555239179954,7.693336109343795,153.25115674829158,69.0933018548444,4928.353791729866,2312.7519217042955,Medium
142585,0.0820106666666666,7.299696881600172,107.434624,74.1706110215627,5713.281149614479,2251.641724788736,Medium
248284,0.0318720725995316,7.435414153178327,124.3390625,55.94322054494866,3091.249562060472,323.9619176096887,Medium
404601,0.0722200520833333,7.432375484134392,145.398046875,56.39052281982883,4887.5428888227925,3236.005811499024,Medium
344909,0.0568131510416666,7.558761542558779,141.83104817708335,56.14418493625616,3442.0320296581194,1177.460028452513,Low
349184,0.0810711156542056,7.70181534488222,125.64679468457943,57.58068512995944,3861.728551477206,3081.0215123779103,Medium
488385,0.0879134114583333,7.698199910199925,122.96498697916668,55.42128419241374,3097.9492081478475,3344.5220002016595,Medium
523811,0.0285970052083333,7.013029029165975,137.56665364583333,35.971406884928484,1413.6273572874245,666.5711642930667,Low
153011,0.0904817708333333,7.522315257666297,115.916259765625,64.89284694462368,4477.702358470345,1878.967444826762,Low
298697,0.01154296875,6.218225060857917,141.85573893229167,32.33862015389472,1595.0129058667997,764.5757822985225,Medium
14888,0.0330208333333333,7.166083318349454,62.34388020833333,50.41085851836454,2551.206161010339,1047.4016275980632,Low
43435,0.0107783111285266,7.2905802738667935,132.25764596394984,38.69324330692614,1535.0321850613527,770.8413131857305,Low
96825,0.1074739065606361,7.383809471017757,89.25875994035785,80.02895287341286,6566.896385878405,1678.669583254542,Medium
32038,0.0592792792792792,5.605516597940071,48.95368168168168,64.11160083885673,3646.682798880682,1079.680327150069,Low
218249,0.0336577868852459,7.398360805717367,122.98159031030444,59.328727327887215,3580.794159619994,325.41513279946344,Low
398237,0.1035091145833333,7.206640112140327,96.84834635416668,37.05055881796912,1655.1307157775243,9173.613280141948,Medium
26941,0.0742205796252927,7.781391624465302,124.94196428571428,61.785204564282594,4294.023560626668,1809.744404918002,Medium
369310,0.0316455696202531,7.541972372101807,109.71149920886076,53.79269130967344,3268.789382269583,804.0176151332763,Low
72813,0.02640625,7.683029396398594,114.31573567708334,73.92947013520251,5635.551989531744,692.4006524347835,Medium
173302,0.0671617647058823,7.725136020878508,96.80178676470588,57.75441928378704,3786.165898288373,1856.5880834574907,Medium
276804,0.0370452880859375,7.243845026115805,102.83836975097655,82.90729414923605,6203.184546718927,1108.3043539433834,Medium
197004,0.0185267857142857,7.833630355961527,145.82261782786884,64.20135189074267,4540.595846964662,184.75106901073173,Medium
273132,0.0250098736176935,7.497146278918118,137.59495951816746,60.10096570325639,3593.103776780161,179.88060570646917,Low
239537,0.0207174598623853,6.63573868995376,145.7353390194954,32.22446536424614,1430.65459194298,2796.6620134530194,Low
210030,0.0141,6.891047327908402,144.005205,42.35418347587373,1826.99192183195,355.55484334360006,Low
369675,0.1064430361305361,7.626438428435467,139.43327141608393,80.10807725121002,6584.05279442315,3398.908454746589,Medium
459887,0.0750130208333333,7.535452826520645,120.92813151041666,49.64989868153682,2632.646780348001,1201.9987627481992,Medium
484415,0.019765625,7.301364916095414,81.862109375,48.80117822954897,2419.7755843231203,69.48377299736872,Low
172649,0.0119035421545667,5.859700924470418,126.03183913934426,23.195448736653766,996.5083309018446,525.1185858762777,Medium
417608,0.0355010269953051,7.744907834885215,155.15078125,67.35737770417201,5142.908598300607,344.68027750225923,Medium
279145,0.1835123697916666,7.752994734684426,86.04064778645834,66.16921011042571,4577.77766145289,7987.442655909635,Low
505565,0.1714954304245283,7.567678759778289,81.73328788325472,70.3077431229101,4768.928858868799,11476.68411086584,Medium
489014,0.0538997395833333,7.2751813140909904,134.77649739583333,55.66739443423185,3240.378169995209,2960.126042314996,Medium
87742,0.07076,7.035377943826618,135.92438,82.46002559795626,6806.258306300283,3497.2159188764,Low
61333,0.0405041551246537,7.391297525525107,124.81171745152356,55.51182401149868,2914.042210027916,381.04685204229554,Low
374545,0.1096140710382513,7.7760519858085315,115.23713570127504,76.94804336100582,6587.638485426047,8969.786240280926,Medium
259382,0.0558268229166666,7.585861809189904,103.64297526041666,65.67074452890846,4336.503662173992,3397.9296797264,Low
248810,0.164336,7.750887573240457,107.66541333333332,58.79896346956996,3652.326605779494,4821.562342595556,Low
269314,0.0575813802083333,7.066629588211888,139.29224609375,75.88323615740624,7426.848715811368,3129.3873705442647,Low
312586,0.1447685455607476,7.662739456942317,127.95599080023364,63.692512002907925,3764.5054004442864,5402.3005548975325,Medium
114049,0.0867242647058823,7.472366751422183,82.52811029411765,62.0375034540508,3933.669578730225,1626.652161536278,Medium
154718,0.0303306666666666,7.555085585454787,84.79002666666666,63.47505233186202,4062.4271883513743,486.894385175296,Medium
310072,0.0769786227154047,7.417068475347997,113.60098727154048,76.59919671685593,6198.513201651476,3510.384637261229,Medium
201418,0.0469973333333333,7.186716123114874,78.26710933333334,42.24717738031792,1899.455132390798,1129.1562336702864,Medium
564023,0.0311002604166666,7.456376162235496,100.84839192708333,54.92790791917751,3180.556434584434,565.7517277993096,Low
42628,0.0218529929577464,6.349735574207053,146.9350498826291,43.06642113627447,1933.1553447680176,625.2716357375059,Medium
37670,0.02197265625,6.913614922865711,127.258056640625,42.70902434247186,1782.6993100903337,420.4196032655398,Medium
140840,0.1040427046263345,7.579678510185311,156.94621352313166,67.76270920100862,5251.478840144747,17961.653126312936,Low
42276,0.0557066666666666,7.763933801398159,111.09693866666667,69.11623693625282,4722.184693155926,742.7140669042915,Medium
166747,0.0910986666666666,7.532715405299545,136.68963733333334,51.76178472272576,3617.278685877391,3809.062160885077,Medium
552902,0.1683621194379391,7.517787118855764,89.38181718384075,50.09976643005988,2566.643776008865,5294.866560748144,Low
282046,0.0056577181208053,6.822668844660286,166.61861744966444,38.92272602274377,1634.9837194064678,182.6349115452457,Low
249129,0.0602276053864168,7.593286264842513,95.54036519320844,56.888172958223166,3294.5932452600805,1850.0783990444472,Low
578489,0.0439680989583333,7.498179215033311,84.42326497395834,57.81966597269576,3710.2341917811286,1416.0585950001082,Medium
468954,0.0305144906323185,7.75961752741718,122.09358167447309,65.39395613665856,4545.43060160979,342.277973998925,Medium
357903,0.0573763020833333,7.736442986725152,96.04607747395832,57.52054220845745,3400.029823432353,940.6485771886084,Low
885,0.0380891393442622,6.571400360282858,79.38257464871194,51.73558018379926,2467.1230707515115,562.9803279989909,Medium
456865,0.0320294203747072,7.622865445724141,133.41565427400468,58.55418797754362,3564.292485812682,734.0704357492451,Medium
15338,0.1001842570754717,7.786586919407815,114.17324955778302,68.06109804859246,4689.743294698295,4714.386880850542,Medium
356505,0.1043713235294117,7.544177286373071,170.0224338235294,50.446054220617135,2593.2493281914376,2381.986166780804,Low
410878,0.0756440281030444,7.646619193064574,111.79302180913348,77.28801600747425,5875.040435453743,3231.423261847603,Low
140439,0.0700533002336448,7.229138811886526,186.4703125,52.49124136236593,3097.643062701949,1342.4638050247072,Medium
91495,0.0607207774049217,7.320661415682574,119.75848713646532,77.79435699677208,6505.862720528557,2158.239184126395,Low
144984,0.0204885563380281,7.195100161847345,90.36343896713616,61.75092807720795,3722.4355761499287,526.1861207574883,Medium
521509,0.0170228337236533,6.8390634396440255,83.44190207845433,45.966235379963614,2039.0741985824832,391.5491233981888,Medium
101420,0.054128,7.4973353385223,120.00296,53.487721275432925,2982.896588437039,1670.4196588576997,Low
113720,0.065562646713615,7.645148042679632,110.28750366784035,62.53128539235824,3979.362087948659,678.1505733348952,Low
178982,0.0244620901639344,6.172472715223562,32.198474092505855,38.63832769745497,1854.276648233076,568.9528748507483,Medium
513580,0.0312403150826446,6.467260632777772,122.7250225981405,60.44328482708202,4048.482882226177,380.7617194790264,Low
116589,0.1462666666666666,7.833432845928596,99.820672,64.5707520280538,4227.92791312019,3179.7334330553167,Medium
417876,0.096944,7.543787076694175,89.16119466666666,47.77273565831705,2391.365127247341,5191.900283630251,Low
320696,0.0445257611241217,7.067191837619037,101.3879281323185,73.75633317324996,5512.639999808766,2146.9330331069496,Low
286908,0.1010595703125,7.791645024666458,156.98934326171874,73.58156448485856,5679.331989120027,2703.841230060332,Medium
51610,0.0230386416861826,4.358399320231736,225.1290837236534,63.47651002151683,4029.267324511726,1098.611866933246,Low
334521,0.234704,7.691540138707477,144.77490666666668,73.71033472309897,5675.829583409844,13566.750600124047,Low
533145,0.0042133333333333,5.824972496021143,59.18098666666667,44.42116187689327,2124.545928110649,164.46111430345957,Low
460379,0.205006602112676,7.772204764062089,122.66396346830986,59.91232047041805,3620.4514385579823,7878.421660691238,Low
411774,0.0219573333333333,5.701147864046126,65.94861866666666,44.33844579998925,1913.945867499605,432.1803088263396,Medium
372466,0.0353689236111111,7.2964386393775165,77.09762152777778,71.92988593672763,5596.600337876295,885.4995156641642,Low
533816,0.1498826291079812,7.795293704613562,97.0591329225352,64.72389253391003,4563.519374892591,6472.734269573145,Low
442822,0.08711943793911,7.704830909693282,123.02076258782202,60.39585949459276,3749.205719102272,3422.0901469637806,Low
521956,0.0350848484848484,6.453409597762509,84.69562424242424,58.59912315202404,5158.159056601531,937.1983045481728,Medium
251065,0.0348046875,7.662802853745758,105.837666015625,59.6173422091136,3547.7480542577177,613.9878250079685,Low
382734,0.0176953125,7.058125152012485,150.82229817708333,38.00453488811739,1451.2138802637949,388.0815660095215,Medium
506707,0.1124524297423887,7.436960544338591,96.44056279274004,51.64622136714464,2593.07512347145,4332.552014935256,Medium
370813,0.0202112268518518,6.731131141511382,108.242578125,40.829516561376025,1667.0494226356789,1673.7946385175203,Medium
221754,0.0864973653395784,7.214671940485699,150.40091847189694,70.39832468703156,4998.01575492765,2932.6639276892747,Medium
138979,0.0787045187793427,7.488619321166453,95.94359228286385,71.65114823486674,5223.405887011059,2229.6419844675866,Medium
395575,0.0962005899705014,7.388239299614498,72.95448967551623,61.83998911136822,4566.995772150759,4907.910677565946,Medium
479732,0.0436076226635514,7.561099657939436,158.57841340537382,61.75038989240115,4789.503366867698,578.4097684559991,Medium
407943,0.0550131733021077,6.254830543234204,84.00858826112412,80.39287443254105,6463.014259526313,2587.8039848220023,Medium
91654,0.0191243489583333,7.400068362368736,132.19448567708332,47.53889177621827,3411.6659795493365,496.5654369370778,Medium
305309,0.0608104987684729,7.687148639569572,102.54310344827586,54.90476056418048,3002.2320815605503,1992.064696834088,Medium
162092,0.01994873046875,6.876172710731533,48.9611474609375,60.35103350699986,3610.748549044525,329.67416576718693,High
492905,0.0224897959183673,6.700127855259352,102.66238483965014,79.05751203031453,6638.552886397277,912.2548621017094,Medium
581100,0.0778125,7.129349049609467,147.48531901041667,67.12324703320785,4747.358336509956,5222.683659333536,Low
146358,0.0721850837628866,7.466947759253775,144.61713917525773,71.28546912457354,5107.813595745854,1483.8564227925935,Low
166664,0.0290617681498829,7.2634057557314655,144.45972994730678,62.28366055536007,4074.620958379768,1038.1391155272113,Low
265816,0.1173606834975369,7.755876798273062,112.51990070812808,83.75309859106511,7151.143535694614,5194.630531927956,Medium
434247,0.0420578319502074,7.420514800322661,139.858117219917,46.0817538129118,2507.855427917997,1885.21054590332,Low
32861,0.0403242370892018,7.351162594238942,64.6234228286385,60.073817830191565,3719.464081097317,1118.8639340958691,Low
482735,0.0293911007025761,7.194701613855399,101.81988802693208,37.54155522046919,1411.3403262672784,962.0432841099008,Low
563648,0.0993790064102564,7.869277477749264,113.36290064102565,63.52205319803824,4026.06484176256,4080.888269250733,Medium
229858,0.2156869369369369,7.595641211633653,120.9152561936937,47.60327677603845,2458.8376174241043,2534.690103380209,Medium
171298,0.1593229166666666,7.913649591506298,133.06900716145833,71.26882303714724,5677.054989311804,6055.125860724385,Medium
325347,0.0561411908077994,6.525297327296603,89.15099669220055,37.00839455747555,1582.533476632501,1937.342538410232,Medium
356531,0.0322330729166666,7.687842320840541,108.19224609375,53.97197889908418,3532.0388864010106,765.0490937614335,Medium
157390,0.083642578125,7.694230359312059,143.3303125,70.46342068101016,6363.972786337033,3474.1961570464136,Low
17207,0.0412337239583333,7.3967139140370435,106.42344401041667,61.10176656580159,4173.288426644435,369.2380145666759,Medium
548267,0.04408203125,7.597586062349956,119.866064453125,55.79539597188919,4472.500257172866,2087.305828392018,Low
112378,0.1758040364583333,7.821427825972325,109.34709635416668,72.60689129444836,5588.6897848036415,10896.912630444169,Medium
172083,0.0942795138888888,6.953201311715525,51.457708333333336,59.02670439052647,4265.428135420479,6105.523437788145,Medium
205647,0.0478629976580796,7.063371234718961,161.050856264637,40.87036760519378,2113.0311620798543,2033.4033826333084,Medium
237517,0.1006995292887029,7.776848067307351,96.79465219665272,70.7895781166731,5324.898149310579,2742.9416078971267,Low
269932,0.060256,7.760446740816126,113.26061333333334,67.59843296524821,6518.541396989735,1361.921276277646,Medium
222735,0.0186873681434599,7.399237849145377,78.93610891350211,71.99427993824017,5183.17634382569,302.5304512899618,Low
482100,0.122515368852459,7.767926345265841,107.81566159250586,79.80206498671004,6712.227569637854,5308.452531166563,Low
58655,0.0621801470588235,7.772353220830276,100.43866911764704,75.28049018011349,6431.659541226477,2600.409396866552,Low
306733,0.049138057511737,7.187743595440177,174.28154709507044,44.94688951328976,2076.3302015738823,1215.0344591633625,Medium
402118,0.0321042640186915,6.72168062693943,62.82472254672897,49.19629661700557,2420.2756008283936,615.8495400063513,Low
523957,0.0597299473067915,6.832599147073871,158.93538861241217,62.68400070019417,4219.371128938816,3280.211526129864,Medium
37689,0.0291006455399061,7.324413549532394,139.01382042253522,78.22474857317405,5944.913314120648,1407.8497146928175,Medium
366199,0.0068940281030444,7.509653958994435,112.9676888173302,85.29484380762885,7195.181722067423,269.85122216827136,Medium
170670,0.1043170481220657,7.786801944909473,105.53447769953053,58.46196334973771,3739.356871571202,7698.4106677931795,Medium
400573,0.0468359375,7.58828808887305,118.69845377604166,57.84150222046112,3661.75469911605,1903.9019828993053,Low
455219,0.1109301643192488,7.612564386169911,105.07505134976526,54.89320505215728,3047.3792940805583,13847.144942835595,Medium
447200,0.1431022135416666,7.658809151121001,100.52467447916666,60.24482426570348,3928.797129759792,8956.385451820204,Medium
304404,0.1122225467289719,7.759978907949755,116.53607987733643,72.52240694225515,5660.497215578176,5093.463404872235,Low
345027,0.0403342121588089,6.696431062718913,204.5574519230769,47.58991720677815,2393.628031534223,2216.7152605142624,Medium
153217,0.1055946666666666,7.7429138513302895,102.76090133333334,56.98492375907507,3365.9911950611627,2680.542497548629,Low
132116,0.0466513947626981,7.479066196727254,90.14351851851852,49.96348733320837,2797.529518767342,316.3091972693395,Medium
188592,0.0829361979166666,7.537181766710289,87.70890299479167,58.879545606167575,4218.105361872348,1652.7714884783322,Medium
284991,0.0287857768691588,7.182835297192056,64.55889675817757,56.822557014016255,3314.112163068154,215.87026312976084,Low
91921,0.12630859375,7.661042709556677,92.24589518229166,68.51419043832234,4673.413255197152,7859.844344539631,Medium
284762,0.0578931924882629,7.390658337496192,166.02132482394367,67.32540364966194,4557.895679535798,1185.5061412971656,Low
51008,0.0509114583333333,7.620115150347978,122.22687174479168,92.1490600149198,8665.761312428209,3551.500585293568,Low
261116,0.0869813333333333,7.810752453207362,103.97981866666667,69.93749466998217,5738.757408688612,3015.783258901504,Medium
551304,0.0311100260416666,7.302668014166478,80.041787109375,53.51734211292898,2944.2493510536865,835.0906780954573,Low
233825,0.0561100260416666,7.418535016352266,92.624208984375,51.29629281696307,2699.137595178445,2508.2949901758725,Medium
502229,0.1201594472211542,7.333307413159731,112.6409767610748,60.56346497628796,4226.5716141046605,2497.370172772808,Medium
359677,0.0107655152224824,5.843482541963723,143.9269942915691,60.90623836213593,3639.4880928784137,471.028648268964,Medium
297830,0.07159423828125,7.738162976368679,114.6010009765625,66.03279083569602,4524.267313736277,3563.737553400956,Medium
236308,0.0192170516304347,6.559205997716977,177.10929432744564,34.28271540645422,1233.1893722062991,766.9861707790317,Medium
297147,0.0625618489583333,7.558584378188946,134.75469401041667,68.11963702684704,4647.145767835791,2741.773733537197,Low
31296,0.0808860294117647,7.600689794243882,85.6369669117647,56.19183048802106,3419.361214919974,2790.2393818359506,Medium
170545,0.0185579427083333,6.274388344505136,38.62630533854167,42.31727836550384,1861.821525939161,396.1860297147009,Medium
154644,0.021204,7.184691082249603,70.308508,66.8150920886437,4464.2565308139365,222.996854157824,Low
438774,0.0839705882352941,7.583136737293401,93.52492279411764,59.57976286928487,3412.242799870089,2395.1292309063583,Medium
423798,0.0373828125,6.804144428976261,51.5840771484375,46.7641093700472,2240.766073908568,1309.2707699550629,Medium
163257,0.032625,7.127133526298416,136.81692279411766,83.74294975382692,7266.059812762372,1111.1808587996188,Medium
235857,0.1368727992957746,7.757811113093643,133.37639377934272,60.50923650751902,3834.588134243351,6171.687948628322,Low
315187,0.0875,7.444340155171173,161.79288504464284,74.47453856273212,5780.620906914744,2492.0568608979665,Medium
336309,0.0031579332552693,6.081926985245234,180.3468054742389,19.378506567851776,394.9686824728296,125.2543491423894,Low
250282,0.1234485035211267,7.751195469025319,109.68948063380282,57.63021422154241,3321.2415912208694,2572.1482210515564,Medium
488673,0.0621256510416666,7.540575695334263,82.26787760416667,56.88282002718778,3299.8581780122618,1408.3541396647029,Medium
6723,0.0977233379501385,7.611222754665953,140.9339854570637,65.78523299313461,4684.68836412697,3367.7394780123905,Medium
512985,0.0934993489583333,7.540443297677224,126.71014973958331,87.80383644898366,7863.284500884484,7373.446531151665,Low
182417,0.052861328125,7.581677539196446,135.62011067708335,56.781527303838,3468.4907084901665,2079.152731828435,Medium
506656,0.0519108072916666,7.52431395098418,148.82238606770832,79.59306356551545,6523.094748321685,2176.67899765625,Medium
445365,0.0764600409836065,7.166858752300882,124.81148272833724,38.47643785970544,1675.9838231590838,3587.937869318649,Low
197388,0.0582071109693877,6.757578184358565,167.77444196428573,61.00754236399352,4010.93495743428,2741.529414231739,Medium
562243,0.0075341796875,6.666092453608764,53.0648828125,30.33792110894927,1057.0572407964846,1323.108387963003,Medium
463849,0.0792165336879432,7.422237198638157,139.88446642287235,74.41756040036535,5724.050300871892,3588.85206168118,Medium
468501,0.055552,7.690984735703571,140.514576,61.70318704524284,4174.990144722934,1717.643588458126,Medium
71711,0.0938634367681498,7.674361346621996,117.59086285128804,61.58524684923247,3823.3725299943167,3126.949775978545,Medium
210502,0.0473665364583333,7.545871184799079,90.3404296875,76.88655045051736,6160.418942278683,1939.8090227355533,Low
146457,0.0580078125,7.501717408440016,116.72238932291668,49.684201043728535,2535.0197597615665,1156.3628749464988,Low
416837,0.1319233021077283,7.738750581902434,149.90371413934426,71.03954238055327,5993.467155822393,12565.15542583174,Low
424642,0.1844693333333333,7.731323692817304,101.45266666666669,72.4835248192458,5430.458337102716,8973.149984004864,Medium
274272,0.0611328125,7.362964686504442,121.413447265625,51.74590968163979,2844.391079131741,3260.8601524168225,Low
187745,0.0052083333333333,3.3275359938564626,129.48401692708333,7.745850603557375,175.75719268942234,30.02617602471245,Low
170099,0.0775300732217573,7.784056345810294,111.5770985878661,65.40900880935907,5089.516790396803,3668.66602878322,Medium
433204,0.041826171875,7.571596821088943,143.2696875,74.42073569553612,5803.483993049745,2452.297685803053,Medium
232489,0.0279638671875,7.485944710228147,142.08155029296876,51.49260985393193,2794.9598436773103,385.58356408536434,Low
276285,0.0777700526932084,7.709682225716485,114.56911958430914,62.94587875256579,4282.213641262068,1133.019840456621,Low
504389,0.05768125,7.165147376498986,98.370825,75.97741359324739,5772.567376319375,3724.4121310302735,Medium
297084,0.0797049211841599,7.845763787654039,123.7559272074843,65.37667669611965,4162.976967823021,2031.9183992774008,Medium
6213,0.0239816176470588,7.230821425620693,135.31397426470588,56.33013198480728,3067.138245918275,590.678270421929,Medium
212800,0.1013539227166276,7.688301003095958,101.20218823185012,64.42910093066556,4583.713862023982,3268.6485118742685,Low
563882,0.0092205882352941,7.77647346237768,100.00125,71.89047873161667,5018.4822863628615,121.68253529325258,Medium
526706,0.0550826990632318,7.194243518221327,123.13068647540985,50.939129949181215,2557.5435189349023,1947.8340449936568,Medium
393014,0.0300065104166666,7.435364464825959,69.62861979166667,61.36715034808952,3703.2706072099154,881.2951681446924,Medium
334371,0.1507607398568019,7.530133760572382,156.8506525954654,73.99488407403318,5588.840605595589,8713.995735323066,Medium
266768,0.1280597206202742,7.506870561194644,99.58423843393568,70.92269649624018,5469.693952447088,4224.494114586249,Medium
425906,0.0333153347732181,6.802767880800412,61.91403887688985,59.61471453180894,3736.125851165081,453.26512610155015,Medium
59920,0.0259294496487119,6.985493790011967,101.0176888173302,33.579862189390155,1116.4956982405497,1287.4260625088134,Low
100723,0.1495435435435435,7.646645342163463,92.91325525525524,75.89895155877736,5987.809868865165,7218.026534804174,Medium
506933,0.0353971354166666,7.497131327278813,101.94274088541668,56.16377595217666,3147.370276637886,899.2880533106486,Medium
386134,0.0438960442564825,7.512199964872882,122.00621021829213,64.6982888104517,3992.1065165716063,1117.335306801634,Medium
227898,0.1237323113207547,7.712836676029271,152.35477594339622,61.1302406949802,4441.065104024948,4271.967522921632,Medium
390555,0.135628591954023,7.838543665103951,129.84558908045975,60.37609861281787,3560.612203608387,5321.955650848858,Medium
26690,0.0502378512880562,6.24263848878487,39.80275907494145,49.55608945771112,2513.056097297684,1397.0889967551252,Medium
206025,0.0565669221698113,7.5033952469058915,119.41530070754716,79.36961208851751,6882.561807071473,1028.5669181326557,Medium
33759,0.2468784190371991,7.743509447618983,98.017170404814,73.00004795479646,5177.208753897093,16181.61065621943,Low
134689,0.1327356557377049,7.774761087022292,127.45485216627635,57.75021641705281,3834.179524442943,5711.004745715452,Low
378605,0.0224948650234741,7.664828086061668,137.17471757629107,63.087365202638026,4196.939727089555,1125.8992586463205,Low
127494,0.0581741741741741,7.514640292330378,83.95136336336337,77.34332127720717,6267.943337826222,684.0433591207063,Low
89761,0.17466796875,7.572944554640901,75.658486328125,63.90787375117637,4217.0268989019605,6820.722983961222,Low
422706,0.0434536007025761,7.732030491790594,117.72462309718968,58.90401474791047,4018.336027355865,1832.1772454857853,Medium
207844,0.0643717447916666,7.727151937461767,111.20696940104166,60.60707304961189,4224.284553881221,2671.431454284658,Medium
60855,0.0199248120300751,5.679413064118944,155.83520802005012,71.01737280126123,6588.053726614407,924.595157749612,Medium
510095,0.1010258469626168,7.131219701863505,85.05293151285046,35.273160803229814,1320.564421809142,3915.5079609163454,Low
447465,0.0928953931924882,7.616539659944668,123.47273694248828,55.88929389885043,3422.6996759785634,3151.400533535114,Medium
230166,0.0691150700934579,7.480345655000552,97.45953198014018,51.23805299447019,2658.8752785835773,2283.699923721981,Low
79031,0.0560450819672131,7.366502677054679,162.26347701990633,57.51736525862784,3673.278623567599,3967.656369824602,Low
173004,0.1091959635416666,7.384055583629032,65.02476888020833,58.82222955003447,3533.7979701879,4479.671115154256,Medium
214753,0.0373857606132075,6.653280655446117,164.70454377948113,44.72167320479125,2126.339311633089,1402.5439413535262,Low
299609,0.006572265625,7.590906987658691,92.99449869791668,60.56976485878226,4345.243056681523,900.6371239996593,Low
343706,0.1651871219758064,7.630262292787323,162.6587638608871,55.98627194999733,3102.611343236696,8089.7775122853,Medium
402774,0.0447830882352941,7.211845507177707,95.93832352941176,38.24299134729717,1617.1915408405555,1281.4346038127026,Low
529939,0.0499609375,7.771887363640666,139.5268977864583,79.2184983506767,6226.287758961756,1491.6043948077734,Medium
7511,0.052978515625,7.300521506734126,150.33883138020835,56.099392368858695,4047.4167208194135,4423.944791284137,Low
13729,0.0548177083333333,7.709124559197213,126.75356770833334,57.0351002150631,3379.0924626708565,2727.1688401918946,Low
424545,0.0817226666666666,7.120573245884569,124.974192,90.9557001069594,8328.85984012946,4462.458693325113,Low
578093,0.1211328125,7.672368131803411,86.01484375,61.50938784188897,3769.754932111309,3987.1413867136207,Low
79014,0.005211283561799,7.256564772561782,118.68695290963332,51.36514032548444,2683.973878248258,91.09321826948462,Medium
66771,0.039677734375,7.043516385012076,98.30832356770831,79.06985537913013,6328.918895049638,937.6791180043116,Medium
434230,0.2091501597444089,7.774039427921291,111.20301597444087,56.62087174163334,3752.18565447877,9642.439515850563,Medium
484296,0.2420703125,7.879279442491006,102.286943359375,65.94358165154932,4189.235907159233,8137.599060660797,Low
372577,0.0890559895833333,5.921454805913608,122.90390299479166,37.75416333796797,1646.533490637952,1503.546488431708,Medium
258883,0.019912705399061,7.7286144616876,126.3283193955399,67.64524047071215,4909.572731135895,233.2366581670143,Medium
389812,0.1500032552083333,7.825426932919889,107.50496419270831,64.39303940282578,4354.862324299223,3063.1135570229426,Low
7816,0.0509404274004683,7.258968239233122,126.60671106557378,45.809030223784106,2365.4614913286564,1147.5959231524384,Medium
185890,0.1098722986247544,7.285137182574756,66.67151583988212,46.3368275428638,2328.5671960527075,3462.396231410847,Medium
289594,0.0952522880539499,7.550313395416063,110.02270592485549,83.45682106643048,6965.040982514193,8844.005446719699,Medium
109441,0.1184602864583333,7.747291731163743,124.19387044270832,64.47494851891756,5109.526092275516,7617.174139797593,Medium
569825,0.0600710059171597,7.014989130248245,52.94066272189349,45.90022707951816,2461.209817933114,1385.0268165680473,Medium
183648,0.0761791764018691,7.6168044801262385,98.0029242114486,62.20971039580232,4050.971510649198,3147.6235841864745,Low
403353,0.0420540364583333,7.387210988581429,83.88571940104167,77.2124543195855,5846.997202809708,965.4535169842084,Low
67616,0.137177734375,7.533578599107013,99.07797200520834,48.10659000331049,2399.599041086059,3664.581825520155,Medium
526728,0.0960906666666666,7.828418208938236,119.73882133333332,60.9904957325654,3805.601851094111,3633.660926752398,Medium
512929,0.0713667820069204,7.398946616895297,75.47935890042291,70.97358449987587,5173.067351535982,1011.7705209534794,Medium
338532,0.088944,7.612263728019273,131.17909866666668,72.64127453682421,5562.627754753431,4033.6937381376,Low
37988,0.0137532552083333,5.802116347133516,112.45749348958331,40.668343342553584,1570.2554010744095,491.3594498620669,Low
154425,0.1029485294117647,7.512891608920202,125.24552205882352,77.18449148806755,6104.352270720935,2797.1524476102404,Low
233370,0.1566891100702576,7.177474701724663,105.4314988290398,73.40896035099803,5352.763831646293,10722.10623872594,Medium
344059,0.0716261709601873,7.201307511013955,97.4742205796253,65.43216153702576,4547.6351252998165,2550.200304053676,Low
224675,0.06145,7.709951257738515,111.53643333333332,68.45293423912196,4976.681822512916,757.7948291455556,Medium
424776,0.0943588615023474,7.179127092151052,104.88456939553993,54.27036098496765,3030.4294248143906,1624.8847836589655,Medium
203639,0.2171746399176954,7.781418977545575,140.06387281378602,78.3705862224278,6286.492186219956,10887.089250970152,Medium
535608,0.0427021276595744,6.9662170992462045,161.50831914893618,36.3717891753078,1572.1444819160818,4871.126618107034,Medium
526197,0.0537200642523364,7.517066385315787,127.37944655373832,52.79176316478264,3224.040590327937,545.9408871126503,Medium
170613,0.0466650056947608,7.064311693803423,146.19052534168566,81.68307024653612,6920.110304329105,3380.648220387244,Low
55150,0.0839531983568075,7.828830335334262,107.95148180751174,77.90376436102945,6126.641688951694,2905.652867670957,Medium
351331,0.0553483072916666,7.555008074346763,113.72019856770834,49.596389234406765,3026.2848030738755,1363.9994507361412,Low
281754,0.0526588603818615,7.793240563359684,135.583491199284,64.09367831482055,4685.123705911351,2540.51871495096,Medium
406611,0.1100032552083333,7.782375850138659,125.41875651041669,66.30804656162265,4672.101969533641,6437.701277359857,Medium
238866,0.0584958712984054,7.540962022369461,149.57475797266514,58.07378514329567,3391.144053495178,1982.094081945804,Medium
511076,0.081242681498829,7.482783373964912,135.03146589578455,73.25015622172742,5170.225039428095,2389.2472508237684,Low
230008,0.1956293402777777,7.708672649709006,89.45178819444445,63.469123086301,4306.269882989961,8382.377500696177,Medium
137294,0.0653981264637002,7.643003130348742,107.39144101288056,54.34731762504614,3370.1133045734464,2557.049783205993,Medium
451693,0.0194856770833333,7.240827682682281,114.67319661458332,40.179025111646006,1801.5192984458645,356.1957476796044,Low
535523,0.1088383469626168,7.856287007853632,112.84437061915888,65.75641913246434,5054.537957227537,2135.923687138853,Medium
204329,0.0279595588235294,6.407950232457074,188.5214705882353,66.11047662735608,5283.621110626019,749.2775047977807,Low
173371,0.0804471570763381,7.837457838758195,135.17255115553846,72.2652775938129,5248.49807954685,1887.4246405951176,Low
209753,0.0145677194860813,7.084528707963564,74.71537406316916,67.92665235059765,4552.356738259586,448.93449765588775,Medium
234607,0.0519733333333333,7.546591503856598,133.48066133333333,57.84954632506612,3385.8739759955247,1341.2482249977174,Medium
539143,0.1022925764192139,7.8256178528856495,142.97186476528384,76.4815181282669,5877.642456565078,3735.734743822922,Medium
214224,0.036753512880562,7.263625191947892,96.53026200234191,41.82587858419737,1725.1988092450183,913.4707494579976,Low
18193,0.0307291666666666,7.029905660630066,59.75697265625,64.10720345925596,4092.355619346304,4849.039475249566,Medium
343453,0.025126953125,6.407053699355934,152.74193033854166,108.47385418905311,11699.498148068144,1401.4980077838477,Medium
347265,0.1350007318501171,7.50513737332704,119.88823916861828,76.96854432638477,6396.0753682565455,6261.493376227679,Medium
222455,0.057274979708659,7.073248366808349,95.05737109658678,90.78752134176716,8843.12657923245,1097.9034808391737,Medium
364587,0.0806353672985782,6.328494037492682,70.0460826421801,68.26871500452285,4684.085205123073,2780.2422615521327,Medium
579091,0.036125,7.81896804146145,149.27481617647058,70.27053225933561,5549.112842469408,402.2360360743404,Low
50896,0.139208984375,7.538446253507281,87.6398779296875,50.92327302837671,3446.340820382857,3630.509058722919,Low
327592,0.0424385387811634,7.678830354369241,158.09069425207755,68.36667992624132,4837.227826395364,807.3981128718193,Medium
88951,0.2120267379679144,7.926451921802452,109.96948663101604,69.96422569014071,4984.3707902223405,12802.886982043266,Medium
527784,0.0680999755859375,7.742312625211456,118.90906677246092,64.10983944179412,4704.45363750559,2301.7367756599187,Medium
409358,0.0101029518561237,7.185027118776204,89.73257080610021,68.16288261996756,4209.203141880518,266.326380833527,Medium
377497,0.0399305555555555,7.369699251079135,116.46864872685184,60.73068597558622,3916.092662744296,401.9516492299941,Low
234757,0.10416015625,6.534520686488729,208.8950390625,61.31361486094408,3747.671842881076,1829.0270815547944,Medium
104612,0.0904720052083333,7.20804398507024,70.4548828125,58.6617824119032,3179.1106604765823,1613.0960156885783,Medium
316015,0.031905,7.708971703384607,108.535035,61.45682673673264,3788.7399473740497,621.2134739484001,Low
506279,0.0162255859375,5.877829142723586,190.8093139648437,69.88003335144651,4854.744933717866,483.9618852416038,Medium
206838,0.03046875,7.538769793814199,137.64191080729168,51.13525669445877,3133.6007348802887,173.17010685644152,Low
62025,0.029228515625,7.114085906187126,132.06478515625,51.64103131603328,2760.9318308107654,855.8590817928314,Medium
415716,0.0229427083333333,7.679120892865296,103.32648111979168,65.35551904057372,4118.680069115247,317.30671511712603,Medium
453722,0.0600373243559718,7.669935123113587,121.7246743266979,61.776064695646056,4012.700050329184,1072.8595319921335,Medium
394206,0.1155403645833333,7.798151708937257,114.17663736979166,80.51173103993533,6716.236328160628,2411.0145863036687,Low
80932,0.0391536458333333,7.528666372659225,81.36120768229166,51.71622615669536,2756.8443883844907,1193.5788673599138,Low
6818,0.0302437060889929,7.689778923433364,120.12501097775176,63.60225314507458,4325.318004491845,820.1342820639799,Medium
25424,0.0211724238875878,6.369975888716664,112.580543764637,43.444964594207086,2803.8326781746127,612.5597191133113,Low
447313,0.1952278645833333,7.818422928642842,103.06257486979166,71.35258559965058,5287.440182640284,7736.076863252756,Low
301718,0.045634765625,7.636310620245409,110.976962890625,64.50375160597031,4487.074480547069,621.3719457570288,Low
232244,0.2128426666666666,7.652323727378313,123.22389333333334,52.615264145574926,3362.0021213465698,14163.89963408623,Medium
17029,0.1087255859375,7.842447280478322,120.2921923828125,71.24654558908138,4670.459932678902,3067.706352342964,Low
391140,0.05357421875,7.574172166673408,92.215185546875,55.46122596151634,3337.941510355317,2060.5753021970963,Medium
387916,0.1083407210401891,7.818887777905584,132.85660091607565,62.86799553805907,4024.781190306199,4130.4727551784135,Low
297427,0.0189439655172413,7.619332627469057,114.94626077586209,56.56294270187672,3591.294753751042,313.11707701860894,Medium
312237,0.0478203592814371,7.16563744197348,130.66761676646706,42.244353771571454,1988.183332280816,2678.383676577288,Medium
7784,0.0203146666666666,5.412047540272583,121.08448,24.132451162896817,1127.5628732618432,1009.4277328225847,Medium
188296,0.169057881773399,7.668827763805338,141.35495689655173,75.06441466905713,5912.598713050858,6911.482989434326,Medium
151662,0.191416015625,7.886742435026383,138.80489908854167,64.59179049869307,4278.491359393791,11781.656270431931,Low
128148,0.0589259637850467,7.808799740241882,123.24575423481308,65.89474816498199,4706.927287929296,1932.061791332204,Low
231527,0.0593384074941452,7.51302434731973,105.57012587822014,77.74015776041448,6873.993380558047,1341.9424402057462,Medium
436617,0.0702279411764705,7.368183938536593,78.04258088235294,53.16603400821408,2745.5453085660683,1819.00359523351,Low
247806,0.0549609375,7.632966186409195,133.9718359375,89.16982437563404,8320.037404925411,1610.0120298135969,Low
528578,0.0526383196721311,7.61419514051542,154.9750292740047,66.12081367373939,4843.729213747783,2884.6682478789285,Medium
129135,0.06578125,7.514090511170372,102.09044596354168,56.02029614876546,3472.1684537281285,1643.0042095146075,Low
493799,0.0721111542443064,7.772080914853902,121.04953092650103,65.1585087688816,4544.360872117945,1429.056073432262,Low
312340,0.0423639705882352,7.133796137529673,86.2494044117647,37.77128202707453,1493.7457986230086,535.8072362101941,Low
342186,0.0655045572916666,7.396813149368111,92.2081640625,43.951359253418815,1995.293713751581,782.6821268919203,Low
12280,0.0632291666666666,7.755883884576497,137.50048828125,58.02430631605601,3400.612406508757,1697.9268320677015,Medium
442746,0.095632,7.5257071914347025,106.227984,50.03240621133212,2769.8133184611456,3024.681251581156,Medium
408696,0.0434114583333333,7.430317919162184,88.96534830729166,47.89111844269754,2314.3005698192424,1121.2611251925998,Medium
286708,0.0293724012474012,7.640457105132229,105.3637733887734,73.0977386058956,5706.189565392135,2072.7208890914794,Low
577539,0.1050359281437125,7.633740311420473,91.50437724550898,65.53667203968574,6043.034964339549,2979.848821073506,Low
23937,0.0299540011682243,7.076560304738357,126.0868246203271,39.30870550468131,1553.7515118236806,947.214118782408,Medium
227187,0.0888834635416666,7.475297245043093,132.458525390625,49.867669077065294,2676.8154405329738,1949.161169066101,Medium
375763,0.1481705729166666,7.69956970347271,136.9927180989583,61.77805786282087,4783.878551905071,6758.854192482461,Low
165257,0.0678098885793871,7.6114029048603316,104.99735811281336,50.48029688321344,2688.174358065054,2154.43168745673,Low
346232,0.0316708138173302,7.082034783718124,155.07589285714286,60.88450747778844,3774.283025540361,237.08669968406988,Medium
6040,0.0850071225071225,7.571990202967946,91.27775106837606,66.1771952537406,4675.652413662694,3420.697142607164,Medium
6460,0.0838883196721311,7.763751528532988,138.176862558548,57.89663869755275,3352.020772474962,5597.092708971274,Medium
302536,0.039536,7.404803113854969,81.820944,48.672501397423545,2450.979215891731,565.3360328682382,Medium
386879,0.0493911384976525,6.607786951518507,61.449017018779344,36.024867995000655,2016.201881862057,1159.6798409894336,Low
170278,0.0647600446428571,7.499543340916328,72.67109064980158,56.49272608275668,3563.0353146425573,3997.742851070674,Low
290771,0.1377456761006289,7.801958902398497,112.06439661949686,67.0336079091491,4574.32300664233,4909.579313222117,Low
127955,0.0795036764705882,7.49713169557262,94.8322536764706,62.71845044811071,3787.9070913223854,5500.417765940689,Low
292236,0.0415542168674698,7.584302046629609,83.7166265060241,53.42377759683345,3327.536413133341,455.5234569277108,Medium
39477,0.0481220308788598,7.600008838812829,121.84533105700712,71.98882849355425,5476.001717274471,1685.3341961860458,Medium
336356,0.0831930620608899,7.774047851950727,132.76404054449648,72.09102673653705,5700.397870487352,977.3275824657538,Low
52413,0.032544,7.353066022957931,65.86460266666667,62.71467424956294,4200.264485356686,906.727387497216,Low
6012,0.1015213041431261,7.731641722838101,145.01508062617702,56.00957547648332,4718.263067640658,1589.502514010692,Low
165831,0.068447265625,7.376286816691678,93.163046875,48.76970032328272,2580.043232150954,1947.3310485411648,Medium
537812,0.0319596354166666,7.809524211300324,126.66186197916667,65.03831391773775,4325.5657300399325,496.746946875,Medium
802,0.0253943101415094,7.255793581319547,98.41150869693396,45.09947212524336,2299.314317330912,640.4090602332903,Medium
171611,0.0487725733634311,6.565713985405258,179.42762062641083,42.738901255489765,2494.278614428192,1994.4958256284108,Low
46048,0.0460319010416666,7.085268611039502,75.18527018229166,39.89706295758931,1855.4040116324388,1558.141264449554,Medium
4795,0.0476888020833333,7.75894423234279,153.18043294270834,61.132621685868834,4017.0547298108345,1697.0357357385317,Low
136355,0.0640734777517564,7.728873362318509,138.70758928571428,68.32892901597872,4926.898291689996,1380.4403616693453,Medium
429109,0.1300607435597189,7.661781618746591,96.74278395784545,57.8607868879006,3787.521170980237,5221.545413706653,Medium
270908,0.0489832775919732,6.719407938311085,93.40394648829432,44.51769838362112,1989.2153590934768,4563.0230516911,Low
437898,0.048155737704918,7.78541057236008,114.11946721311476,64.30969390550425,4444.537062889159,1163.8165079880794,Low
243199,0.0563723723723723,7.696490103329915,104.7948048048048,54.79475701591686,3457.6320053179666,601.0776984948914,Low
350607,0.0924838992974238,7.598588304800931,103.66643735362996,82.10147297918623,6967.466216105986,5832.230319993109,Medium
412531,0.1674479166666666,7.4582415354500755,73.661796875,61.0579568008816,4035.5388105379534,11604.767757158395,Low
533206,0.0235070257611241,7.647282959790239,110.83587163348946,52.46098421137507,2985.02562523759,202.8318540880685,Medium
181859,0.0297021713615023,6.779719428983371,162.1108311326291,47.65355923542266,2126.8514652474,499.1615197179461,Low
66926,0.01451171875,6.952695148842233,119.220537109375,31.30209781430147,1210.3570412341012,99.79039967726602,Low
360137,0.0622021484375,6.400930415975662,36.7401123046875,41.47371823322512,2186.583949034097,1695.5946111233177,Low
306893,0.1077173913043478,7.652063237247939,119.2101902173913,57.446339985078325,3220.109494257976,1785.1775820858932,Medium
457848,0.0515625,7.308061074805138,81.3904200819672,44.50399919698157,2184.3563643569632,801.4163706574546,Low
271471,0.023601781542056,7.404435236937058,83.48932169976635,48.37223945422997,2277.561529751934,329.90620691073366,Low
437331,0.0865654205607476,7.546128411804192,134.52923846378505,47.99584128470147,2613.0038498027384,3101.0429710135627,Low
5529,0.1105011261261261,7.169120334427697,167.61859163851352,62.321333635096885,3878.2511932186826,8295.295208891323,Low
459662,0.054033203125,7.693534938471822,98.13263997395832,66.36161118100095,4773.867906418659,1020.0752315958237,Low
113051,0.035068359375,6.522749806158617,63.22689778645833,82.12688745499577,6841.394444891293,1153.4074179837437,Medium
166391,0.0210187353629976,6.508810925956697,117.05520345433256,28.128531862592936,945.331017177838,462.309618182482,Medium
570456,0.042978515625,7.613558914646084,126.06570638020834,55.69888301159466,3360.564166554214,960.2591947478824,Medium
284296,0.1330100995316159,7.580303342866269,164.1524699941452,52.29084186525397,2888.4407866362985,6472.446444815767,Low
146498,0.0708040364583333,6.9933907810734,152.92568359375,74.66510262491057,6067.861526136032,3911.34272115274,Medium
295138,0.0900118203309692,7.5494625447490975,87.55382313829787,72.55060748342493,5263.590646213992,2119.446105063845,Medium
203389,0.0708626302083333,7.256829440100149,140.962998046875,61.32115356870001,4055.462427451844,2150.210991633733,Medium
240049,0.1168280516431924,7.810969249693298,119.8280479753521,72.43571852079924,5366.1999401469,3498.628766863658,Low
396903,0.0588334309133489,7.024448644798706,163.72309718969555,54.18950898707124,3407.863491850422,1342.561510882808,Low
426297,0.1237794117647058,7.602723301023439,89.61245220588235,66.82103469739754,4487.900257950683,4903.943047078234,Low
354829,0.033712,7.5868514480029745,117.97569066666668,58.82115144279575,3343.711395326587,681.347276042553,Low
199681,0.0260546875,6.563262190320596,40.32942057291667,45.897536021177714,2100.8912753551976,396.505169086202,Low
289992,0.0140182783018867,6.440328800961268,93.8940595518868,22.220584258071128,531.3455392371269,428.2444395989989,Low
192904,0.037890625,7.573705846149407,179.17345900229358,58.82781118141777,3575.764580972247,618.5276963683887,Medium
105249,0.0293033033033033,7.443279053557138,137.9735315315315,51.55924959053512,2676.4858042017872,1350.614043189532,Medium
84650,0.0171321614583333,6.589203364753768,39.08568359375,31.32694707035535,1026.669238128574,1704.5462236366168,Low
132587,0.0365257352941176,7.545778506454137,95.68542647058824,74.3955729784287,5534.701278788711,2458.402665438892,Low
511453,0.0574992524242812,7.759816230225005,138.83446537656457,58.55986763522807,3095.135476047825,594.8234001815007,Low
431545,0.023065868263473,6.8997012135415705,141.996,35.533548904837176,1561.008996536496,1235.939185501237,Medium
357060,0.0030073529411764,5.5421048556290335,106.31283455882352,12.759093584484331,165.06745209598472,332.53869405491724,Medium
470773,0.0844791666666666,7.665251038835844,138.054462890625,82.71702963402299,7180.429073537635,2689.020111848789,Medium
414133,0.0544954427083333,7.454025438272349,122.51125,44.34764756773088,3332.925874914756,2329.707847192288,Medium
1993,0.0486575178997613,7.831349273762758,108.26880966587112,72.00077278086214,5182.715292443189,1233.5443354652275,Medium
328238,0.1411091549295774,7.675902891378224,123.59271933685446,56.161212796070494,3047.986836920017,7986.123380534606,Medium
474167,0.0706930620608899,7.695940790255552,115.1177693208431,55.13337145460516,3656.100458571951,1847.6046687977453,Medium
551822,0.0461058222958057,7.208255117312131,59.15478407836645,55.24614950000337,3856.690501467652,1205.872116730865,Medium
71756,0.0220306396484375,7.098312359575359,54.98990478515625,51.763767246044345,2689.628128452493,899.9415481988248,Low
371552,0.0743779274004683,7.527445849926989,112.58131220725996,55.92400785374429,3094.232466956062,2120.4448578797715,Medium
431876,0.1851507352941176,7.821136026988947,128.55878676470587,63.45278252600721,4506.508620139611,9097.670924776765,Medium
392228,0.0283268229166666,5.757973556323769,184.40223307291663,83.01985666382552,6974.274306848593,1322.0747199909529,Low
107094,0.0807621772300469,6.656036237128904,97.61476305751174,96.20327781110296,9420.174483921395,5216.247739018348,Medium
415748,0.0769512910798122,7.652404388848882,161.29048195422536,57.00021072993125,3720.266535503216,3477.634340986794,Low
401991,0.0291226912928759,7.237962156991445,132.25507915567283,40.55281570255442,1844.207494102401,1332.6317155656393,Low
3255,0.1145919421487603,7.556061190225368,153.2588412534435,55.319205611342426,3073.852674961118,5571.8405869777325,Medium
137246,0.076996996996997,7.689916424088133,96.50508708708708,69.40733034523858,4993.559026950687,2527.453985747333,Low
541634,0.0377098551839036,7.622147305538752,118.78647902516126,51.601652019835065,3003.092383053924,894.6496405510815,Medium
70229,0.0903034043659043,7.778496938434925,117.54153781185032,75.29040439315645,5689.363057831994,1395.379441704299,Low
317433,0.0812390222482435,7.390889602200533,81.69461724238876,47.53709806698486,2274.9197166744093,3389.15889209547,Medium
494759,0.0129947916666666,6.995158657502508,151.08470052083334,56.543630833197625,3429.534784576225,449.744488721625,Low
531135,0.0400373333333333,7.556825850264513,144.90650666666667,66.3322296348461,5490.97257293916,3684.6327225912887,Medium
364636,0.0431285178236397,7.693052632360843,117.99785705909945,62.31547345877954,3880.158095228229,831.1035885045375,Medium
259830,0.1368676470588235,7.86978143281634,109.08272426470587,66.14625155060587,4395.540208992895,8125.251870031143,Medium
517056,0.0455110677083333,7.591255606692227,131.09603841145832,85.77600848396499,7298.760126688074,572.6843571205034,Low
341719,0.1003059895833333,7.656881475913295,135.65840169270834,53.532248300650494,2932.58160544535,3897.180747501628,Medium
545219,0.0164680989583333,5.876114767266039,27.163902994791663,32.38198416061144,1294.4534101313095,359.87158521693544,Medium
300913,0.0278133333333333,7.707886913488343,97.491648,59.56465546707009,3864.0593979675687,843.9710732134116,Low
186422,0.1297240925058548,7.865854012116613,120.20550351288055,65.84387862898166,4455.123781375909,2164.525094907728,Medium
268375,0.1270084021226415,7.464368227539454,96.81783608490566,58.32485609681088,3394.0438430099825,3985.247864267058,Low
471789,0.0353125,7.267627591876713,117.54595703125,53.432578939425575,3280.093995618559,650.5914565634728,Medium
205324,0.0490036764705882,7.538143931651577,111.96370220588236,49.55566190984722,2433.830615799434,814.5492176422471,Medium
199236,0.099185583726415,7.671957563805015,97.1343344634434,76.67788244754743,5751.865684464254,2629.344257927606,Medium
365766,0.04337890625,7.61251966122394,105.59841796875,77.21749949309371,6116.298061619123,1148.5434718487952,Low
248111,0.0277407786885245,7.396670134656237,161.93832333138172,52.62205330604542,3102.765757276633,927.9703276595382,Medium
5992,0.0467946845794392,7.526578832616506,83.48173919392524,64.30996018763359,4174.937712762824,988.3370599710684,Low
340930,0.0169303385416666,7.753150652210559,100.41913736979168,62.89148783806148,4480.284521444352,123.75936624738908,Medium
172547,0.0494986979166666,7.680201790470237,124.85375651041667,52.34587762669016,4373.923167651318,1983.8629047392844,Medium
565597,0.0819854864016736,7.661567134695158,114.80949594665272,52.49238023175353,2754.949375189164,2558.748902837519,Low
251572,0.0137360622065727,7.671006673149775,109.16147667253522,53.62654529238918,3081.0988788036507,177.556326382722,Medium
201934,0.0844533333333333,7.689909481449549,111.00298133333334,57.07449061631345,3625.54608157,3560.557750464597,Medium
426241,0.0388053333333333,7.335991133654613,113.45832533333332,44.19621192540704,2072.169189871341,808.3353032924729,Medium
320632,0.1289127604166666,7.663675421172378,110.57962239583334,67.25088212992635,4366.686592339775,4915.821120064788,Low
60449,0.0669173177083333,7.413238788115356,113.882841796875,93.16711855765234,8849.78414345003,3664.257472442584,Medium
526751,0.0630269320843091,7.431784130667019,104.42433767564404,58.31066151426691,4152.465748881295,5935.446702776932,Low
239773,0.0296802325581395,7.335622467810468,100.48111046511627,55.56739332850702,3449.522487331429,1324.0564953141902,Low
531134,0.1046354166666666,7.797652636115889,109.354716796875,59.77679783542738,3727.485402855633,2857.300377188958,Low
29675,0.0350222280334728,7.473913188004383,92.98281576882844,78.40490045158205,6282.794047539828,562.6910760682367,Low
469192,0.0503645833333333,7.405390731450754,132.62662434895833,47.773691304499216,2902.676492481722,3341.1472200234302,Medium
27982,0.0963113772455089,7.62662222282111,106.93590419161676,73.85871980023579,5455.110490529743,4464.596818900069,Medium
504711,0.0826410455486542,7.81361617145989,140.55970820393375,73.40932342296124,5277.04711107475,2093.322434442221,Low
27768,0.0778760305865265,7.455574366531201,139.39406585074116,83.65413847723305,6517.243799155475,2484.545233536653,Low
130599,0.1183756510416666,7.725001723650049,130.048603515625,60.08970115772178,4126.034465093203,6516.674595269097,Low
357978,0.0719946666666666,7.610483825833903,106.58608533333332,54.48072674486564,3151.2754561121287,1680.4640849636692,High
551804,0.0186402224824355,6.232974486613189,97.83343823185012,27.717968572165507,996.7489812842624,1958.563873385396,Low
325527,0.0179197860962566,7.4640980624007485,87.67863636363636,63.33514389883353,4140.156072696341,737.5198630329435,Low
329455,0.080908203125,7.893258177346135,117.18254231770834,65.97953001330188,4832.162611839934,3181.88198325598,Low
79229,0.0221684272300469,6.654095832492689,100.60353213028168,25.268484495120774,642.5069773452578,4456.202433377347,Low
259854,0.0401432291666666,6.929292770864301,169.770712890625,83.30323941061165,7242.48946156305,1806.640820274088,Medium
329219,0.0404310597189695,7.399154936501005,98.9757318501171,45.22186326227284,2237.7552688047926,877.5024813857989,Medium
145597,0.1165494791666666,7.560472772647064,77.51118815104167,71.35367898737674,5280.691514688852,6697.255016273658,Medium
446651,0.0473921654929577,7.166328025896127,64.87756748826291,59.72550286517795,3663.400088458941,1515.8217825441486,Medium
182202,0.0453571428571428,7.724395459353722,152.39954951298702,69.24376864194076,4861.072770816,1161.762446883812,Low
290619,0.0156868489583333,7.332010172289243,75.03921223958334,45.790816252009165,2358.164122300628,407.5386691271358,Low
154087,0.0440559895833333,7.026918833548339,177.699033203125,52.90730422362433,2837.16911466637,2691.0690224582254,Medium
53505,0.0206556658878504,7.031443716116019,131.8531359521028,34.55216372573755,1188.2549094531498,484.5953167307188,Medium
60052,0.0672899590163934,7.77266238054705,150.61190720140516,68.1944076217151,4650.477230876634,803.3277294739502,Medium
553664,0.0894172705314009,7.359708983395123,164.2477241847826,68.22339255708117,4746.431005331493,1839.859877643492,Medium
20553,0.056416,7.182326045695556,132.61873066666666,44.393200429368974,1980.363669580923,3282.89735967983,Medium
477623,0.1009700520833333,7.757039824017496,148.8432194010417,69.28794101034585,5490.367987385555,3355.817484659661,Low
201775,0.0384607329842931,7.686141553047072,121.3532722513089,53.2335070422275,2832.156136518206,737.6486645202708,Medium
161861,0.008224,6.177943501873171,132.95620266666666,20.269824973597075,595.9013614450915,35.576780958464,Low
550084,0.100784,7.315346300747665,127.18836266666666,60.020315023380256,4269.776521957898,4036.549357582677,Medium
224119,0.0267316176470588,6.326177302280399,38.650044117647056,51.30101078293677,2529.361453026943,1052.2779993003758,Medium
345397,0.0251626666666666,7.702285981118651,93.90224,66.78228427995757,4518.961727938627,562.4324223320461,Medium
318455,0.0725032552083333,7.483622915983815,101.62401692708332,50.8464732164562,2639.294130446829,1086.30588234023,Low
252559,0.0784212239583333,7.128452867174634,122.78796223958334,66.09014613609385,4544.2370824795125,4197.799850272454,Medium
46252,0.1399088541666666,7.669440825181026,132.07772135416667,57.73538410611546,3422.9606272667784,10361.156584879294,Low
366141,0.0270768229166666,7.619244018220839,133.21812825520834,51.05430423197593,3133.609348744552,644.67171844244,Medium
291634,0.1664297055427251,7.865263684850912,120.99485060623556,80.58329778988168,6830.298525219617,11854.760178357014,Medium
353027,0.0131448997641509,7.074742356994858,84.54068027712265,37.35636312660344,1538.1729217814077,243.2168065829225,Low
24567,0.0744466145833333,7.772142432948689,114.04128580729169,60.84409442239299,4381.8025556268485,1762.267106843302,Low
236592,0.0111490885416666,6.989749611805082,81.1233203125,42.053480650344014,1784.5129420192118,218.74465000575384,Low
115946,0.065400390625,7.19821132062321,148.65964192708333,71.99852250094928,5515.339563572178,2177.2892126036645,Medium
471567,0.0995475260416666,7.544197718287959,99.56367513020834,49.971561784123374,3626.023723571872,4922.661358114614,Low
155443,0.1142471926713948,7.557726233922902,83.9934581855792,65.4124332724258,4329.278495534846,5238.272876279663,Low
476810,0.0343359375,7.523016982264714,123.95301432291669,87.29463891758988,7608.263546854835,922.5172252715956,Low
120777,0.057392,7.7388998695225375,107.989616,63.199450410367845,4716.671153094808,1600.6725385358222,Low
410612,0.0606107784431137,7.240641328252225,134.86746706586823,64.34708809572207,4248.187584375333,4249.184449349205,Low
571804,0.0337844776995305,6.799261655727229,108.15636003521126,30.03514155911386,927.9997954024808,983.5499544123928,High
460333,0.037880859375,7.476674211490475,89.41889973958334,61.53520639335469,3738.688638864313,476.3053674104373,Medium
127092,0.074853515625,7.357967185841411,116.93466471354166,59.37173411126265,3973.652876944948,1589.4358031238876,Medium
263403,0.0608142513883805,7.063458621687999,167.7671498814506,66.22425117841645,4228.383579936298,4302.723324686295,Low
574315,0.0377311197916666,7.428102278907441,89.81223958333334,65.46090476013539,4274.447612716968,1353.2421316057737,Low
133819,0.1133419117647058,7.734125250023337,114.6296838235294,78.72363619232289,6595.68875736908,5305.862306573529,Low
281179,0.0379947916666666,7.016199036414385,58.811298828125,48.57937656469675,2727.183059633492,571.500000976552,Medium
84674,0.0423470052083333,7.326761467845168,68.80345377604166,48.09633154944501,2316.501822550477,784.073046727456,Medium
105335,0.0148580674099705,7.554602433524961,107.20554060404118,72.59920261134864,5711.9441063714185,87.07418666875473,Medium
462576,0.02451171875,7.185186367860097,79.87928385416667,42.90635945309722,2069.0515447895013,413.0610465818617,Medium
378284,0.0389966334894613,7.53909438257535,96.96872804449649,47.27122611706266,2437.797179569544,770.3601864484582,Medium
112798,0.0552010793871866,7.452766946380139,98.69096448467968,83.06717529359234,6970.084503265566,1522.788831630232,Low
520264,0.0489615885416666,7.84613169212959,132.784482421875,72.64315966816532,5312.361990995983,1381.425815315077,Low
64084,0.0443341456422018,7.8267302081176835,103.57502150229358,70.86611171421842,5398.14957088901,443.347170470968,Low
469067,0.0146744791666666,7.1529581092122845,87.56019205729167,60.33169893553048,3688.7874507699016,744.5492382642958,Low
41990,0.102763671875,7.088097363400896,138.36564778645834,72.13626800522952,5347.859198401352,5928.09260029903,Low
140203,0.06455078125,7.132187801967983,114.69146809895834,68.97335300391374,4922.991142604966,2548.093817367289,High
361103,0.1073660714285714,7.782337588231047,114.00483387002342,76.37337478709603,5900.084336842659,4116.222181480863,Medium
444142,0.0422899590163934,7.4834730974960975,92.97539885831382,72.95595779934398,5301.56140720172,937.9128683852912,Medium
275392,0.057041015625,6.06796143354435,121.754873046875,95.07241655016618,9958.85617977035,1932.3026637776693,Medium
287874,0.1028873847926267,7.259995034658484,152.33865567396313,71.48145150695188,5189.692310360938,3806.974795350751,Medium
94944,0.0511782786885245,7.277756181674828,103.040625,43.72640602429397,1954.539767480897,2047.1999614274173,Medium
82821,0.1517857142857142,7.645559599017741,88.15259440866511,56.2566640490607,3274.194834211676,9171.153479511311,Medium
255401,0.0440817307692307,7.786575649986728,150.67820192307693,74.59245375730812,5922.754803360793,1405.3143897085567,Medium
255165,0.0506770833333333,7.751495727330277,108.06681315104169,61.76301581522221,4190.858107452884,1622.7457145341236,Low
347174,0.0419533079625292,7.576191038053363,106.46321721311476,72.08535626934626,4804.976669129529,1768.6750951567976,Medium
155291,0.0360948477751756,7.650158750756691,110.70177839578454,84.8725533549955,7558.973087428373,978.8267411570716,Low
146489,0.0381966145833333,7.353255937442804,67.75356119791667,55.93309919560296,3345.5298360934853,813.2253948736826,Low
63740,0.0654134114583333,7.805843412499436,118.94052083333334,69.43781829352179,5164.75161799765,996.9189663024904,Low
507575,0.0842708333333333,7.788451176502218,105.51358723958332,62.192934312570856,4063.516361611709,3713.669178929637,Low
275727,0.1265427631578947,7.656844335771971,106.5022105263158,79.10962385967233,6377.15651743613,6491.844193240034,Medium
410510,0.0452071629213483,6.63760319596086,76.91718047752809,50.77385265605769,2571.2105901501614,2250.133189634309,Low
363072,0.09326171875,7.152494439262099,109.877958984375,82.17936701402878,6974.434137229528,3818.37666964624,Medium
59598,0.0573600260416666,7.377071555620469,123.44802734375,59.783747503060304,3790.924787198741,2994.075105416775,Low
45090,0.0607413127413127,6.560050773435768,94.70060231660231,69.8687158163814,5096.797466131572,5197.04083093162,Low
139077,0.0669333333333333,7.578340052000939,135.22382933333333,53.32697600429705,3192.4416526967275,1559.2463289684194,Medium
453001,0.1060611979166666,7.660661213947961,91.19913736979169,70.38600150768791,4926.309230937782,7645.668629275756,High
407403,0.024150289017341,7.346954696226902,106.39767052023122,61.14467078717318,3632.953512226815,491.259754492432,Medium
91615,0.0546617647058823,7.589062861332247,131.8164080882353,52.310260738871854,2885.879345410823,1485.5443364048442,Low
383842,0.0708525345622119,7.684922628410282,101.496727390553,66.90921308780771,4471.26501793554,1168.835252620648,Medium
137576,0.0958425843694493,7.580600693439061,86.53100577264654,54.45317662658023,2860.272703221617,2801.5531259856234,Medium
551660,0.0671653891509434,7.0518533103061305,199.36838148584903,62.61962546824848,4305.3025008123805,2227.625421922072,Low
410650,0.1021744791666666,7.241820627171219,108.79551432291667,52.73720843063069,3586.2513650156725,2543.86911782785,Low
16598,0.0301941684100418,7.796900065007237,133.7945377876569,59.72816501429544,3869.259952584254,990.0589258872049,Medium
523033,0.0455759660421545,7.1343764714667,179.4719737997658,44.17062517300142,2010.847598256176,1678.326500118722,Medium
50331,0.086416015625,7.028659653298487,135.35189127604167,33.727611362694674,1420.2360550760195,3000.715375665018,Medium
222317,0.0281998697916666,7.481923791221542,115.722919921875,45.94365768752452,2312.151801112719,612.8700358242036,Low
554838,0.0500455729166666,7.551960345656301,119.68410807291669,57.6658299746514,3399.306761364164,917.4663050163164,Medium
71451,0.0126060704960835,7.542153288198632,94.26561684073108,54.799546675498455,3081.538016067751,392.0941734657745,Medium
56545,0.0321813118811881,7.535580412675404,98.94245977722773,61.64320501397571,4177.418025098483,247.1399896670287,Low
114770,0.0789159429280397,7.538696054672083,120.636332971464,50.88368542241261,2697.4635887273453,1650.4278912079587,Medium
147498,0.0265595181297709,7.570004739293455,161.54999701812977,52.34604607018343,3095.996140446592,1874.262325508096,Low
561679,0.0713639322916666,7.3590497776635955,68.61900390625,61.953957446466895,4552.086765664087,2895.375716389592,Medium
189698,0.0402818341121495,7.530388174515995,78.62877482476635,62.86986336564284,4336.398660676438,719.1648907895454,Medium
426203,0.1123532863849765,7.932346488234418,123.75403829225353,71.76204660606238,5343.292271218017,4612.0174908687,Medium
568213,0.04384,7.072330712776621,103.34171692307692,39.27431149480073,1650.6421433419991,2290.655517464956,Medium
352582,0.058735294117647,7.312504302604665,70.82409926470588,53.26026278586652,3075.948344564744,441.7079456046713,Medium
375078,0.0102018229166666,6.406771985018412,183.01109375,43.68253318036525,1848.8016042381075,267.05133102916085,Medium
546475,0.0324738903394255,7.65759600118422,113.11714670365537,63.10226231176357,4115.984252140568,517.3405856601374,Medium
466256,0.0657095588235294,7.24427862930897,139.3252242647059,58.853283972304425,4334.314187639788,806.88063252756,Low
15517,0.0929069010416666,7.871073529729296,137.92714518229167,72.3495208379629,5474.752747959574,2482.253019021088,Medium
123131,0.0589578454332552,7.501270520666248,163.84799107142857,81.84570807154014,6778.012629904012,2399.104460467376,Medium
193717,0.0487224088291746,6.860733991896965,115.6081513915547,88.4254776447524,7701.781329810087,916.7763116558848,Medium
372307,0.1126898364485981,7.382689253724337,130.31552278037384,67.46808873790008,4834.070956653864,4902.397680767472,Medium
164363,0.0514383278145695,7.092001271267008,118.00316639072848,74.87754946177874,5435.211112259311,2841.607304902713,Medium
163562,0.0283363363363363,7.680946477264597,129.5644984984985,63.465251723128205,5414.914633474965,495.2606464653843,Medium
484404,0.0483919270833333,7.512853574015126,111.467412109375,78.56256098683797,6137.047615405933,626.6087346184624,Medium
43737,0.04482421875,7.024036083930686,94.88502604166666,93.60140173089776,9001.689017178209,2329.917785436842,High
565607,0.2222494009584664,7.945528464921772,123.14006589456868,69.77172049896315,6166.380520456158,11158.40879322756,Low
297085,0.0766026666666666,7.38436894772072,85.43407466666666,58.99128577892183,3539.240742848977,1979.160433522091,Low
38048,0.0832307692307692,7.3147063129744545,140.26507023411372,90.71785780315284,8518.8543310852,5983.607141050996,Low
364557,0.0532237997658079,7.874600930427024,103.97549399882904,67.13498700458494,4190.129547437373,3233.318715769497,Medium
131444,0.08970703125,7.485400899782287,93.35812825520831,47.194984602463634,2917.1431413344103,1919.4583313293351,Medium
35279,0.0951842602591792,6.833338979999308,97.41013431425486,89.23138181773479,7895.860847412533,6319.505366045674,High
454750,0.0963627049180327,6.9859020354562045,130.11417227751755,92.79745322740897,8741.971738860806,1989.4952409376024,Low
288862,0.0526566159250585,7.272418983614613,61.89071282201405,48.58336507721626,2360.8030022671314,2320.2719039269195,Low
440336,0.0567820895522388,7.174059232123632,79.5067223880597,38.3801516980032,1924.813201347412,1946.8704038314456,Medium
519688,0.0154660508637236,7.224895449995382,77.14280230326295,51.34247521354075,2651.908088926845,251.84090089731745,Low
389532,0.0089927256532066,5.722571553550059,169.33796392517814,103.02362604762884,10613.861384880887,530.1672278987368,Medium
10995,0.0146419270833333,6.545270320221892,59.884694010416666,77.70313192554843,6043.469326013077,852.2809575493707,Medium
530466,0.0817643229166666,7.694612518640199,115.69667317708333,56.10948083160872,3833.497577251272,2221.747948786375,Low
19042,0.1072902628032345,7.384942945242881,144.61965549191373,65.82022305048052,4516.790546348876,6234.446660283818,Low
516173,0.0826325061274509,7.338981596769384,139.16719515931374,73.52771921166791,5230.510112748225,2088.2829733927406,Medium
338624,0.1195442708333333,7.803846665124463,129.31133680555556,73.22591639266992,5417.039748086058,5729.199117339334,Low
420230,0.0337346311475409,7.162829647842282,76.0917337529274,58.12753882945152,3312.700314716876,1055.0960040983607,Medium
179642,0.0930913348946135,7.662850581954197,97.37883855386416,61.27478421949104,4373.189117690317,2769.395832639761,Medium
287714,0.0212532552083333,7.098587878470645,125.00654947916668,46.27761235220535,2261.765440591307,386.2569007903629,Medium
259571,0.0670106761565836,7.359836427874441,97.16424199288257,54.93803548934912,3107.4649929807542,2058.9992538397946,Medium
449909,0.0197197014051522,7.653401839327385,84.78398711943794,62.85424137160755,4091.384332854552,613.5524870852879,Medium
439773,0.02998046875,7.423033105101399,87.450283203125,45.02265223682436,2280.4084025554057,1391.5452947338422,Low
270474,0.0794666666666666,7.337991501567489,120.24906666666666,46.46510642545532,2391.2563447160987,1254.4814478657706,Medium
39914,0.056458547227926,7.3185695136829105,84.4216921201232,40.38445015070172,2069.5373965259,6801.008696132779,Medium
3156,0.0538692155756207,7.77938018597108,113.79012415349888,86.11873876722868,7416.437166858174,2518.651115438792,Medium
553776,0.0512301891615541,7.65641248639144,147.84809879856851,69.92695940488859,5152.142605753369,2097.140014790978,Medium
194940,0.044192,7.528522574600684,117.621168,61.41411651769575,3752.6582875604654,1091.6622078684727,Low
30504,0.0987239583333333,7.7600887861568575,119.277880859375,70.39022023330811,5081.695070913064,1919.1497235859767,Low
350833,0.0131673177083333,7.5040882496325985,150.722099609375,47.36287053269522,2288.04690442548,402.9031214353773,Low
49759,0.0404848194748358,7.3883304544176065,98.5285523796499,44.81115941443352,2680.36099416564,616.8525187506392,Medium
512657,0.0380379098360655,7.463020254576434,123.65254317915692,60.6332993345219,3703.77575034574,917.036416090556,Medium
248314,0.0714225260416666,7.853529652052122,126.07003580729166,71.00214561246892,5107.5167736021685,5073.633873379135,Medium
538236,0.0682608060747663,7.735209961920337,101.84795925817755,56.024051877062654,3704.327656422788,819.4018426017218,High
260261,0.0919967723004694,7.678528181423019,97.87248019366196,74.10051733492453,5724.658846181034,3459.9096850821093,Medium
464689,0.0556020691126279,7.900643714190935,143.226826471843,70.46926328390566,5046.969488367296,931.8920918934105,Medium
153782,0.1228365384615384,7.6575659576014194,122.81838942307692,56.87282344622064,5397.527630672563,3489.833229577556,Medium
371529,0.05958251953125,7.757861369060286,135.61260986328125,65.89527631848131,4490.1034219541,3207.6355016492307,Low
318114,0.052335975712599,7.273226153667684,181.0039973013999,48.31261311303089,3855.453989459476,649.4610992030533,Medium
217285,0.1137661007025761,7.807539652741047,127.86270857728336,58.711944859008966,3933.7087855148825,2579.950520573373,Medium
127517,0.0810481770833333,7.731410273344833,147.21358723958335,57.555910930983046,5251.73996419783,4058.352346158176,Low
558073,0.0086186666666666,7.28664870757472,162.650672,50.84129378712167,2653.201255154328,71.30935345595734,Low
61658,0.045732421875,7.729535573841468,118.924560546875,56.89873642424206,3281.981598122501,593.8070217278374,Medium
554328,0.0612443637274549,7.449970999354369,178.54465806613226,62.464663033603394,3824.101707903895,1955.023791204654,Medium
162415,0.0402081389925373,7.805433015446948,97.25805445429104,63.677249589928,4332.716190997905,1496.2740953805237,Low
227044,0.0250520833333333,7.511473675689246,149.879443359375,49.6621233738293,2521.956460084205,333.1488992243343,Low
334399,0.0422233072916666,6.314910995682785,58.67234700520833,84.38169292682682,7233.966689793576,2240.184914084106,Medium
167128,0.0374963407494145,7.380362955983301,129.065474970726,42.9429890984104,1781.380191973804,1295.4161624415972,Low
153797,0.03255,7.007185527558222,138.384485,34.51310209593995,1620.572239229775,6066.007183004776,Low
470173,0.1127522421524663,7.454417888955731,119.143627382287,54.9252993751488,3276.21210234999,8538.644003303372,Medium
240940,0.0844089635854341,7.717690548301733,102.74057142857144,56.76732600588426,4281.6431317400375,3411.9040860899345,Low
508730,0.0252615062761506,7.616612611786446,149.67792560146444,51.47629570765168,2970.652303428968,747.5603817765532,Medium
537802,0.060869140625,7.932025842732938,112.31193684895834,68.33587029305733,4959.176795715738,1643.392517608261,Low
222235,0.2090822599531616,7.804698858143163,123.38178425058548,62.99275121517712,4221.011400336149,5427.90048222237,Low
245102,0.036120462529274,7.719622660912801,94.7350336651054,62.3908260707817,3985.757495239663,1569.66726508574,Medium
511999,0.075896860986547,7.606312348938731,121.0056649383408,73.86915010830634,5771.430055251726,2080.413837238261,Medium
452784,0.0546028645833333,7.787993881267155,117.01310872395834,61.65412893935597,4625.368036734045,520.2215156486405,Medium
419601,0.1064680851063829,7.529605977159005,95.3809300911854,58.212828090307625,3457.8222963558114,3600.622457949908,Medium
132931,0.0560048302107728,7.404008503729157,136.48315281030446,48.795503235046425,2567.675433218232,745.1478752560939,Medium
314177,0.030285213097713,7.373156325236262,86.8545738045738,51.67869406833321,2610.3144119282274,1620.006486128624,Medium
22371,0.0381476846057571,6.985081878608854,187.30131831455984,65.41791032408364,4519.714556209005,595.1133605554433,Low
97924,0.0771833333333333,7.364725877268584,163.935825,68.99634572378484,4820.703719698883,1496.5152756262328,Low
272136,0.0572210864485981,7.629696389168624,87.64035484813084,56.83796524263644,3618.8002535761375,1876.152512989402,Medium
34139,0.093203125,7.706758706586181,83.89913411458333,65.86671606895683,4409.313722901828,6251.244341552565,Medium
577584,0.0354478169856459,6.8265430893930485,130.74609375,50.97738976655892,2552.884927282002,888.4146367626139,Medium
509451,0.122672,7.705181910969452,114.74770666666667,84.88065737300788,7286.089195762451,4377.508213733945,Medium
459634,0.038734169793621,7.564325593249528,111.57605241557224,59.8132210201626,4512.191168573944,2134.898355393309,Medium
33109,0.06458984375,7.415271172796108,99.41977213541666,84.02490540818434,7231.82520454383,3587.417424943278,Low
407002,0.0789778645833333,7.660659266642089,156.190830078125,66.29626327807995,4610.887569373951,3127.5269741277057,Medium
369503,0.0228746666666666,7.152394922182258,103.39632,76.15059582908243,5851.985691695132,211.08986114670927,Medium
361238,0.0633072916666666,7.7327781882005455,119.59977213541669,73.95663790568538,5826.087532495237,694.3748891152277,Medium
170893,0.00626953125,6.274744838074545,145.22745442708333,26.50433575781077,821.142598844899,257.8455644671016,Low
52591,0.0604717966573816,7.551229329321829,158.2762360724234,71.86777237031028,5164.976705470733,2078.1669392876684,Medium
318238,0.0589598587866108,7.74813302351942,127.18770266736402,81.58290276758247,6391.270275093252,507.5597080665642,Low
210394,0.0632454427083333,7.436888281601013,106.95760416666668,63.41603531146177,4420.814589749164,2276.154796627797,Medium
553788,0.0158057851239669,7.086550792768301,113.5486957644628,45.14690386182978,2393.1315050141707,392.13518540330216,Low
270705,0.0294901315789473,6.672321987817518,172.24379934210526,76.88475590239109,6318.147502911369,392.9410214477039,Medium
537241,0.0384953161592505,7.818528995284305,132.18217579039813,64.61466979306898,4440.226525888521,505.4013139946797,Medium
52462,0.1308365046838407,7.534499614004626,163.40802107728337,52.6880707017146,2791.6433345391174,7028.509682743617,Low
167067,0.0061546666666666,7.567627402700568,129.44697066666666,61.77422140793417,3750.8202975373183,208.90057256914488,Medium
50149,0.1580106382978723,7.659576449485024,130.0765585106383,64.35046541737476,4617.249242272134,3580.7988664089808,Low
534041,0.0620266666666666,7.6067602907587215,99.23938666666666,64.93057306095352,4500.99028928093,1389.9682183850666,Medium
118367,0.0308584601873536,7.511687501247452,76.08632903981264,56.646310868421104,3409.6384006676285,686.7558826823695,Medium
287959,0.027939453125,7.730559935655664,137.06875,58.14220388320203,4031.038453628635,1086.924220608934,Medium
243344,0.0337825520833333,7.614834442884519,95.948623046875,51.53110711388458,2434.85169569415,788.6523107991113,Low
411938,0.1525175644028103,7.812918574878204,121.10367022833724,58.12753626705592,3710.2188209363608,4532.251726243952,Medium
67180,0.0931380208333333,7.5201580969193405,117.239091796875,46.67075767782265,2363.865548821336,6091.153708248127,Low
8899,0.1429267161410018,7.748377946839589,103.51483360389612,58.42789191092975,3616.0055386303607,4361.737477184846,Medium
355817,0.0622688802083333,7.303936758302234,120.37763020833331,57.51694485023453,3542.8032471264523,2096.1432611083983,Low
512564,0.1304466391509434,7.774405343062051,109.08921359080188,82.97843097741806,7010.596184641239,4694.180597182342,Medium
183127,0.0101343457943925,7.148758377837559,128.93913916471962,54.5180377872974,3091.77892632288,581.9914716706887,Medium
570539,0.0823602150537634,7.716728330336722,118.94626344086022,62.21495532543323,4800.34024917401,690.7209700621748,Medium
426372,0.0893771955503512,7.854984773290845,119.9335150761124,76.04506968773369,6072.189971900571,3994.411654971062,Low
444879,0.075991649269311,5.961222259782182,171.46640135699374,80.37036702780061,7072.34820524195,2327.38775847876,Medium
532575,0.0580613290398126,7.052624113510604,130.17449136416863,89.55641130830935,8274.744636719666,2458.337286616938,Low
180188,0.0636946614583333,6.482106252410165,153.78249674479167,83.5214213977943,7005.345828808558,2304.139998304579,Medium
459195,0.2544906666666666,7.885817797141771,119.36849066666667,64.89142045983618,4230.543182377168,8372.298446246798,Medium
336658,0.064982476635514,7.042967618681447,50.69202321845794,47.40844093867085,4420.7122331143655,2467.271294292137,High
61418,0.1034866266375545,7.479163386366564,126.07276542030569,55.962307384500505,0.0,1158.7724085888171,Medium
345941,0.07365478515625,7.392144009529126,127.8188134765625,85.49160688175755,7242.2975423777825,1703.7432275390624,Low
463542,0.0258766138497652,6.526343120172535,179.80810959507042,41.31197879136482,2357.399533058772,1305.756328802052,Low
162732,0.0723946135831381,7.788763268441315,127.18403468969557,66.85804276637418,5072.88562872255,2563.0801201665327,Medium
356169,0.0468587239583333,7.6132325356099,106.937431640625,71.63823731420857,5311.833298779548,1272.5430820358172,High
196759,0.0387532552083333,7.504264391439225,97.75168294270831,56.57476946317089,3787.007332836028,1564.3842254797617,Low
435205,0.0256876876876876,7.571614443586495,127.67895495495496,55.67993426926079,3406.8048265362663,635.5251967275022,Low
470952,0.0665924357476635,7.585998596252007,109.53789792640188,77.12340362915336,5983.181792172226,1602.892826211399,Medium
415536,0.147314453125,7.382029001366175,66.03720052083334,55.875097375720514,3340.9969102753143,7179.176243244763,Low
146155,0.0627044677734375,7.385975271466109,80.33551025390625,47.66213712365133,2538.9692183815905,1043.197766637802,Medium
125850,0.0330777096114519,7.362181318471696,78.87343110940695,47.93001910563192,2390.277642388301,1365.2588285405743,Medium
124798,0.1249890222482435,7.541548926131429,105.91089358899298,54.737691610017855,3797.859914854465,4585.395313780685,Medium
393838,0.0663788056206089,7.710797965777445,93.97463041569088,63.81455383836127,4146.530517404348,1000.882657119822,Low
173044,0.152158774373259,7.378873184795252,136.45422614902506,77.8066919585259,6314.3990778711295,5819.928007528335,Low
10583,0.1227305737109658,7.835913997399149,141.8502846127558,73.65798743390705,5262.386106762217,2449.120841856245,Low
323571,0.0167200575313807,7.548081954149865,89.47202863493723,75.23566693226627,5994.286836167012,746.3148632087185,Medium
570834,0.0588639322916666,7.48010795045284,101.20794921875,50.43116401588824,2571.6419717189856,1726.9761079304592,Medium
399655,0.0442186666666666,7.874148953027003,120.26785066666666,75.56484953570475,5815.427045056397,525.7064539255182,Medium
192607,0.2012757352941176,7.775909339751138,89.54039705882353,68.66769806672946,4768.540960219949,13777.888575314542,Medium
407868,0.0976432291666666,7.09803033306032,116.385927734375,75.98245005713412,5919.28470660921,8433.477705091307,Medium
195918,0.0556111273364486,7.400378122697321,114.97368574766357,89.8162560903416,8048.097513952215,3373.9807928754008,Medium
118921,0.1245828454332552,7.112816753537314,169.22641612997657,68.81207181654781,4829.816825625018,6594.517281324949,Medium
509014,0.0629059163701067,6.544438061109154,212.0300878558719,57.41079544747068,3334.8173225469213,2697.065295230794,Medium
139099,0.1065155905077262,7.618918998704941,94.79235651214128,52.78674033669822,3056.633725028627,1809.713181292064,High
369757,0.082265625,7.531707891063384,96.96650716145834,67.97348016088989,4782.037698894339,1358.4459860427748,Low
180011,0.151611328125,7.694075354427927,96.35769856770834,65.33640843533911,4360.827558944041,9727.233188815264,Low
525600,0.0427147239263803,7.086305817931522,109.89778086656442,34.43807869564192,1196.565931675644,969.0996572381956,Medium
184762,0.0805013333333333,7.257751414002048,84.86250666666666,50.436083454704885,2532.65176137345,2062.0724072417,Medium
246436,0.0353515625,7.513460540541428,73.769912109375,65.72215778377408,4508.159253139776,348.8352971025997,Medium
156372,0.0493671641791044,7.140179142363231,151.45707462686568,77.11637789407574,6113.028488023287,1348.6278292052216,Medium
343466,0.036640625,7.151826039730644,86.55861979166667,55.83052971354494,3432.9767646727946,250.70043632744685,Medium
329456,0.0739168618266978,7.568366204974493,116.87478776346605,82.05904403371515,6796.581775391926,3227.10657931315,High
28285,0.0893676470588235,6.82522100737634,83.72402205882354,40.57050840638375,2787.898562734203,5650.14109212754,Medium
417465,0.0481066176470588,7.436872847642224,88.85659926470588,53.47486929192012,2748.499536903051,3503.758082717939,Low
327769,0.0301444575471698,7.406922485472051,150.75606942806604,49.581311805304246,2449.3119730674784,727.1570277619218,Low
2149,0.0093164519906323,7.540420779813787,92.294756293911,64.02236680816324,3854.551687289904,59.76700267442371,Low
70774,0.1668308823529412,7.495465649260319,83.88164338235295,80.02083953629463,6403.334760093413,9001.098841422132,Medium
514540,0.0993553321678321,7.721894305618113,123.28573353729604,59.62575937043214,3861.7283963495593,3856.9080891186736,Medium
241668,0.0184103260869565,7.703402506594535,123.6150101902174,60.98632224455756,3940.3410761852574,183.52373656348533,Medium
283070,0.0227402161214953,7.1999040028631445,101.31999853971962,39.74257735611192,1829.659998459123,991.7758783232332,Low
339442,0.0245996653919694,6.99536560018166,159.4805270076482,91.30533997732154,9515.476961560513,447.3618561090268,Low
396580,0.11640625,7.318065744425864,68.1423909883721,50.80482447487354,2709.5758016767577,7469.844857843543,Medium
551794,0.105302734375,7.522372987737371,124.409873046875,49.88696300290441,2548.8969177003155,8672.864054542531,Low
466125,0.0452612704918032,7.450257657127235,71.9381550058548,52.91043692937486,3050.584124978463,770.7870288701481,Low
302990,0.0972738583138173,7.840278599438547,148.42151639344263,68.74857622231289,4805.324473615027,3968.342767183767,Low
281032,0.0363180620608899,7.57434513443344,108.73270638173302,55.24533726464733,2939.7907362204137,591.8530027240287,Medium
448410,0.1090710812356979,7.600499276917735,136.32124928489702,71.89268008883633,5204.62884802887,3586.17886232435,Medium
534270,0.0161529308246064,7.152225462422551,162.67474845104198,63.29315958582335,4193.056760532264,111.90853842345642,Low
471450,0.007314453125,6.727502066030564,105.85686197916668,26.998630603712883,702.4777366683217,332.1395594346364,Low
79188,0.0834440104166666,7.147381264819635,141.115263671875,73.57656508549945,5786.650433452288,1329.583575394429,Low
250758,0.1032584635416666,7.489524596824301,116.314541015625,46.54716588408058,2175.652305681038,5111.332797337807,Low
414261,0.0203198185011709,7.767874202635244,118.37819818501173,71.82929515429176,5131.791303595019,960.4937838568518,Medium
490171,0.0372877634660421,6.562982817664603,138.34751170960186,30.22980626342322,983.4012415509892,1731.3387246746868,Low
157847,0.0183766233766233,7.59771390049671,117.59576704545456,56.70990975470945,3469.611939906043,511.2840941037795,Medium
334530,0.0534109477124183,7.557300967090782,119.32293368736384,59.02425688929566,4087.706837027661,1504.736956879554,Medium
164602,0.0313997395833333,7.15015619978256,122.29597005208332,38.46231286731558,1554.1517005404403,613.3863162733289,Medium
511599,0.056015625,7.372667824630064,126.49201171875,59.18440644405652,3477.783588434693,1829.900253753652,Medium
154000,0.0542610677083333,7.815451208226513,149.34142903645832,77.82703854166743,6137.143560506804,1846.8730012613507,Medium
190007,0.0471128608923884,7.463654403373929,133.1166502624672,71.60460733546688,5288.953326898656,2713.211132843177,Low
332455,0.0228786764705882,7.144831706343828,95.05350367647058,42.74903173830358,2754.440566532453,455.4831014476103,Medium
297681,0.0513171189376443,7.0688400069876645,56.83626226905312,56.56570920618064,3278.6470697775985,1994.5547162989683,Medium
305695,0.1346028645833333,7.722246353013279,118.72014973958332,54.10440714612653,3200.3507199234223,9185.663035284411,Low
555972,0.059228515625,7.62265413544932,131.67789388020833,49.98138313169182,3184.353466685341,2072.912657959991,Low
5503,0.0195375375375375,7.228962713216564,77.43643243243243,44.36378417754442,1968.145346551741,250.54162162032304,Medium
96549,0.0500511098130841,7.118906289679963,82.78854410046729,41.0169684215408,1925.9073979116777,1814.2623122106727,Medium
137950,0.0623493975903614,7.392201185034234,132.3948343373494,65.99220028850637,4324.290547243733,2303.200265035164,Medium
566282,0.1043830692488262,7.164442364571504,171.4684785798122,79.06655207065364,6251.519656341384,4748.994120135449,Low
546976,0.0522293333333333,7.428067680820594,67.13657066666667,57.048539418519205,4173.878475058555,1269.6758293077337,Medium
474786,0.0341226666666666,7.286770593668748,108.269248,72.85376429657676,5503.625865632522,1000.3868533023574,Low
566524,0.1185026041666666,7.683481004722923,114.901728515625,67.47194151307257,5423.071860504716,5584.915316897827,Medium
287291,0.0971466666666666,7.465554996816714,122.29022933333331,67.68717339053788,4734.860123764641,2403.837939828622,Medium
453981,0.1765771370023419,7.673346132263709,121.8252012587822,59.235844236280165,3148.936562468703,2208.7136232309085,Medium
532071,0.1346918402777777,7.54514768054488,116.50585503472222,47.50064007708167,2378.1701630115144,5116.533546990119,Medium
462904,0.1129296875,7.819264632050792,127.14130533854168,75.9889575541808,5860.929155879222,5449.032385075845,Medium
545594,0.0784332275390625,7.72823445693226,104.02121276855468,67.67487315746371,5264.646759433777,1554.0318244799878,Medium
149770,0.0244137931034482,7.3680165257984,183.1693448275862,62.34290362723088,4642.374003520809,640.6420631617123,Medium
405205,0.0920399113082039,7.463839428895932,113.60872727272728,82.785193016715,7243.499636944027,5492.413051098077,Medium
450303,0.0528548177083333,7.670792717289015,117.15834635416668,67.2338714347076,4521.187408368842,1366.539536756632,Medium
536073,0.0661946614583333,7.476839314112384,131.78761067708334,46.3605246264545,2388.096497892941,1332.1323366887411,Low
387148,0.0747242647058823,7.751761524103353,95.23979044117648,65.84902566243011,4525.328881886236,4837.210722406885,Low
65074,0.0528965212264151,7.493836136457743,143.78077830188678,69.38732464624975,5029.36935065622,1483.9642309283363,Medium
412286,0.0422042042042042,6.806599012137312,63.857015015015016,42.197512625871504,1801.3782288448565,966.9185169372616,Low
1296,0.0490046838407494,7.845234533874646,101.15503146955504,65.72425055174749,4620.805563280434,761.6352855984559,Medium
342397,0.0331162177985948,6.546584465116473,194.51293545081967,49.92236406330762,2712.7629037293123,463.83034224340855,Medium
231580,0.135595703125,7.642573375390641,109.41169270833332,55.83328608128612,3487.233912076985,7793.9212723995215,Medium
311950,0.0816720145089285,6.99597095368437,193.3990513392857,58.31307610000635,3765.253064938395,2379.6180037979084,Low
502168,0.1249078875545851,7.733945095319008,132.9600982532751,84.055241693859,6990.071646497073,5187.018712199137,Medium
452321,0.04935546875,7.63113299579773,118.04097005208334,59.743989094411546,4163.269779821315,1426.8188970404306,Low
455448,0.0327438546025104,7.635177694579804,115.3400071914226,57.597973346094,3616.690086141377,817.1866487806585,Low
527427,0.0684733072916666,7.668748506050132,96.86612955729169,69.23070244759084,5011.556546785111,3347.495079302884,Low
419882,0.0349251356315946,7.276772305769823,92.74792547738048,73.14361216887598,6380.467913860295,680.2100599576568,Medium
146363,0.0465866666666666,7.539527182454607,93.54442133333332,64.16370666827011,4211.936098293144,2987.774518959758,Medium
130826,0.0991666666666666,7.870377790796521,121.68298502604166,67.78786927546349,4948.682904827214,3321.653125292449,Medium
168974,0.0359786666666666,7.232339400393544,74.91143466666666,47.05970603586184,2590.6674517419046,735.2133390095928,Medium
546829,0.131,7.436929868351338,92.14245220588236,45.38816570479038,2091.942135192749,8494.667712817893,Low
378873,0.1623496185446009,7.769252763223982,119.22409037558684,56.30100273088899,3820.236688525017,7107.682817639928,Medium
98392,0.0738248697916666,7.267084383537396,144.268896484375,76.79513451329495,5989.305097890666,2031.0606752908388,Medium
476258,0.0512474455040871,7.315090389653075,121.58379172343324,45.53115057945245,2086.5135870645686,1022.1351684241502,Medium
313130,0.0466731770833333,7.607241839029132,116.94055338541666,53.61282260196729,3387.469342971823,1295.7272942961697,Low
201426,0.0754528061224489,7.774965297784005,124.71863201530611,58.67179662473731,4694.98027149554,1789.65369696867,Low
337498,0.08904296875,7.734538356954081,109.79252278645832,81.4721422590174,7306.927820471074,1247.3606793170504,Low
414676,0.1102689125295508,7.4157912133971635,167.9608968676123,45.09628391448005,2736.9341065806752,3579.7918851557915,Medium
106912,0.034153530693323,7.639918125295725,143.76591802298262,60.63483868199018,3847.063241774072,1511.6918329027326,Medium
369323,0.046551724137931,7.069691438788421,122.49740053050398,60.252126577976384,4222.006582220528,1310.7139990367905,Low
246522,0.0371670081967213,7.129120922720524,136.61326478337236,93.04455829173877,9334.267442476545,2333.968097313836,Medium
200252,0.0307786666666666,7.471807921985063,112.62941866666668,51.11178841332711,3161.467045130373,687.4624792442595,Low
354753,0.0092838541666666,5.736974913553769,35.424912109375,51.39400442888027,2938.324351778945,354.5822005206638,Medium
76416,0.087724609375,7.783471802856471,136.41576822916667,61.77550951292671,4079.066840967193,1926.3241698784725,Low
79651,0.0573614016736401,7.58406240483995,86.08571195083682,57.59182650754431,3151.949849129427,2614.7129255477707,Low
384666,0.0823313253012048,6.8717976869992965,197.5101265060241,41.62779358383885,1707.384925098442,5889.841074366526,Low
407298,0.03423828125,7.639462562358727,146.79285481770833,52.63671655855978,3495.244925974623,751.2327438925743,Low
521540,0.0195377604166666,7.211108774010532,180.4734765625,49.091585390397405,3414.885840451117,583.130380726454,Low
203095,0.0318489583333333,7.3531224923589,160.98941731770833,46.63395539957939,2570.385160291665,398.5003091946813,Medium
482800,0.0436850382932166,7.391504263790311,104.09746307439823,56.23474646444743,3241.249180373252,5453.206677246433,Medium
20571,0.0905438311688311,7.923490572138624,128.52239969851578,69.89033524186381,5049.284434074472,1898.9500962274367,Medium
567640,0.0556470588235294,7.427786202458662,103.63701470588236,50.89837061618119,3250.20731041736,1426.0671794944717,Medium
546717,0.0696390658174097,7.63531889568022,92.36554869957536,58.24761360367456,3601.3208473774307,1789.782914640828,Low
160012,0.0851952277657266,7.594530911772262,91.15204379067244,72.7544465898972,5546.720609837862,1377.3806267538596,Medium
520832,0.1100716145833333,7.422599337326481,86.31689127604167,78.80340967333284,6209.977376143127,6324.899451794931,Medium
499266,0.0278548177083333,7.0091635978496925,108.5784375,82.66767044547409,7576.424607886244,891.9767838480631,Medium
290179,0.0865683685446009,7.492430210405782,116.1546434859155,45.32137014206693,2167.3755932057675,2727.5574960994754,Medium
176778,0.0605788934426229,7.646434060183751,94.72204332552693,60.88661942096429,3983.6893408999385,1365.7749303774951,Low
580294,0.0557808972911963,7.824277598816156,148.3176178047404,72.4151287013887,5319.360970170656,1124.504506891185,Medium
292155,0.0663248697916666,7.69109162324406,97.32722330729166,55.17103453679558,3570.8408244984275,3706.373567449687,Low
106330,0.0215273711943793,6.674164091987557,193.2744986826698,70.38545933630454,5004.375997336567,814.5627445286572,Low
579893,0.067,7.76028307767899,112.28677108433736,65.38804754957276,4703.459185129313,1324.0999153969735,Medium
543300,0.06271484375,6.805827053167792,112.76144205729166,54.08878095200146,3209.498246614594,4103.7756418373965,Medium
149375,0.0213434278350515,6.993339340840104,49.584613402061855,40.69038994810559,1695.9104486864965,641.6146313215635,Medium
213935,0.0140147058823529,7.633604142380077,108.74474264705884,54.04947874408502,3739.321150788937,149.85406884557472,Low
188465,0.0724084526431718,7.432137521081134,72.07501032488987,53.51209021052119,2761.8597245608994,1323.1944818860627,Medium
472046,0.0555367647058823,7.510739418896681,115.07026838235294,53.71733535369658,3060.0153073358524,1487.54482065306,Medium
237864,0.0246323529411764,7.399517284916245,130.74645220588235,57.26098896193159,3684.064857466692,636.5947940514164,Low
511398,0.0799985362997658,7.772050342051338,121.38818062060888,65.66583002790028,4310.74005294501,6053.1401666608535,Medium
560371,0.1799473067915691,7.3707724517796605,118.06102898126464,46.425504960381886,2355.5639737353663,3351.915548082414,Medium
14473,0.061936475409836,7.40658699316506,92.78852824941453,47.30077751225954,2311.540626134549,1159.305283229624,Medium
515350,0.0098397248243559,7.1942002002176,150.6941744730679,60.67257194369049,3859.212273655958,656.3610727669403,Low
263425,0.1164135514018691,7.493182183274443,73.92715026285046,54.710214017386,3130.3176545227143,5494.080499341347,High
190756,0.0417057291666666,7.446617404640738,157.80334635416668,52.99126493465532,2917.5734877400114,1481.782852589406,Low
439854,0.0342162162162162,7.224354785560543,104.63974174174174,67.62514341422991,4689.467418495372,762.1441876492348,Medium
450100,0.0173600260416666,7.188760346130724,75.529345703125,50.92422371234252,2906.8640849441203,278.65060297542146,Low
536947,0.0487955729166666,7.452041692663418,83.44886067708333,60.05143727792576,3659.351744845701,2248.4735630925497,Medium
287667,0.0158821614583333,7.064064782038585,65.03303059895833,54.19547782963684,3299.589662985611,607.6919551806026,Medium
577959,0.0220982142857142,6.687095243772853,129.08058401639343,47.48397992586949,2558.5768125528875,687.6125094892933,Medium
491725,0.047104,7.044821863206463,55.12460266666667,41.73237003624556,1750.574626263533,1638.83141184,Medium
367569,0.0329690831556503,7.551059398365311,121.82652918443496,56.41081857456493,3112.147027312801,519.1241068429105,Low
442161,0.0558346666666666,7.360735926201108,69.735488,66.1478123906492,4533.243357490782,1730.0824954630823,Low
502599,0.0848995011737089,7.532163249504601,118.40213835093896,83.39932972703821,7248.629720384603,2957.55765827946,Medium
416170,0.133287883254717,7.65320155190373,84.8276164504717,60.37720482621297,3740.618382198741,3788.43002280529,Low
520707,0.0426627604166666,7.008412279915091,59.359296875,41.99903002383645,2057.9219672478216,1147.3749221631265,Medium
558558,0.0158430989583333,7.195694099999507,61.89835286458333,57.98591081250423,3438.583539264962,1149.4504289821623,Medium
563603,0.1136131535947712,7.2243505442696305,157.27591911764705,39.08060526610527,1693.8022723483457,4500.525978192248,Low
457559,0.0575892857142857,7.450446750340349,119.35894320843092,51.55016196303177,3637.473197027414,1377.5976249716423,Medium
61584,0.192192,7.461722386288258,127.076528,92.82388907746332,9001.96165548709,15115.309549394233,Low
378453,0.1825606936416185,7.913018452429268,145.83322543352602,66.46658059907246,5072.49153583355,17625.83237753881,Low
489046,0.083902956674473,7.166319242677771,54.66935377634661,49.07485194973695,2256.3762359149646,1151.23712621007,Low
181542,0.10925,7.896777761876305,117.89081770833332,68.70663204931908,4720.60128756052,3453.3789547883844,Medium
389566,0.0412397540983606,7.684915703510607,107.9974275468384,69.44597028134953,4914.724889053096,1755.9616794639924,Medium
449996,0.0447356892523364,5.70392424751521,168.02363463785048,27.037861846640272,1175.6906553141057,1410.3583084451095,Medium
549136,0.0822328629032258,7.652162082603436,132.80286938364054,74.30299953497516,6394.097467389586,6748.273582859186,Medium
19924,0.0593056768558952,7.026530230056731,157.02789519650656,97.00339033838895,9409.657737141855,3992.14162569316,Medium
9891,0.07396484375,7.709149746096129,107.41717122395832,65.5547819878702,4423.011987654827,1781.9357536566415,Medium
49269,0.0670424883990719,6.996717196087749,67.29981148491879,57.86195881161185,3566.1319861881034,3187.1109463973107,Low
331799,0.0844389816810344,7.654827283053164,142.85167699353448,57.66819171739181,4019.6317627194207,2055.814084302911,Medium
316054,0.0742294520547945,7.037948420390941,190.7863441780822,49.5778532567998,2929.241336521876,2728.514702244595,Medium
350019,0.0370488556338028,7.569196984395526,87.09039392605634,63.43053276576428,4172.175346023955,1495.9833901040197,Medium
528399,0.077117406542056,7.872416614266476,109.97605505257008,68.83693722481749,5424.711614451665,1474.213124883663,Medium
542625,0.0915299479166666,7.631653382513574,111.6042578125,60.11250516692804,4035.0133334894217,1988.5993110946656,Low
313454,0.035240818298969,7.5494496047516035,117.82346166237112,84.37227083483158,7502.088820102758,1236.1749092979403,Medium
107851,0.0246549479166666,6.002209164420586,152.38171549479168,82.53394464031398,7128.421008920242,1460.998476829942,Medium
31817,0.0621678517964071,7.832538074419994,100.80715288173651,68.91771748690061,5242.550510084203,1305.4249191407505,Medium
486104,0.120128,7.653010205664226,138.065856,54.75641949872725,3229.5982680448,8350.267602057786,Medium
232088,0.0266536458333333,7.366784802485209,105.09737955729166,51.32082821328844,2577.374563569821,407.5760879592789,Medium
204186,0.0914108187134502,7.372546406941064,97.16770528752436,56.55886899590024,3267.377966657521,2028.4697547308888,Medium
275198,0.10787109375,7.728905969440492,87.199326171875,61.587477527642186,4048.627460615479,2759.128297163381,Medium
398810,0.020452,7.221308694180981,80.568856,78.97407601771144,6129.784396140075,567.4224636303361,Low
196009,0.02203125,7.531083759024351,129.03573567708332,47.10914160713803,4047.060073522212,1645.585866697142,Low
368335,0.0491940389294403,7.318526995190544,145.14114203163018,69.50820107425436,4999.310437843164,2354.002387450855,Low
249025,0.0185685279187817,6.784567004631676,148.06089340101522,44.649249828724166,2504.743545406357,311.97550012533173,Low
547383,0.1752897593896713,7.476395530331094,137.35169087441315,47.913803131438975,3111.2664419934663,3283.1487235871905,Low
203546,0.0984716903719912,7.122828419798517,102.0429978118162,35.995367441207854,1388.7916774682235,2510.8206443035324,Medium
212895,0.022451171875,7.36162531232189,135.26792317708333,49.45497808912852,3258.771003893464,1706.7703851491185,Low
179141,0.0277311197916666,6.674931456300775,41.418362630208335,52.75622774430147,2754.015323604605,595.5083564197859,Low
565045,0.02806006006006,6.994675039350433,106.22784384384384,33.19594791617937,1120.3779557602527,641.7135559126694,Medium
39670,0.15357177734375,7.844766439619155,109.1376953125,65.54047771195944,4479.2995472924695,4714.560150638485,Medium
182611,0.0734147135416666,7.550985244982149,91.13764973958334,53.92286137002044,3188.4148789758124,1263.062330703725,Medium
11122,0.2106087239583333,7.647192899617028,114.65463541666666,69.0629811493224,5132.408030156884,16101.231059767142,Low
64495,0.068671875,7.456748694162472,138.85755533854166,44.02336034132765,2580.416806243484,1864.6184270724823,Medium
266400,0.1393544823232323,6.222957474720861,110.61725852272728,106.11137680312608,11305.704923627854,9693.341882882443,Low
507042,0.0615815281030444,7.715877884328764,99.48327356557375,73.3165009720283,5296.027896576897,653.0118591528394,Low
556765,0.0324985397196261,7.030081139570354,132.36116384345794,41.94055320502022,1873.261929979456,1706.4754614937922,Low
62808,0.0752566268191268,7.52029804546221,76.79947050415801,54.46606355678186,3207.44591322945,1148.293602935445,Medium
575205,0.1035567915690866,7.369802489048535,103.62870682084308,55.640354201274285,3322.747002598488,9251.334401812246,Low
361147,0.0632194244604316,7.265264914100132,118.38329586330936,49.05051296358685,2963.6962264341287,1844.7972105265428,Low
70739,0.043583984375,7.644963861633778,87.42434244791667,66.57714328285381,4766.553530987726,622.1290553405656,Low
18150,0.0364973958333333,7.156176966939554,69.34179361979167,38.57721968070463,2086.544786418565,1045.7023890309229,Low
493772,0.01751953125,7.745776486634457,120.019765625,59.78641982958018,3649.892453096608,777.0045448866845,Medium
48564,0.0464651639344262,6.810134334223467,55.38017052107728,71.44875038301305,5394.356492241255,1605.1955287886506,Low
369771,0.08185546875,7.483596516665093,152.13113932291665,49.59944861062454,3791.8481935124814,1238.82491077741,Medium
104572,0.0810821897374701,7.673213252542772,117.67196449880667,56.73146099455138,4006.4387618265087,1540.4785723959103,Medium
451879,0.0567305936073059,7.47741969034092,111.6096210045662,73.33498851375776,5710.934216779168,811.7093824464878,Medium
419312,0.0841493333333333,7.605465558741921,116.22034666666669,49.2015836806075,2664.1340183378866,1807.66172783306,Low
288584,0.0918581674473068,7.69813766849785,91.95385685011708,59.60858816223519,3739.338609490054,3563.3930892299686,Medium
51738,0.0227253333333333,7.208978808052179,119.019376,62.96685022483887,4098.229767663247,426.0085454843449,Low
153632,0.0368098958333333,7.293554328749003,124.26018880208332,52.91981340429692,2912.6518438185867,1272.1823908359104,Low
166426,0.0742041098807495,7.72392534330368,101.52181910136288,60.583238596509815,3728.274300713617,1975.3928883072765,Medium
389316,0.0885301246537396,7.804743722259211,111.05908067867036,63.742161389684085,4099.1766611823,2928.457913107272,Low
7888,0.01000440830721,6.807276749983882,189.8935050940439,54.03505215344284,0.0,401.680069119278,Medium
543528,0.009541015625,7.134182781381359,163.59053059895834,57.82290813555056,3178.7583923258285,352.26984086265566,Low
530975,0.092587890625,7.757308588151852,102.0726171875,60.599593797407145,3930.961786349912,3409.375865462875,Medium
112298,0.0221907552083333,7.425231619079754,115.908310546875,58.44010094432356,3415.245398382727,910.7390544501304,Medium
82846,0.114382571585903,7.663789319469781,90.75331084801762,55.99245850652984,3463.853230623275,4121.989876410601,Medium
170474,0.0463300945378151,7.424089544144171,87.39783350840337,58.53587454503172,4568.399428238397,1378.9189381293072,Low
579818,0.0641102430555555,7.74049821038722,123.53939236111113,58.46291739551375,4157.019984950884,3364.5510415852104,Medium
423519,0.0823335597826087,7.59144632869171,103.09215353260868,60.20085803373709,4539.863213774773,3343.614233499497,Medium
164969,0.0696042640186915,7.284725378125242,128.08085207359812,46.914576375821646,2219.779004108252,2005.483738518191,Low
95899,0.0555696614583333,6.825796842046153,144.58094075520833,45.37995200136543,3389.5385397170703,2307.196918588215,Medium
424721,0.063376,7.744720445389098,110.99435733333334,60.96622505530129,4153.00200282388,1105.522994800185,Low
151857,0.0827918046357615,7.384239432813259,94.37068846578366,82.71249383675293,6841.35663669489,3374.223233894888,Medium
495732,0.0365083430913349,7.667127687448373,116.8673411885246,52.89571300109146,2803.971243264179,1626.195163284296,Low
216516,0.0992447916666666,7.427959748473285,140.445400390625,66.1259219424336,4487.205335209458,5083.773009316243,Medium
243204,0.0165397135416666,7.247392926154863,93.70031901041666,53.01539406352396,2808.3880706760337,631.9889601768389,Medium
135561,0.0304947916666666,7.4281488927173935,87.85845377604167,63.49975747743077,3918.995114117368,571.8438091118705,Medium
68093,0.1096354166666666,7.768037169810235,101.89294270833334,60.62657668428138,4101.792423897369,4453.228877802488,Medium
450075,0.0776171875,7.922591897397925,138.39334309895833,67.43538239518351,4692.253609615516,1524.2170634945237,Low
502910,0.054606807511737,7.627753340508596,109.63400821596244,60.559782568985085,4069.119030190546,1351.103823025324,Medium
536038,0.0111819134078212,7.463823707593764,89.71251745810056,65.53668985321576,4168.467451965357,215.97605175272253,Medium
196442,0.008361387587822,6.550818744039757,209.5869474531616,33.65282328110229,1078.3300634306836,648.6410646476968,Medium
128654,0.01984375,6.08564744878426,147.070578125,46.79568214789271,2520.2137481909544,565.3214371835938,Low
395801,0.0516829427083333,7.522539591256641,124.25873372395831,69.27585633575953,4987.724761476117,1684.675074223317,Medium
278848,0.0514908854166666,7.027012199584052,79.96806966145833,80.31234017889636,6450.071985010772,724.3564550772667,Medium
95862,0.1042666666666666,7.48930296287637,114.76331733333332,45.16304757928359,2226.797799887512,6010.571326825216,Medium
88345,0.0337757352941176,6.684871272772191,79.60317647058824,31.022313154235395,1055.6176273065482,1272.9933085586072,Medium
304817,0.179130859375,7.490573671858709,74.70220703125,56.173102858150415,3105.2988167914104,20803.05240820041,Medium
378116,0.0597466960352422,7.016068198967099,156.40812568832598,36.91715835674905,1430.7756632066173,1518.2994655443256,Low
223130,0.1185882352941176,7.306225774833875,125.75009926470588,52.76254717298363,3375.9210127628226,6283.32353822955,Low
555705,0.0322144541778975,7.448756196579333,83.00919390161725,46.45973601909601,2330.614200852036,639.5256772685422,Low
350023,0.0309114583333333,7.292177104906914,126.29428059895834,72.41146005997682,5580.229460372423,1306.971307189772,Medium
127135,0.1286885245901639,7.721033656045302,127.29950966042156,57.28472707317859,3439.865874450827,9791.460519936178,Medium
376365,0.030752,7.358350907701439,139.97808533333333,83.17843576160462,6950.082674102064,1350.7198512825173,Medium
389933,0.01072265625,6.771875330462681,73.847646484375,30.50117464857272,1024.1961889251638,426.5604304748111,Medium
548246,0.0667275116822429,7.484469227541103,87.43775554906541,61.16217766701728,3929.9203623056615,1801.3927054325195,Low
202339,0.0587174479166666,7.433170810460595,98.29650390625,77.09683847020086,5930.280793947298,2482.791669469156,Low
111207,0.049274320083682,7.459939920111135,73.86507256799163,68.66608599863228,4687.7741530839,1560.2211612129688,Medium
18837,0.1125325520833333,7.634731006953626,124.47229166666666,58.58583735869188,3719.881189217854,3232.467316741944,Medium
477288,0.120126953125,7.662086359929479,94.560625,69.72070707603511,5004.5012495160245,5685.613592706034,Medium
329447,0.1198855198019802,7.814381769674363,102.30633663366336,64.48673875068081,4287.371892224765,4790.67073346635,Low
342971,0.0598377613240418,7.03540376105344,112.40428462543554,49.50328036745142,3197.343560006216,1825.0562850952333,Low
285894,0.0868814589665653,7.405605918040729,108.94176899696048,84.90638754313157,7275.614426702809,2708.434563438069,Low
489091,0.0183886054421768,7.30126421119731,120.1585153592687,46.404273107830974,2116.393151535383,166.1375926168388,Medium
529105,0.20359375,7.630272551107691,117.20444986979167,50.97393022792093,2602.75535619847,16156.671324526937,Low
122927,0.0187543282548476,7.658055824288393,116.01902700831025,78.6028225099615,6271.162075836463,1278.1738742797943,Low
217957,0.140263671875,7.318516070569204,125.08603515625,80.29302443195832,6675.5861990625845,8199.450830871414,Low
483531,0.0126692708333333,7.486792668706276,93.04384440104168,57.6253552179648,3844.9957912992895,263.028384984292,Medium
20247,0.0361597374179431,6.739588129092801,151.61031181619256,44.566378271932194,1968.0019119457784,1235.821385060947,Medium
302030,0.0513318245125348,7.551595456154946,97.33856633008357,63.90796435914344,4330.623683827404,944.4725073280264,Low
416269,0.0788660922897196,7.314862321450498,68.32893180490655,62.3354711147315,3655.834600507488,2923.456877241372,Medium
244181,0.026171875,7.517879125145634,103.68650390625,49.476559134533126,3003.5433386320783,701.0199511328698,Medium
92124,0.022890625,7.442808486772175,176.74190538194443,49.31332159414226,3173.9471736581813,560.4995483337402,Low
17714,0.0368782552083333,7.471018004031508,122.97239583333334,81.23721149189412,6835.135791624108,1187.0203242905934,Medium
485424,0.0217447916666666,7.014725013397704,102.55025065104168,36.12345234757451,1428.7500169416537,230.04126334618465,Medium
57149,0.0759843384074941,7.446659581672256,143.53060231264638,63.53315188037213,4137.186575908142,2436.8691920475403,Low
13659,0.08111328125,7.724899161933519,89.87764973958333,62.92470521589693,3941.415550731874,1996.0151855021047,Medium
83172,0.0333394320843091,6.671408349190841,100.9706162177986,38.73211011679067,1673.9067298970697,1217.4752817622818,Low
575187,0.078224,6.811438284970394,100.987248,76.00999907941825,5879.366445534379,2913.069884939491,Low
150417,0.0571516927083333,7.729165797314227,96.60958658854166,69.84660887995645,5745.985150277699,937.4576590371028,Low
284764,0.0269979508196721,7.258173065502584,170.48729874121778,66.83659794762136,4968.498721768697,351.57627295424544,Medium
459757,0.0553938802083333,6.725696817065246,135.80928059895834,34.38841428326346,1076.4110267494978,956.8295922382672,Medium
572388,0.0202636103151862,7.44901958557676,104.4410257879656,83.87311805211748,7346.087821834445,188.32419432300227,Low
262048,0.0349411551112819,7.358084733870638,148.3147587466359,56.72735397655154,3775.6325067112152,535.953353318788,Medium
205834,0.0419063960280373,7.60051688231059,94.47511317172898,63.21218493286639,4085.267583237217,2055.846862442399,Medium
294350,0.0639301470588235,7.742918063053598,98.93085294117648,79.22973436103109,6274.246910105365,989.0733784077504,Medium
295316,0.023212890625,6.892065679749185,99.71845052083331,33.20952512936408,2168.746469034484,1139.044082004759,Low
6471,0.0587747747747747,7.483588463256198,92.50382582582584,63.67486558985091,4055.001861308876,2581.3770973690443,Low
229601,0.0359338407494145,7.080892577211916,88.05709528688524,58.61401922693074,3850.575764275383,2066.6573618328684,Low
121242,0.1379297785547785,7.912645642607756,124.42500728438227,66.83167332461205,4864.815672051152,7688.293341348223,Medium
308394,0.0408257885514018,6.606534859057227,39.214989778037385,40.636911771449526,1655.8212304517886,1289.6550639467607,Medium
126216,0.2030592873831775,7.744492295263174,119.62390478971965,60.78400530031245,3739.2434446599423,14320.41432413584,Medium
242411,0.1033092570754717,6.957366098229688,174.75005159198113,71.34074340351692,5285.28852492958,3759.4782479758974,Low
559543,0.0650990990990991,7.173613072036874,62.13831231231232,49.46084020260985,2515.7494141759657,1426.6330989068708,Medium
477689,0.0586805555555555,6.814668977581574,135.6293538943355,90.55617765913227,8676.868532395185,3414.2848651960785,Medium
184978,0.090908203125,6.786616393799031,153.40873046875,45.84603958526751,2143.17629599987,2549.108472631836,Low
528980,0.0855743838028169,7.433809460558038,163.4030186326291,70.12054687066177,5332.973945025887,2947.8990504671056,Medium
74200,0.0594140625,7.522640340327067,82.90887369791666,65.51731549438529,4268.688803902795,2051.754326002746,Medium
66135,0.0530368421052631,7.271525628335247,82.06076315789474,51.18907518567764,2478.763412168892,613.2454688771192,Medium
521259,0.0827988238512035,7.779660484027901,131.44755880743983,70.40577630546483,5525.911948683833,1899.529317332692,Low
286994,0.0486067708333333,7.520796882778928,145.757216796875,49.74356786506662,2834.543231263882,2123.418494323561,Low
174018,0.0646153846153846,6.721211622041183,110.73921367521368,26.719878781849594,1594.220625832312,1272.2769613038854,Medium
3553,0.0557011124121779,7.624561342763041,107.95928717798594,78.614791576303,6282.055206095641,559.9332642623228,Medium
475150,0.1372950819672131,7.672684733011564,108.84033957845432,53.60804998220001,3239.3576481779696,1225.7530009308246,Low
19432,0.0877311197916666,6.960112043529346,98.20060546875,73.90127488292003,5681.947087281665,4127.09242186275,Medium
458992,0.08984375,7.78505298644202,117.7242578125,69.6550789313567,5278.504025222534,2192.520695889526,Low
330554,0.041792,7.685185004212371,105.28089066666666,69.2942428520103,4689.284167541598,805.356623987456,Low
409542,0.0687025408878504,7.709720006433337,138.2374050817757,60.76422241391558,3693.1628802918935,2358.900862649956,Medium
201676,0.1182421875,7.592590057021568,144.04246744791666,51.76699002657679,2578.5661551240605,9689.376088562763,Low
572462,0.0533368576188645,7.508966091802669,151.03319503182536,68.94188340266682,4499.394327672807,521.6318750265209,Medium
47801,0.0814910931692938,6.442845299384919,59.49891601520783,69.3818946590854,4881.498894894784,1862.084516844992,Low
233033,0.1172037760416666,7.715718295916488,92.39336588541669,64.0492088569974,4430.233366135914,4710.124860807249,Low
206579,0.0056901041666666,7.297432171433825,78.09577473958333,69.26866118419889,4839.281097625418,397.76119617969727,Low
135902,0.1579889705882353,7.835892139019909,115.6140955882353,71.20804944475138,5277.432603006222,9630.524503465278,Medium
244750,0.0489923664122137,6.968895518631562,98.5273486005089,94.03603597139958,8946.152626785488,1608.53759551114,Medium
561009,0.0086468091334894,7.113463827901465,104.25586943793913,35.25524321676638,1240.1395736966954,84.8160378649631,Low
465806,0.0609375,7.831029465592381,129.23964192708334,63.63318494853688,4202.333838473758,972.9995985844824,Medium
307658,0.0650811757215619,7.558562258585304,100.88461109932088,51.66869212170108,2579.728124508142,2998.0948427174512,Medium
252332,0.100185546875,7.08583689994293,96.05385091145833,72.38992141953334,7170.201117275287,4767.429079178703,Low
352584,0.037568,7.40916796628337,100.495328,49.14953069466432,2116.364861175789,5777.425064251477,Low
110449,0.0280106666666666,7.28019313259984,77.397616,59.64823307958539,3746.6668694480018,176.537982951424,Medium
144300,0.0849897540983606,7.822931864277115,112.13344920960188,74.87689433746198,5994.55877330183,3745.976367049528,Medium
408830,0.1281396370023419,7.768934757457185,106.31379537470724,57.879501281428944,3608.7472675484455,4211.588581903926,Medium
245576,0.0521054025423728,7.60393473714403,97.26353945974576,72.18066924225876,5828.427767116254,2147.732940195857,Low
136715,0.1112536764705882,7.616435075474748,79.64104044117647,62.613485652334745,4094.329396374667,2328.785052826976,Medium
193245,0.059296,7.570353012179115,159.84724266666666,59.63426749666486,4212.1962538637945,1034.0440325068514,Low
217614,0.2169596354166666,7.59605960579149,101.68024088541668,50.69852537759661,2525.986942170934,12498.800323078907,Low
469652,0.0513026765375854,7.627419145302774,103.53274487471526,56.35994730408663,3410.5677133701515,650.1403430598832,Low
366611,0.1436682792887029,7.243860336462,116.1067533995816,55.73675646588345,3190.1414909405426,6508.935783634165,Medium
377723,0.1199099824355972,7.876311047609587,126.17770784543326,69.46431961859194,4973.574837312229,4879.464094416409,Medium
257566,0.0886555989583333,7.534747881666771,89.93037434895834,54.08472922620434,3086.481287938955,3495.75717072668,Medium
458768,0.0481045081967213,7.550932301319912,162.29619072014052,56.33707437029492,3200.0308243060613,2112.6927599657056,Low
341196,0.0629746396895787,7.080292352970518,174.50083495011086,59.22303349278709,3610.538824499841,3146.4148511589715,Low
141328,0.1059928385416666,7.856667385153822,117.62203450520832,60.30814203406014,3844.489095750152,1337.8303773802756,Low
112634,0.1136216139954853,7.626039120743095,110.8928505925508,71.20002885841424,5043.695009640683,3006.4282826704766,Medium
50326,0.048272,6.877830486976117,160.00597333333334,43.57144663254391,2034.1228425051595,586.6988689144889,Medium
560279,0.0228357682942458,7.769573103194896,140.03874311162377,63.10988004154757,3656.75499296578,700.0418993497689,Low
409211,0.0644137880562061,7.232219607444623,77.89719701405153,49.5854894303726,3497.751462309956,918.7452082540862,Low
233139,0.0540434718969555,7.080763582403623,55.66107289227166,44.44036861137568,1910.044807715197,523.4083823304638,Medium
89670,0.0116656908665105,7.593196286528443,109.43977971311476,56.35771994297182,3730.084958259848,87.40646618067262,Medium
256775,0.0184342447916666,7.396820875062881,161.26650716145832,60.209928912830485,3980.3007380962767,937.1558581500582,Medium
264335,0.0138899739583333,5.13593988096795,145.334384765625,44.191672215573895,2631.630726034949,648.2162138455603,Low
410880,0.0648266666666666,7.886787783564274,112.12048533333332,72.48353807096099,5375.411364929792,1769.3494328486115,Low
307598,0.0962514671361502,7.337261208903657,127.86860328638498,59.75888572904753,4133.0404675950285,2936.672205046172,Low
161128,0.0556373333333333,7.436499244449298,92.822272,66.49847001316158,4884.311043033554,1586.487566751829,Medium
185409,0.1147331957547169,7.360666651850031,135.22196344339622,50.309072553253,2432.1567935123035,5791.820699255982,Low
345261,0.0139342948717948,6.502232389774096,161.01409188034188,87.0797561167378,7505.197857821872,1094.7445373878477,Low
579655,0.0337601817042606,6.897967834354739,51.940844298245615,50.93421764313985,2594.2945269187394,710.9990378067264,Low
77460,0.025277453271028,7.256782714977909,152.1492516063084,38.02091416113551,2002.5656776834228,1370.2276880127506,Medium
292997,0.0731217447916666,7.037490787553763,146.62641927083334,57.994247323291,3478.7180537264508,2537.6916486510804,Low
253452,0.0386883802816901,7.169657002716306,115.45198796948355,40.95013515555316,1870.7657609408848,461.4834397515029,Medium
52891,0.0111168032786885,6.942324477802969,139.27259953161592,35.15947663050404,2090.898353163839,363.9037533950904,Medium
217219,0.0252916086350974,7.031630965880352,126.431724408078,33.257884701980565,1748.6510874998048,880.9107329869098,Medium
4495,0.0219306666666666,7.345528948778351,112.22126933333334,50.77563772665778,2455.0707366083225,455.14082096,Low
266892,0.0655042447306791,7.565879441111858,124.14994511124122,67.90998470591438,4722.871610591074,2652.8066592635582,Medium
361551,0.04677734375,7.057834444713065,135.93391927083334,44.62621871005952,1978.9025857213164,1197.7391707559798,Medium
252507,0.046,7.417544154923755,140.32478933333334,65.16572747405101,4399.187808406756,4186.257213226666,Low
160772,0.0618865966796875,6.8137116569234415,110.5165557861328,56.4600457141044,3377.975880529328,2948.1903093263413,Medium
154339,0.0098616803278688,6.616153801436686,51.30414593091335,49.11436781595727,4126.011258530833,135.52701319434067,Medium
224724,0.1191796875,7.841727169731421,113.051298828125,69.941738695786,4967.619750498132,6357.567714340167,Medium
59635,0.1156828703703703,7.928136572673186,114.93143004115228,78.75289325185003,6202.018195537286,2257.373992733547,Medium
404922,0.0560054347826086,7.303122620352297,90.05583152173914,40.58902825103009,1881.1007180130653,648.3477195923617,Low
434479,0.0481990903755868,7.642069520623337,105.81608714788732,57.505114727156965,3738.698568423852,559.9275976542993,Medium
413247,0.0442341549295774,7.205929150563409,57.03075117370892,51.25145044688898,2969.962077074736,1020.1048579560876,Medium
557258,0.0238368580060422,6.714027025239365,176.34714803625377,29.357139185748988,868.6764326452172,475.2006716951834,Medium
18491,0.0580613290398126,7.258434220025855,94.50545594262294,39.47442198087887,1820.9840108832768,613.6162167186018,Medium
376478,0.0817740885416666,7.527324245817782,102.71623697916668,80.24128091851377,5808.723051906779,5264.052800607638,Medium
502136,0.1052955082742316,7.513295798815265,120.77862411347516,70.55870047396722,5213.82283002563,4397.082656707409,Medium
8690,0.081220703125,7.270082815244197,170.54328125,76.8381528506785,5991.345212951516,1680.4762671101466,Medium
80340,0.0992571721311475,7.635832005877488,103.36726800351288,59.63512461394393,3657.261625119149,5085.198124801183,Medium
146667,0.0930020871985157,7.530968866464484,91.33259218460113,74.7355532737874,5737.604441650838,5167.377078652708,Medium
157418,0.0293196614583333,7.6577135215116865,100.84215169270831,55.68936160543825,3572.173506816003,833.2116979648167,Low
22755,0.0116453549060542,6.870778666059834,66.81900769832986,46.31309288477676,2235.2089148331274,233.9214527720362,Low
383621,0.0110985070257611,5.922423713497012,143.50545228337236,22.317365545119333,511.2689890889498,164.44615145216918,Medium
400161,0.208466796875,7.665665271763026,113.76470377604169,52.1648595813323,2700.5421460722005,7155.5953367079,Medium
501523,0.0364973958333333,7.6078495518002685,97.80187174479168,69.81468671792929,4795.024766718232,534.2893477854304,Low
140640,0.0779196009389671,7.398719214155048,79.04753887910798,52.74717561250132,2829.448178984761,4077.528577816191,Medium
167540,0.0097372658079625,6.506308741431058,151.330137587822,31.54394465162556,1197.280493991054,608.3618444953768,Low
503823,0.0588948948948949,6.743715763701014,99.93156756756755,31.35612955301937,1120.329809258676,1210.6206149017123,Low
14380,0.1087090163934426,7.838567013628334,130.0960919203747,66.27650376311207,4582.50240706074,4161.364080011056,Medium
165500,0.068662109375,7.269766296338333,131.04939778645834,48.75213948926312,2487.433990756925,4819.410793650267,Medium
85823,0.1628366510538641,7.653811780412499,116.2494694086651,64.59599148448058,4189.144165204202,4854.240753060903,Medium
281447,0.0668274940617577,7.5920473775060975,117.0689133016627,54.74012042290461,3390.917838571539,3070.568554530801,Medium
414340,0.0613217213114754,7.770510647228502,121.12708577283372,80.51060118074533,7314.078139010514,3394.551350467211,Medium
34760,0.05065654342723,7.17303343906981,93.36159404342725,37.22633876728327,1428.2411077160175,904.7436926017286,Medium
194216,0.0891422193877551,7.169949678017645,81.38169111394558,39.51272307080424,1645.9043494970076,2693.347494418259,Medium
46497,0.0723975903614457,7.384429368066185,118.4470843373494,56.87083733946321,3654.664266121099,961.1596236201192,Low
138550,0.0781213492990654,7.707917831576145,99.04042786214951,78.43297270468314,5978.610218522982,1575.8573877911515,Low
442661,0.0723502604166666,7.621619641499331,100.52198893229166,77.1055678405113,6213.223283979373,2823.645338498264,Low
405432,0.0558293333333333,7.368400437999738,121.73022933333333,49.08188621532462,2704.2505483897457,1494.5977259113529,Medium
182805,0.0749305555555555,7.608867564516879,122.83744357638888,71.05080289414187,5115.542945770401,1269.5362264175226,Medium
560266,0.1134889705882352,7.496943077719967,91.85421691176472,48.02730811212582,2330.239361906277,4757.18209529951,Low
551815,0.005556640625,6.474149565254356,70.84954427083333,28.40278352154024,974.5508556429652,106.71545166090858,Low
78266,0.0742004964953271,7.667057737475543,85.84227146612149,63.1717356238304,3863.137864756015,1626.6549257572285,Medium
455352,0.0519044811320754,6.857342963713921,179.11857606132077,71.18045119640846,5426.357553924464,1684.223073113199,Low
60823,0.128896484375,7.769438512782691,111.41787760416666,69.88437041691334,4910.001648843628,4457.658861665683,Medium
150224,0.040518881733021,6.797271497039159,139.67269467213114,60.04450425026664,3649.478095198519,1336.664312883364,Medium
427338,0.1629774305555555,7.547184928777686,91.43399226641414,58.12137580196245,3496.463229112706,5630.661689501886,High
569565,0.1387258489461358,7.600677159549392,123.16396735948476,64.87842907944261,4716.726768655453,6101.39450876959,Medium
15335,0.034697265625,6.426943340765863,37.099638671875,47.95483298250405,2461.2551359674594,1106.785072529941,Medium
184791,0.090475,7.434396690582021,137.770596875,47.635120471467694,2411.817119029671,3736.3581581163967,Medium
199551,0.0371130257009345,7.388269264191039,105.03179760514018,48.74104957086772,2670.86191831847,494.4550915805625,Medium
308793,0.0650553385416666,7.268919090104114,137.45293294270834,55.25903570349032,3198.76239851638,2438.843294595676,Medium
104119,0.203232421875,7.614688534876864,121.142958984375,49.60262019860774,2499.252834999036,6725.003839450412,Medium
148999,0.0846238290398126,7.413992213869163,155.66631293911007,81.61331271784928,6650.745095579957,2736.93620889299,Medium
349302,0.1306828161592506,7.677354687626814,123.50330796252928,61.99814653264736,4134.03511815253,5317.026141084378,Low
187249,0.0364029947916666,6.647616876508456,44.66223307291666,51.97386063729185,2907.0924886962216,1811.310453751628,Medium
436883,0.1213888064133016,7.627181849461611,97.83409293349168,52.50509750809529,3082.861205141236,3303.80695447059,Low
351530,0.0759548611111111,6.906120554986129,96.3381531084656,93.2206522237439,8876.61566349183,2928.935162228339,Medium
17182,0.0289537091121495,7.291328210576774,92.1903183411215,55.14915265766954,3283.3921283180666,845.0947669222437,Low
46031,0.0792578125,7.629989813206013,152.0756640625,82.30961031818154,7173.635047177208,3983.5509554870496,Medium
172595,0.0861935763888888,7.853040840650231,118.85156684027778,62.30849496540612,4328.800912802481,4420.941133597649,Low
33707,0.1061877910205476,7.587172282017335,129.05304049724464,76.39824007454482,6126.854192562004,2572.094538176159,Low
306139,0.0603469776995305,7.351515792181202,63.37240683685446,52.66228736465666,2850.571436513737,1107.911538210553,Low
370208,0.0948053333333333,7.668762298059252,136.99299733333334,56.3898643282874,3319.068351315143,3506.5499596095715,Medium
162035,0.0464853333333333,6.872938158047754,62.67664533333333,34.897289776708234,1313.8542140085667,1820.7795922840464,Medium
33638,0.0393235294117647,6.921380148702954,70.093625,54.97377101004857,3400.053585890999,711.2750588028629,Medium
191761,0.1202346666666666,7.754464991518066,98.42274666666668,63.53650809775292,4409.969523886402,4722.723178177962,Medium
527528,0.0172265625,7.153928116954212,150.0856640625,44.40262137944463,3291.062547678456,1147.107133624511,Low
372260,0.1171069964871194,7.806394721600253,144.0604617974239,64.91088226242583,5062.489066150766,4757.542011866631,Medium
447314,0.016890693231441,7.273798242429352,158.48116812227073,65.61200474492904,5371.931525073472,817.1855639063702,Medium
508312,0.0386306306306306,7.52282436394584,87.20502102102103,59.8229139163582,3800.522081826343,776.3085444165247,Medium
402992,0.1641243489583333,7.676948511411783,131.39175455729168,51.54847367665587,2780.025044236904,10704.582378548135,Low
367680,0.0819855358316896,7.773385470808976,129.2616765285996,68.02912484978026,4943.137864659858,1436.403342931114,Medium
512403,0.0634717627599243,7.492831820211282,74.10588669659735,57.32381883970744,3658.990890058681,2534.9507372936423,Medium
463647,0.0515787760416666,7.396700543368844,116.72768880208334,43.21793639565625,1967.438776307449,3737.3883525203705,Medium
507975,0.10447265625,7.761259241316449,115.16371744791668,70.96102354082718,5077.028574793098,1990.229777101633,Medium
356968,0.1574055989583333,7.636897606303853,123.85650065104169,50.680235913359,2504.6143834345003,7485.360324252278,Low
14226,0.06279296875,7.600910491772061,102.19843424479168,83.97124071030878,6930.163006214618,1083.5044801431868,Medium
382696,0.050400390625,7.490626859371699,100.16666666666669,46.95070444629636,2256.2840751749177,1326.0854767256735,Medium
351823,0.0364419291338582,7.096430626214786,121.52368971456691,40.16618979289081,1732.7011218146235,920.1725178388006,Low
161642,0.0430403645833333,6.574002137398661,178.48032877604166,33.76130699517,1207.09581678103,1326.1573209774338,Low
440184,0.0891323529411764,7.144249022583333,118.72722426470588,55.88108035097704,3927.697309673362,3910.509852806539,Medium
507223,0.1036555989583333,7.822935822594356,123.17494466145833,61.99692445930122,4143.971548820368,2525.1950051432186,Medium
545958,0.0460900992990654,7.072926024573333,104.99611200350468,48.57504186408148,2582.434894825624,1571.4995787875318,Low
529762,0.0541536458333333,7.398611936519506,107.20518229166667,79.32491532041978,6285.148934270968,1128.435305413045,Low
109118,0.0764146090534979,7.475149252791245,94.00045331790125,65.85298373846467,4303.647904728184,2528.330880449758,Medium
445846,0.0339358899297423,7.339852852752577,140.63578381147542,50.71524084334704,2813.432281492549,636.7663391762233,Medium
258793,0.0171054359243697,6.793953147493062,94.56456473214286,90.04179155017702,8154.580099885273,773.7898889403676,Medium
448256,0.1256785504694835,7.885719704447842,106.78850865610328,75.09733927404977,6066.371348626314,4538.121713536189,Medium
58384,0.0295366148068669,7.391641632078202,129.32032255901288,61.06031111476066,3850.048808515932,1157.470653560932,Low
261161,0.0901298415492957,7.398431751328711,115.74162998826291,79.84692684412543,6444.353050328824,3594.403691643118,Low
250127,0.0588427734375,7.428358247347273,74.7117919921875,60.36520683232898,4177.233265480588,2825.638752061462,Medium
357081,0.0290837236533957,6.730581811947689,55.29902663934426,48.47119601696315,2399.719761257586,1360.3445986573245,Low
183675,0.0523020327669902,7.6052558878298,112.82912242111652,55.84227520684109,3248.527580676459,1661.6273824984787,Medium
21604,0.0168060302734375,6.632725407611535,43.773834228515625,39.52585934923822,1587.8918057999854,622.0993895858153,Medium
93717,0.0991290983606557,7.422849848623112,74.31419423302108,63.87132292279395,4347.954663623791,6613.424132858252,Medium
12120,0.1013142523364486,6.859081888205649,95.27925671728973,42.82649630247216,2625.2358567170068,5024.749675074809,Low
407574,0.0883564330543933,7.597503700747419,104.41266671025105,76.78325138493219,6272.144820450703,2729.208588660578,Low
485480,0.0409197064056939,6.745149148331211,113.76147130782918,36.58402302715309,1521.8466604101477,2252.2470902010514,Medium
430973,0.0842932792887029,7.691693222295678,127.80914945083684,58.936092097471565,3858.026999258782,2170.3675358254604,Low
398203,0.1093530444964871,7.936170756930179,133.9351068501171,69.2935230345993,5110.90783683744,2557.7530133695045,Medium
428218,0.0981087239583333,7.543210141579123,102.83647786458332,51.78092258839136,2791.788155603217,6194.13451448414,Medium
301981,0.0658268229166666,7.465328512218953,93.41578125,71.52046566378499,5214.911982827607,3603.5203958306206,Medium
31269,0.18376953125,7.744688516534596,141.544501953125,73.16915626430534,5700.984373556763,15078.81887466404,Medium
427500,0.1334842289719626,7.732099267939732,123.05150043808412,55.24721536952688,3230.9719410796592,8452.991896723164,Low
256916,0.0958268229166666,7.490902819509934,99.83162109375,54.47569503058004,3135.215364413611,1985.4551171671444,Low
294162,0.0182486979166666,6.150366617835403,58.69469401041667,68.41973626365525,4605.076583950092,1059.2843982203165,Medium
78420,0.0516145833333333,7.553219904079405,108.11399088541668,83.75286030305249,7250.477044201621,1523.4851296861011,Low
513484,0.1021985294117647,7.767980719678999,102.22860294117648,60.39132069838583,3661.825237717821,2788.64256249696,Medium
238013,0.0527485029940119,7.366321247764409,86.41968263473053,55.69310231015345,3101.72164492922,1735.4228970990716,Low
494427,0.049462890625,7.209551537419309,137.99974934895835,64.52183574843971,4282.154732377385,943.638603499508,Low
366178,0.0460426666666666,6.881668740599394,158.921056,55.571119668207125,3199.5818837508555,1424.5902135890774,Medium
432553,0.0483862704918032,7.585295046909628,97.85838334309132,72.96066645215667,5431.574350544054,1090.493808499805,Medium
520910,0.0300680620608899,5.861287475643265,212.33219408665104,44.58366411380347,1984.974317607424,723.719326121796,Medium
416991,0.1480338145896656,7.505391169917118,74.09967705167173,59.58357199402732,3665.905637468553,4310.104915300563,Medium
329319,0.1098276869158878,7.610459488578632,78.68128650700935,66.99295529364069,4804.616362388078,1757.4159611920256,Low
226171,0.0502799479166666,7.666380318160982,107.29789388020832,64.38095694114844,4664.2410898644985,2086.768815468248,Medium
273642,0.03432,7.341226233048814,72.44813866666667,52.78020309170953,2715.1300207203653,304.56163701543824,Low
394510,0.0365266927083333,7.035195551025894,86.43329752604167,41.86030063831324,1803.6936153579325,1040.88863743994,Medium
546964,0.1135983263598326,7.784763887020225,100.66116958682008,75.99385094586178,5780.140161057988,5689.00415900357,Medium
492284,0.0874088541666666,7.727862214678429,135.91642903645834,62.22410955179547,4084.524814083728,6212.535614726163,Low
54592,0.0152474581339712,7.428075781912702,87.64463217703349,63.35606284607917,3939.922642412877,742.3632958750608,Medium
496597,0.0444173177083333,7.82275507405327,130.6815234375,61.04706612372584,3721.041972317388,3419.759488521152,Medium
142620,0.1342796361502347,7.6611315832322,85.03481514084507,59.28587298569467,3722.5758251351776,5371.983641204569,Low
223789,0.0478497109826589,7.615063871738662,149.44473988439307,53.18468518499604,2841.533478193257,563.1654542296435,Medium
213171,0.1288106666666666,7.666428319776133,159.967152,67.21128154069248,4298.181021862419,6065.796259213398,Medium
319100,0.0667507507507507,7.664339915784071,134.26143543543543,67.41621876384049,4809.280300731807,1615.7659226916646,Low
289415,0.0629271320093458,6.9303492179779695,61.11313157126168,64.13929375947093,4123.84129631682,777.9758098441231,Medium
260925,0.0215104166666666,7.367214359890283,86.37205078125,72.89744572919665,5137.208546231938,232.0296471135457,Low
425702,0.0699317642405063,7.109571826077066,176.12912381329113,51.08881075692273,2567.085540225752,2935.641146948848,Low
509699,0.0623259943181818,7.716909764533911,162.91248934659092,66.82201449376439,4471.375833877151,1454.9416555912237,Low
292060,0.0480578271028037,7.568970399827071,141.5434542932243,65.55257108905505,4510.218514856041,1564.0482524197914,Low
305317,0.0207005988023952,6.72808519455397,168.4584371257485,61.01257392307836,5146.924970442468,1638.5603641709636,Low
68286,0.0523736338797814,7.778553695742405,126.6931224385246,75.28364509474193,5904.904741413501,1759.8726294620928,Medium
272148,0.0387814153439153,7.59622153068351,166.95031828703705,72.95611154967276,5503.551015098715,2182.6819145816435,Medium
480212,0.0480826822916666,7.442575023916093,85.99662109375,70.11808201014136,5207.635988198781,1465.4445245969985,Low
311909,0.1100837953629032,7.580618675029265,97.56708354334675,67.22496455128255,4853.234603273347,4346.618333845665,Low
52412,0.1329555457746478,7.628142797720391,133.58457673122066,53.09562145919416,3015.846840764361,4623.024904209904,Medium
176799,0.1380208333333333,7.65909934788934,87.92450850938967,67.0096856895397,4607.752582664548,3538.737003853544,Medium
76417,0.0285499476987447,7.451103792823781,149.58129903242678,75.89324723915094,6151.317277440015,594.113863653154,Low
81738,0.0413834635416666,7.658223687063647,128.3922916666667,53.51650617117207,2975.225156494543,1337.185797466437,Low
524280,0.0148876953125,7.3057999162290415,106.7405615234375,52.08442638591997,3328.8906433729867,1809.566924391836,Medium
372819,0.1502530809859155,7.285854865283976,148.41777068661972,40.80062860281226,1884.955861185736,11304.746079075288,Medium
396568,0.129739091981132,7.582469862102648,130.42575913915095,65.5996076869651,5294.676652842597,6454.046576470822,Medium
197528,0.0368294270833333,7.504597434317098,133.09247395833333,51.963866245513465,2737.987756570092,985.6654936385156,Low
32887,0.09662109375,7.323379075607618,76.59707682291666,65.14288864238203,4251.2634644012805,995.2925539113256,High
557916,0.0113152875586854,6.85865420096872,86.44271933685447,39.80471169094017,1560.0350011844382,148.93625131726913,Low
403584,0.0890576171875,7.380518626570459,66.9426513671875,55.41113224225517,2813.2833370630465,4360.2976333022125,Medium
143556,0.0765104166666666,7.353494139045296,119.94244791666668,79.74596798028017,6770.682369906947,2059.3953783350626,Medium
169996,0.10951171875,7.618577257846858,131.11333333333334,61.294997135041314,3770.559305817848,5421.0230623741045,Medium
80022,0.035306631455399,6.453465685735791,60.38308025234742,35.32088645008824,1321.599032539634,452.6369645038613,Low
507081,0.0472265625,5.857809234209748,48.78021728515625,78.84978774290533,5747.584093648653,841.8591894357442,Medium
23023,0.0066667734631979,7.300217875595319,143.207599107181,46.70517920082347,2161.835002132839,402.02556065464825,Medium
363784,0.025234375,7.517157218612413,79.16866536458333,66.02659291957829,4563.995799753108,349.02420225116936,Medium
175364,0.0535975467578624,7.508830609657769,106.61515117256778,68.21897815532974,4692.166962637529,528.3253283085683,Medium
2473,0.0492754683840749,5.970002828069862,116.93359557962528,60.0686761154243,4053.914565109874,2519.804931246741,Low
115245,0.0446623093681917,7.417887906901388,112.45964693066767,87.48828330199511,7474.291378115625,668.8102378613046,Medium
215114,0.0481210082116788,7.725406962596249,109.00562842153283,63.47703428338423,4068.433777093138,1752.4610363344505,Medium
213816,0.04958984375,7.633802212062669,131.77842447916666,58.06499607226286,3648.767508299277,1195.7469791870012,Medium
82688,0.0268509053738317,7.440503526983753,123.30889310747664,75.35219098794452,5825.548983472089,347.7216607217541,Medium
500716,0.0203775280898876,7.289942784670991,91.15071460674156,48.40880707021448,2382.4205515334256,536.0316807529354,Low
316666,0.0626236979166666,6.356092960155633,38.18530924479167,57.43531574273941,3258.157380737654,2592.6721267571347,Medium
358195,0.0752555641821946,7.347396609749722,90.0863612836439,44.57644738305089,2181.8369720607056,3799.5403530146873,Medium
159977,0.0325397995283018,6.912542422549564,80.48676665683962,38.26214595891071,1765.5450953359575,1267.2939287885597,Low
7991,0.0580866991643454,7.746678272536873,97.17482590529248,59.930350692799145,4280.079901155537,1505.181768998157,Low
253819,0.1205906030444964,7.490474100507422,158.6528468969555,70.82131963564234,5321.951175425836,4129.974533509275,Medium
283412,0.0292081381733021,7.83763067089836,140.5482618559719,68.66580791946993,4875.863312086466,339.7869529404173,Low
189213,0.0687413333333333,7.534309165761885,83.52289066666667,62.0655613257791,3995.2255698335953,1334.3237679495396,Medium
355677,0.019501953125,6.659779207236024,143.212900390625,34.65128865691909,1968.0387677777003,438.3349735595279,Medium
465180,0.0543794014084507,7.420013266735415,99.20427670187792,43.45817583098995,2073.8554314143207,1807.0135157074403,Low
157807,0.0313305035128805,7.31470269658778,131.20331528103046,47.83872881530872,2325.204101297514,693.8125442893447,Low
311789,0.0141905737704918,7.203164550122812,64.98363583138173,58.53404510664318,3486.475021780767,424.68084237811047,Low
183391,0.0654989121835443,7.575734732446461,101.02647596914557,74.11425152523422,5759.017389293022,675.5826606499334,Medium
248334,0.1559413333333333,7.626133126572586,103.646432,52.28874380147264,2872.339561438312,5934.152066839297,Low
234807,0.0270156926406926,6.836320672640375,60.41133319805195,28.93526811716258,903.6864533085276,1933.3230209167405,Low
255536,0.11719375,7.673267910145029,98.42901875,63.00149759459808,5729.334896649231,4762.905097652344,Medium
125062,0.073528981264637,7.4885126413338705,113.47725409836066,72.86002479821055,5361.609843832336,1627.559667957382,Low
45472,0.0843202394859813,7.367690937140113,68.07497079439253,56.57220112242051,3628.282331456588,2830.729757317043,Low
579307,0.056142578125,7.20705373914683,144.23943359375,44.37539035558373,2548.0152080301,2060.026634439426,Medium
438907,0.1001978711790393,7.784727192161396,123.18736012554584,65.15753272849757,4526.935102907276,4070.828087630518,Medium
282912,0.0791764322916666,7.552103798943497,97.37059895833332,51.3269342533682,2791.637210123836,914.0633074225424,Medium
213422,0.0241128796728971,7.392327272979587,68.72886974299065,50.973340542244266,2733.0489396626704,688.6628751700285,Medium
360564,0.0312865925058548,7.175040229415225,98.8492461943794,36.97175291925458,1396.189327696951,673.2923117779274,Medium
111951,0.03925,7.2081441704890095,136.69045220588237,38.1067385389372,1420.7734664128686,708.5417372285765,Low
351810,0.0567946666666666,7.53939695440317,83.65266666666666,57.76130039702669,3517.219645055062,1466.9656977081174,Medium
364126,0.0424295774647887,6.823571358892365,128.277197036385,34.94333702583908,1353.6671975466236,1947.1692319751985,Low
273493,0.0355495495495495,7.098002118973086,119.38850450450452,68.60953300529697,5523.249174179177,1499.3525817381706,Low
186632,0.0718619791666666,7.625976385734995,104.110732421875,66.3020960710057,4330.335843794583,1760.7329292231134,Medium
149406,0.0636314655172413,7.595708891948756,97.75469239811912,51.111517472885566,2733.238763689604,1264.8388750294807,Medium
311081,0.0079654947916666,6.669427971019594,115.33460286458332,29.229795827205088,823.3066382428947,183.8482812167697,Medium
275058,0.2579625292740047,7.752488098497754,136.18789885831382,63.865862952016045,4104.87018859576,12105.708445856168,Medium
133567,0.0915778329439252,7.756619875454285,135.6816807827103,65.6814246879902,4539.137565378053,3238.614839574177,Medium
55167,0.0750390625,7.292800621913694,97.54864583333334,48.33290107464307,2636.803530358321,3520.0153762123955,Low
475191,0.006982421875,7.000333195664542,138.54298502604166,54.10909848635705,2862.7667540440525,45.17914713270399,Medium
189820,0.0925717213114754,7.672406211599965,121.4166349531616,82.09967699534324,6855.345792056047,4249.91893274909,Medium
535306,0.1297837837837837,7.74913906662636,103.882984984985,62.24816087814552,4624.651317743424,5992.329470341116,Medium
100428,0.0563995672097759,7.797555027482431,100.68844513747456,67.11128510906525,4545.593939327781,1770.208741529516,Medium
473118,0.0641734104046242,7.539815063098922,95.90393063583817,62.3547582827795,3755.582846938588,1167.4877639045742,Medium
192716,0.0944045608108108,7.699960266091335,147.70659688706564,78.50219007417864,7276.052320863776,4103.32018956207,Medium
398742,0.0431791569086651,7.060160396569969,142.31429669203746,85.01059501708968,8186.338308074443,1474.5083828496788,Medium
262227,0.0311181434599156,7.613414046994884,116.38227518459917,77.41674703723835,6394.400564942366,704.408932404155,Medium
521282,0.0144162735849056,6.513551051128722,96.26795032429246,34.07706403115417,1465.4691416675523,496.44176506065565,Low
287649,0.0665266927083333,7.67301440984301,87.63391276041666,60.648880152289415,3749.948665223941,2878.8159830267587,Low
263796,0.115693359375,7.733043654798629,119.12107747395834,55.87692662842157,3056.544518171901,2911.651480883748,Low
545129,0.0747935656836461,6.980823424672749,100.43754423592492,36.42796362128808,1343.4681679292744,6766.495363215749,Medium
389381,0.056186694290976,7.528283159212978,142.3527192679558,52.766355914001295,4062.842414367552,2598.5773503909704,Medium
280891,0.0558438231850117,7.78725876352245,114.1179925351288,63.76434260097295,4596.799275662223,511.50464580082576,Medium
115885,0.04384,7.637714759130837,107.53244266666668,65.06265171975942,4208.332162099144,858.3120017770667,Low
312552,0.0141083333333333,6.691351253963933,61.04679166666666,28.830306719491045,844.9992805674768,73.67315783159722,Low
397639,0.0314388020833333,7.014666585873452,150.43674479166663,45.99342630313093,3661.421165747872,1633.75080779367,Medium
461275,0.1025134328358209,6.952906973762849,73.46476417910448,53.43156152867096,3151.51778174686,6846.675621635072,Medium
267670,0.0169444444444444,7.072051396443073,122.35042222222222,46.49627548412671,2296.095765315866,125.02420276541837,Medium
561889,0.104970703125,7.597465334228549,111.7471875,60.75413977584033,4381.876309223295,4733.861687366475,Medium
282298,0.0840071614583333,7.508052567780052,98.54783203125,58.3786772004995,3499.1594431551825,1621.4386590537072,Medium
300155,0.0490302985948477,7.499042725479726,98.25813817330211,57.37312949137692,3648.6028168751673,1035.5966034878911,Low
63047,0.1025930258467023,7.6590025387928335,84.24482508912656,70.08647565074703,5274.5109049842,9737.77787719244,Medium
562581,0.0285332207207207,6.565656742919187,116.22113949887388,31.11284896678413,1045.755186076423,1071.0815488523067,Low
555050,0.1130807453416149,7.653187908670153,113.81847826086955,58.99264666394642,3628.6110027474247,3147.0557945418386,Medium
208901,0.0054413056206088,4.788098951794292,154.6137075526932,17.614784631948563,319.9334841356945,122.98388433455972,Low
498032,0.0097622575431034,7.230489612564366,142.3299872036638,70.69798073931642,5020.404620653876,231.53571044929808,Medium
88848,0.14265380859375,7.658587753598619,136.4859375,74.52145544591399,6376.497778801492,6052.342202619166,Medium
541773,0.0324739583333333,7.384957184450027,82.07623372395834,50.87153505049056,2583.426930349103,792.6335234512222,Medium
412887,0.0493982919254658,7.436896076942768,105.69167313664596,85.87604843851922,7646.988319846336,939.6129175446936,Medium
437514,0.0751629946043165,7.600341859806198,135.09769559352517,51.35989319408031,2908.9034029176496,1830.1677425125995,Medium
212453,0.0504817708333333,6.848987050419361,52.75087565104167,42.61378843817512,1737.210745943006,441.812498996724,Medium
31322,0.1372401932084309,7.325998766446879,69.42402663934426,47.49546541899523,2189.959302352387,6380.398734543684,Medium
297396,0.0664053333333333,7.656086712748351,90.49683733333332,73.3611021045727,5602.997438676262,480.06864023924624,Medium
35197,0.0553503787878787,7.322098169843283,175.4268320221445,80.60740348734409,6497.553496971491,2932.071021687253,Medium
189226,0.0469189110070257,7.456548985432155,110.06031542740048,47.57098829311703,2617.062472636332,1658.3077251277732,Low
290592,0.1206866197183098,7.570584262537162,77.99022887323943,54.61936167498938,2871.176844932817,5752.628130161614,Low
415238,0.0219607067510548,6.078575763661385,64.38516613924051,22.495880691807443,840.5542195401243,694.7741602678257,Low
370999,0.0297493489583333,7.180573098269579,163.84052734375,61.16690354517909,3798.545106100121,865.9469277431805,Medium
99054,0.0797057962529274,7.371622965591368,119.61492974238875,49.16941437110002,2572.8988685318764,2694.027748768717,Medium
361180,0.0758546068075117,7.484266579707311,125.85620231807512,56.26561740069479,3208.1259332810464,2174.681322620172,Medium
340697,0.1265345345345345,7.703953201437515,101.66150750750752,56.593844565043874,3700.324228987368,2905.412293961529,Medium
527215,0.0717723004694835,7.324894763093087,106.78211194248826,54.93915372830584,3542.110984444675,2302.650350046072,Low
465129,0.0478190104166666,7.651821011072839,86.94012369791666,58.4488594862647,3556.717507727832,1104.84528594763,Medium
519491,0.038017578125,6.443836142343302,118.247626953125,38.21394618258118,1713.843553256872,1116.6259929867956,Low
548780,0.0970616217798594,7.203911932139826,97.17008196721312,88.18100082961058,7789.058784751749,2849.6499974580074,Medium
199055,0.0782063802083333,7.29729550597645,127.979462890625,44.27385830712085,1974.7164716902384,2846.703044742489,Medium
175251,0.0178376906318082,7.642543620873537,108.77095881925754,54.43841688306512,2685.5485094044834,301.31498518343096,Low
468233,0.0210609857978279,7.47501224794121,79.13501253132831,58.59869446500651,3487.144130556207,248.46170768776577,Medium
144333,0.0975572183098591,7.403059621085038,113.74258729460094,93.30049438895674,8915.239703363251,2461.7444383064085,Medium
197022,0.0929589435146443,7.856293303907363,141.20535107217574,62.48671392885441,4236.275415261657,2954.854029861936,Medium
104424,0.0343012971698113,7.712140639465167,109.64606426886792,59.14752205634862,4200.4630148800425,1169.347305305986,Low
298994,0.1448452102803738,7.858857345050533,126.30086156542056,63.90687238050881,4324.431671408464,4111.243536124141,Medium
130699,0.0394101288056206,6.569235061776595,67.0711175351288,26.251005112818053,780.1070850432553,1373.829062028668,Medium
430073,0.0711946614583333,7.620512588394207,124.45376953125,53.74227171411494,2933.5971572867857,2136.2333356240165,Medium
281759,0.0823807084309133,7.9092041394627,140.23400175644028,69.95181492435182,5109.619333331927,3158.864399522496,Medium
562443,0.171435546875,7.818016993731084,121.3966015625,59.314669888413405,3684.1937942895074,11691.453042764782,Medium
49091,0.2089551693925233,7.131318934519669,106.16776066004672,87.78746420917965,7677.825810226634,19371.43393655231,Medium
297353,0.0346630859375,6.469947148212133,54.226689453125,48.470660257904,2325.1502863694645,1236.6840400960386,Low
53529,0.0691591591591591,7.404595231881929,76.27491291291291,72.57981061822083,5504.923865976222,1277.4601921048616,Medium
242060,0.0947440087145969,7.745152318561795,152.55105187908498,58.81969260086192,4117.54476184477,2382.115606049132,Medium
37751,0.0179069010416666,7.675924948901903,123.28051432291667,71.73412355558236,5591.856936412857,1886.3003440468683,Medium
128112,0.0962205882352941,7.439225690312554,166.47358455882352,60.52289340203324,3594.7212097107936,3080.246836725292,Medium
286422,0.0358897058823529,6.103343692079101,172.3631911764706,36.81266880866413,1469.675666372247,1289.4549848583345,Low
66635,0.0259798177083333,7.359924979727413,108.44996744791666,60.557062637527245,4065.7752509480088,1094.488453360229,Low
484029,0.0624446614583333,7.592148243046807,87.067880859375,51.55102244354993,3418.0096475725386,2930.303179314836,Low
66841,0.0879345238095238,7.808014968283516,122.92680357142856,59.08063370671989,3576.9537031230043,2768.022752459042,Low
276055,0.065728,7.165024920183351,124.81613866666666,77.39172171283418,6250.0481564672855,2313.8221041692163,Low
13201,0.0383928571428571,7.7798661419797455,120.54350483021078,63.90574184409071,4176.282988035826,702.3139369419508,Medium
68833,0.0537923177083333,7.273963604280663,69.759228515625,57.59293950463911,3385.8302252288217,1833.7685185953355,Medium
512836,0.023173828125,7.16245159353677,129.00415364583333,50.27906674809832,2744.566063764894,652.5932029052734,Low
227765,0.0442317708333333,7.508321391990415,95.28805338541666,52.37496731291009,3036.646133146272,1515.0481992782595,Low
76211,0.043328125,6.92326561388313,123.530521875,52.95512085403211,2839.984104828327,921.4397135524904,Low
516143,0.073447265625,7.440225813450777,127.76262369791668,58.84915419414462,3910.269757593741,2163.0118878916,Medium
125129,0.0453633633633633,7.712879945598129,108.34944144144144,79.04661394369963,6507.997063582477,992.675356327102,Medium
134112,0.0455294117647058,7.591346964421669,115.31117647058824,61.993559017694274,3780.9492312787497,1113.3701078748677,Low
238039,0.0549869791666666,7.632678178651937,111.911591796875,71.95279634655333,5395.087182793928,2656.584968933858,Medium
121497,0.0617643229166666,7.415370391685623,83.74332682291667,63.32226159014365,4037.851053209224,758.8159696561072,High
136633,0.09024443793911,7.083453403219675,59.05233826112412,62.36466179425875,4059.167746544641,8264.043836375828,Medium
477805,0.0059170081967213,1.1460815624603666,3.172822745901639,15.514240308542092,243.4324860401581,74.4769064549732,Low
417043,0.147978515625,7.421692301594049,109.12091471354168,77.59126950204734,6020.405102939342,8425.377157349385,Medium
560178,0.0060026041666666,7.4132725873257455,118.40440104166667,51.57535838566707,3283.413328977846,114.46714996130204,Medium
226662,0.0938707229580574,7.052649541436558,55.43807257174393,55.30154088359193,3058.26042409959,5601.439700607064,Medium
24027,0.0178453333333333,7.086398651577578,164.37275733333334,41.071412101003375,2062.5969066875828,264.17307446417067,Medium
174231,0.0230293333333333,7.394890043911558,117.70505066666666,55.29394775401825,3258.8082455687777,167.28339701973331,Low
155179,0.0331663995726495,7.49308922693418,132.5870592948718,52.01277129908795,3428.585496572728,1039.0376147864783,Low
569059,0.05755859375,7.441951422924301,118.04167317708334,45.75557508508821,2615.9723218223926,2356.55945446344,Low
210708,0.0581021021021021,7.516572817090377,109.24275675675676,48.17619307985594,2601.643537334632,2181.9967705802737,Medium
452084,0.0451119913928012,7.209321261314658,117.0892361111111,94.5889070897228,8644.636994544584,842.8290874547079,Medium
344888,0.1628380408653846,7.323155098893647,134.89603740985578,44.138644629650685,3313.1230034160235,6784.977854222389,Medium
445999,0.0292845194647201,7.650265274239268,120.4930923053528,80.51550557003662,6482.746637198597,634.0467849008925,Medium
219485,0.0795430983412322,7.468626208795135,90.6869705272512,51.47101770957958,2802.3781548151733,4767.5507761334175,Low
551350,0.15349609375,7.891485699686711,116.359365234375,68.6690229583194,4590.612467687585,13691.923292659125,Medium
43314,0.0675851063829787,7.11501234366303,112.58514361702127,79.87144668306273,6507.133727454853,3453.0357217197825,Medium
523229,0.0166471354166666,7.048310437524526,92.33234375,42.6034372785147,1765.7379368708364,690.9970399599605,Medium
436551,0.0282070490867579,7.3715124163450865,118.13813855593608,52.63833887788156,2736.756333487014,270.1058901061331,Medium
212166,0.0283571489598017,7.380414144787301,132.9277174377376,58.20708643441259,3750.9366013081744,253.5344329945905,Low
176606,0.1384602864583333,7.817644577017962,129.70626627604167,60.08276117074224,4330.063351664161,6085.25522951125,Medium
209747,0.0160971428571428,7.292129269919716,174.75180571428572,44.37174544552257,2230.0225842083914,112.25468569387752,Low
414034,0.0580501302083333,7.445567500184201,101.29654296875,45.81261118423272,2321.3541939204074,747.0869799192642,Medium
464089,0.0878092447916666,7.501499974000599,105.411396484375,50.111192582827925,2689.9916827860866,6016.247065527345,Medium
466085,0.020302734375,7.1797765250680685,79.87278645833334,41.37907695228532,1763.2714222304664,348.34175679100883,Medium
151962,0.0505708507306889,7.637342212562916,104.34395224425889,81.72499392078672,6405.513810848034,868.5753522213704,Medium
327605,0.0524934895833333,6.452510551596809,174.687255859375,62.54583730889061,3998.807078363418,3992.880004471673,Low
326541,0.0355034722222222,7.603555884664003,145.38558159722223,59.07809037702363,3632.002730285871,446.5901572047858,Medium
276024,0.1799283854166666,7.513688924996863,102.09072265625,72.58340038595011,5346.696030498059,14176.280287432182,Medium
289938,0.1385710093896713,7.532801547534599,78.47629107981221,49.91735499415464,2740.8756916680304,4167.263991919782,Medium
432085,0.0465173333333333,7.640782531320149,104.090816,61.709806096390736,3910.970106999703,754.9577374054115,Medium
504439,0.1127325102880658,6.888459659680111,57.60320987654321,66.41468953161993,4366.705401620034,3981.755659094989,Low
10764,0.0427071049528301,6.913075355554723,80.37793705778302,39.51105550580684,1940.030721081388,2531.87697717924,Medium
391375,0.0285777505446623,6.524591957440364,36.054704520697165,29.886491355307733,904.3789776892272,1095.8253251062551,Medium
286660,0.0376603773584905,7.552466665558152,105.59598921832884,59.09473977055613,3786.741465177847,1529.3696245445472,Medium
177934,0.1295182291666666,7.831596517874962,122.42246419270832,82.50319641800657,6944.922595963457,7022.676979530748,Medium
15660,0.162396731321839,7.749545335752908,134.79480513649426,65.15221006830808,4811.146195894486,16348.306822087843,Medium
221291,0.0268298507462686,6.970128651903629,190.3402567164179,43.1236859630363,2740.019349886734,563.191312985734,Low
34417,0.1008213333333333,7.581118335112888,133.737728,51.11884748372837,3009.189779583867,2290.9325195314063,Medium
574425,0.084012144549763,7.58176853988149,110.38225710900474,61.07288129554379,4060.8609172086094,3003.7105055382376,Medium
192871,0.0267747365339578,7.362483966230846,81.20463261124122,76.08108388517562,5800.467194066213,348.6491951747746,Low
257478,0.0255778894472361,6.683031554487422,113.7459648241206,39.39697669443785,1802.408000867268,1212.493550877983,Medium
128699,0.0678233618233618,7.364839984865873,151.24933333333334,62.472501149229295,4492.876061462813,2289.582523893118,Medium
42889,0.0485866666666666,7.094756645431438,63.220496,70.13714097523972,5059.8099938264,984.4360318087396,Low
49259,0.1411958430913349,7.551835824693191,134.32548668032786,58.37198260851919,3934.026899335244,8844.797623457287,Medium
320490,0.0235842136150234,7.177177929891845,80.85672681924882,58.78518635479102,3447.194467981529,318.2780634037304,Medium
480275,0.1606522027600849,7.737351770877256,91.1692144373673,71.56608573077408,5096.771306133572,6532.278360996981,Low
366225,0.0483566312384473,7.225570708813622,113.68038932532347,46.752121358909726,2267.0703654125427,1860.0147451410728,Low
455937,0.0573828125,7.497170955216286,94.49389973958333,70.97445973123705,5236.763716289842,1627.830959089396,Medium
418959,0.0966334894613583,7.257440126752943,88.51556279274004,48.15415248181724,2302.0826521859394,3255.621015074492,Medium
117645,0.00720703125,5.664946424604189,132.90671223958333,22.90696867899424,534.1327472456368,84.80034863009983,Medium
242678,0.1026669698544698,7.674984342991465,126.00508056133056,83.81979540530178,7105.584830573435,7359.692329948,Medium
544052,0.09709716796875,7.801041683644605,138.30815673828124,75.71334723857599,5815.1037968238015,1880.638850392127,Medium
133233,0.0943646121883656,7.778245823503544,133.61082496537395,72.20222921846069,5309.660257489918,5261.388608863447,Medium
278705,0.091513671875,7.795693318755985,128.16856770833334,63.554129828525234,4196.602829990215,4347.626914930174,Medium
230819,0.0420970775462962,7.545787754291787,121.61480758101852,49.85633743945446,2778.181337207848,1160.170099241351,Low
384468,0.0988509114583333,7.471618468071381,117.21240234375,69.38913221174145,5148.961168676115,3496.4491601867253,Low
529148,0.0874009683098591,7.342604893036358,68.82289465962441,62.616095176791575,4253.779391806324,1656.2656635144629,Medium
247838,0.144235294117647,7.709102271590416,161.8283125,62.2396980421092,4069.106665421618,5355.044308948097,Medium
297562,0.059072265625,7.483672438308108,74.87832682291666,54.303769739103394,3596.2005318051583,1060.670061220794,Low
293474,0.0479519519519519,7.578116148953492,144.00073873873873,51.95609701923619,2869.0660214922186,1936.652382151521,Medium
82765,0.0148840962441314,7.138013217690343,75.91340962441315,54.56477338427924,3010.1593699009613,281.762439569693,Medium
467848,0.1327115885416666,7.7937670432868495,126.14058268229168,66.5674417584501,4725.163541568004,8610.677517344113,Medium
442993,0.0347079918032786,6.405976949122016,58.589000292740046,40.98253510999007,1660.2044817620992,747.4104342372334,Medium
153510,0.0648474178403755,7.49761686064219,151.29055897887324,45.95025842033197,2711.7393407399845,1105.7436469386362,Low
288042,0.0554361979166666,7.618610939057006,97.15942057291667,69.1714538504813,5254.130862490262,3054.4703927679698,Low
343218,0.0426401869158878,7.176609673957163,108.62228022780374,46.16158946187139,2252.600372959181,814.0433895822978,Low
79588,0.0779459635416666,7.218447622765686,130.94073893229168,80.71052227215212,6838.116940209414,2314.4278111545136,Medium
172935,0.0211335795352188,6.871321178723705,117.62777540082868,51.76845847071856,2680.2294032632985,590.8944811485956,Low
169356,0.0928841145833333,7.687505055288177,121.71868489583332,55.63393434653591,3268.4387849925256,3501.831418117682,Medium
327306,0.0312890625,7.412122821707627,163.95912109375,85.99198630001096,7218.149132939275,2270.0240660765226,Medium
532855,0.0274104212253829,7.470295155754666,90.42518120897157,54.29471268766047,3043.488442730249,1401.5245452638324,Medium
359219,0.0334309895833333,7.4815740885451,96.51704752604168,47.10188413778978,2575.1540584123754,589.3178552515665,Low
489611,0.0347266881028938,7.587049201371812,104.39096915192926,52.96103336795062,2890.6203002194875,1571.2840524368,Medium
78843,0.0524934895833333,7.525738103488597,79.58008463541667,54.560796250539056,3248.263980524508,2078.9879329426976,Low
50006,0.0685026041666666,7.837023670251874,144.950927734375,67.87082570506053,4914.745162406346,4333.957575696722,Medium
81594,0.088474110878661,7.701525114114102,126.70820802824268,73.49981975145568,5622.171299029945,3650.886129988861,Low
26465,0.038784,7.228276841651135,131.96146133333335,83.68625723959204,6974.581400533276,698.0975867848249,Low
394559,0.0305164319248826,7.1247898057491215,113.36602846244132,49.0132536537625,2439.354468965186,833.4069597761356,Low
205282,0.116005859375,7.679006448573533,141.63588216145834,79.68968718140039,6771.652144581399,3831.102167932765,Low
181421,0.0124544562780269,6.5386681402319216,101.78869114349776,30.449129559707373,972.77380985586,176.96635875869822,Low
543047,0.0461946614583333,7.596537282441879,128.97411783854167,53.08682099954447,2918.0139642916183,654.92989477538,Medium
401862,0.136298828125,7.3901366819531455,76.21726236979167,62.18588833384921,3979.1023031721816,7618.518322155592,Low
173008,0.0601432291666666,7.71971371634817,111.18404622395832,60.11033169594743,3929.755486126744,895.9912854125871,Low
421060,0.0499626196172248,7.15174559184265,139.0799192583732,49.32009481807891,2576.071769893803,894.2639853352059,Medium
54605,0.0353843607159639,7.579708613948809,82.24891334529454,65.49006009734627,4409.720266797664,921.556053616792,Medium
18770,0.0087872371495327,5.659877752016442,31.14753942757009,37.6184064912654,1488.2766056602493,263.88856937516067,Low
568147,0.0515266927083333,7.630100278028356,130.345771484375,60.66294433282536,3721.549446132571,875.5090142140282,Low
540280,0.0676997950819672,7.530196949491496,79.84935597189695,73.73161408691372,5743.6253311381215,3851.125890713319,Medium
262895,0.0195329341317365,6.457494649049,44.0681377245509,44.94975902374127,2117.757548989613,708.961218981534,Medium
394611,0.013955078125,6.944050042535567,131.98408203125,71.63649272799633,5609.836794470702,525.1870590270996,Low
122606,0.0973860677083333,7.833048488332007,109.99714192708332,73.21643147672239,5580.643606404475,4575.826432801554,Low
124442,0.0591466666666666,7.640001795496049,163.16554666666667,65.0943446363391,4955.159099747499,4436.139657636152,Low
544605,0.1178933333333333,7.324645282428967,108.341264,42.11129296141718,1848.9918144560736,8016.775151656848,Medium
11760,0.1950551470588235,7.592957063001473,86.60192279411764,50.45451738922228,2565.5334486290462,12351.26286307088,Medium
39405,0.0657747395833333,6.43906864748974,40.59619140625,27.156700318951927,781.9849592869864,1287.1766730295394,Medium
287347,0.0719403765690376,7.62515053638217,117.20126176778244,79.05275109228904,6448.879580941571,1985.304577680432,Medium
359781,0.1464480010121457,7.408043379587981,111.5718844888664,41.85637057209378,1966.7695121751824,4387.041143599203,Low
70048,0.0765852864583333,7.7634710990269875,111.70083333333334,81.57981775335207,6617.76971715374,1946.730947226196,Medium
572555,0.1263455882352941,7.625576888958306,97.8386838235294,64.12195749486725,4763.594170223337,6601.205998942677,Medium
151629,0.0274187646370023,7.485146834342629,127.65090383489462,50.28293290877624,2701.974299756584,546.7851738435397,Medium
525322,0.0168516355140186,5.654274048876659,86.99585280373832,23.080411459494133,714.1001480868655,280.08857321203504,Medium
130566,0.1651200234192037,7.720764475604068,130.44244364754098,67.1096611410934,5091.165644266192,10129.279049410468,Medium
356248,0.0536022489539749,7.584133219247116,92.93014186715482,72.57389120811348,5660.873708892911,1459.1999765559003,Medium
328683,0.0914876302083333,7.8497669651923,122.898955078125,67.01637399190382,4701.563790519947,5692.414930118815,Low
194746,0.044784,6.990731852330498,73.32076266666667,48.0495562724396,2315.003035303623,1347.5567080419555,Low
461009,0.0157952069716775,7.768254355502579,110.07515271903968,75.06099372765526,5597.5513332810415,194.48431924480937,Medium
410428,0.0931279274004683,7.633178276382711,128.25095872365338,57.95393315200391,3705.221466007784,3646.00126242687,Low
322429,0.1260493908898305,7.868589268228697,104.49797404661015,65.3732998662927,4425.626602480007,6143.685576830444,Medium
491470,0.0877653333333333,7.708756896493971,107.07245333333331,73.29065434633866,5424.412660365985,3259.1277325305177,Medium
326627,0.0661328125,7.516207564356406,111.972421875,57.352765309667255,3292.3347140437763,2234.377096468343,Low
190923,0.0958346666666666,7.648926547097612,106.99829866666668,58.8992219736854,3595.776337894314,1934.0732421327928,Medium
51938,0.0431705729166666,6.800847675292829,127.98364583333333,29.71744760534877,1027.3967219197664,1142.390545749145,Medium
269113,0.2687363238512035,7.687951356911346,126.56814483041576,51.84173611888766,2659.437145133128,25604.56082651632,Low
308753,0.0643880208333333,7.448012355693176,149.34925455729166,43.37871858794743,1948.5023927027244,1552.8527823058655,Medium
140270,0.0427208333333333,6.634241730313229,147.5458875,35.43927580153612,1485.924915584346,890.1515274930557,Medium
407614,0.0508215962441314,7.722778621479822,129.29392605633802,60.78765961206192,4462.781980069918,1301.8398255105524,Medium
180101,0.042509765625,7.443881769946247,86.97811848958334,52.72133597788709,3747.973807118671,1058.137844398329,Medium
468332,0.0807267099056603,7.804329393334789,103.29582841981131,71.56768869912393,5102.839939352542,2062.116015360334,Medium
132796,0.1384206279342723,7.584705957276824,79.12131748826292,59.67892744717725,3554.479092027372,3744.2624491046254,Low
293858,0.0719290465631929,7.887611004952299,111.54529490022172,67.78432414840997,4810.248310214305,1681.6948805676277,Low
88462,0.0894704634464751,7.637614971902273,108.63180075065274,55.99625374718192,3593.966761680602,4228.511971694727,Low
288882,0.1603978064066852,7.698859359562307,121.88137186629528,55.2626459688901,3256.9513033025555,5294.993096567462,Low
400815,0.0890771370023419,7.791975355280824,114.93269540398128,64.29305609368215,4427.056936351372,2101.731084771004,Medium
227686,0.185838700234192,7.558595071201039,75.3229837529274,57.25458065004238,3336.052823718984,4985.4760839269975,Medium
45728,0.021650390625,7.272223554100725,78.0031640625,39.43100509961408,1782.642890350193,541.4339631820678,Low
434459,0.1146916028446389,7.597153029473714,81.39270719365426,68.84970383785287,5394.492426807629,5438.936201688787,Low
364297,0.0256534754672897,7.4978277557934945,86.50749853971962,63.98357192200253,4161.370149730849,189.9275458947564,Low
155341,0.06025390625,7.6474534447354205,109.333720703125,73.65629000244716,5681.600337062511,2759.7885534912107,Medium
522007,0.05943359375,7.8352312800289585,107.91410481770832,64.26607781781433,4433.5198288123765,1582.2160562781337,Medium
67213,0.1190786082474226,6.998726456696978,50.13738724226804,47.63147479192629,2539.0919103425986,1706.528692085775,Medium
455716,0.1765697170900692,7.808404709018822,112.46225822748268,61.31847645273571,4055.538643164309,6736.478761722967,Medium
447342,0.1900165264423076,7.944567497706638,114.97575871394233,75.72425745338981,6110.395441966245,7298.907978688979,Medium
417285,0.071171875,7.741468668677774,110.2969287109375,59.911889506499946,3713.438444406907,1332.1915157741546,Medium
94185,0.11443359375,7.545405023615731,92.1803125,67.50762707994441,4634.779525112254,4051.4366001485087,Medium
277005,0.1745085093896713,7.862754672317959,119.47844776995304,63.52286314634198,4310.2528667252345,7850.775882242823,Medium
540928,0.0388186813186813,7.132718120204486,192.35226648351647,61.56470063574213,4273.944473910687,552.9806866856358,Medium
289659,0.2274024354460093,7.781583571032259,138.74759756455398,57.48440477703879,3348.2333763545826,17647.57288807812,Medium
470121,0.0500162760416666,7.606353045840223,100.19209309895834,50.32796221366284,2859.999698449643,756.8262881088257,Medium
458223,0.0993204511834319,7.161996266847402,163.7768028846154,48.085728885717856,2544.4020104216056,3960.4356197997135,Medium
445834,0.0629208138173302,7.38693326879762,129.24550644028102,94.62271254884136,9186.279296047178,2878.970350151276,Medium
320232,0.0788533333333333,6.554138819189299,122.56987733333334,89.16165619718463,7986.900418586577,1550.823260021305,Medium
377486,0.0423375292740046,7.218446433125489,136.9616693501171,50.180623308937264,2588.9336752109725,1168.5726482852915,Medium
128658,0.0523602166276346,6.97171095394173,148.9753842213115,50.84898420094897,2906.584375421338,1783.122182502903,Low
241326,0.035952,7.579375997463519,145.00461333333334,55.88518129209646,3301.8193622560707,1621.4061308111927,Low
547519,0.076125,7.229618936027349,67.10388235294117,40.02418867441266,1676.0889511593225,1707.4710789491648,Medium
211825,0.0293098958333333,7.526281450839845,113.43810872395834,49.30400022005433,2552.9363867584475,1145.694955207655,Low
35963,0.094482421875,7.685702392965414,92.71572591145834,57.69940191945126,3519.3169793116144,4351.186884600056,Medium
148719,0.1207096354166666,7.544027776374587,98.14169596354166,52.44337947261908,3091.166072656119,6110.900526993815,Low
436738,0.0728971193415637,7.403515677214739,128.96700411522633,46.61217865898816,2512.954793843593,542.6021280583752,Medium
379332,0.1357724550898203,7.487245452916825,82.29077844311377,79.4929936956674,6319.1360466994165,3398.165707669368,Low
341921,0.0780040533472803,7.31178774632336,112.66179720188283,44.34916197516896,2082.204399254289,4270.953463957637,Low
352760,0.0165182674632352,4.806931856654456,205.2689395680147,51.74994067115744,3078.724272654863,713.5916330591535,Low
17905,0.1184830729166666,7.633375723837806,105.33788411458332,66.85070212562988,4700.394912778684,5694.710747036233,Medium
529966,0.0436535035629453,6.983605971121942,186.87827716745844,54.19982851025775,4669.900929165568,1250.3559057897776,Medium
277051,0.0259477459016393,7.513931219323707,119.10531323185012,50.96077084364009,3102.2044779541206,432.5338681003845,Low
538364,0.0738216145833333,7.418020872960128,81.79964192708333,50.67822542694118,2660.223698854016,2441.29312065293,Medium
70254,0.1028035481770833,7.541396919582783,129.37676188151042,59.65052442891678,4346.941881476033,4258.261491260263,Medium
568981,0.0612896126760563,7.57226493608283,132.89012250586853,52.55758758229225,3202.944164026492,2401.1217178807715,Medium
157756,0.0365852864583333,6.226105728528204,36.48094401041666,44.419378720100056,1953.8540882393345,899.3553874891494,Low
11051,0.0285097947761194,7.142029403441276,93.3319729477612,71.34183739371979,5082.739687371002,370.8764902313293,High
500211,0.09880859375,7.215989999979679,152.51311848958332,55.771093938088256,3311.328992484856,2381.740019417562,Medium
579635,0.0084316724941724,6.678101895403972,170.36085372960372,37.338677869006176,1497.897346287166,491.5672402773341,Low
314251,0.0936653645833333,7.534155217265578,96.54305989583334,52.50881871629553,2888.991486653466,3277.0692083272297,Medium
197870,0.0394154411764705,6.8369297897471215,58.43199632352941,70.89626240189824,4890.529429118998,895.9243792904412,Low
80153,0.0572174357476635,6.587945500664532,204.58383469626168,61.31853989906737,3951.9429991206857,2763.2556027885,Low
231237,0.0660419161676646,7.612816271833348,108.66258682634732,75.94655950636104,5852.092288820671,1127.6214383367992,Low
351096,0.0306666666666666,7.340126643372473,155.14272533333337,69.0055999863723,5046.194682957691,340.2692658793529,Low
194716,0.0489424765807962,7.632063853644833,101.1644174473068,58.70561693634826,3623.971636948525,496.14945598293264,Medium
326128,0.0588313802083333,7.715208650623499,145.331669921875,74.70138119529517,5585.943015287975,3723.6174967127376,Medium
375278,0.0848108108108108,7.802886266710038,116.15622222222224,69.78026978361248,5001.419350904009,2388.4665234558884,High
191288,0.1445833333333333,7.917089699275748,125.79887916666668,65.27805639143779,4622.771124152819,1421.921710630833,Medium
416256,0.0430773333333333,7.092321858756783,76.08286933333333,53.18449901371884,2917.691598357713,1356.8404474895929,Low
396205,0.0093897058823529,7.000212740003469,118.45633823529413,41.975004794208566,2309.4190658419207,784.0379556811743,Low
522940,0.0318095645792563,7.136931534023723,107.49041401663403,69.68303263014305,5639.554941304027,95.96756074926074,Medium
30494,0.1398014322916666,7.770983812246823,104.83896484375,56.545024682781495,2990.055547819604,6404.782228712199,Medium
399560,0.0342540533472803,7.236905047146487,97.8072012290795,80.19589475864186,6491.017542354287,728.3155561044716,Medium
572517,0.0777675412735849,7.5064884768017635,97.3341354658019,48.38666194732189,2328.3720950034144,3229.129087544188,Low
474452,0.05504,7.632991408508987,120.07183466666666,60.76846302521837,4135.278843380963,1614.758928591758,Medium
38070,0.014848,7.357799690079946,102.47644266666668,43.91460737672655,1978.9478393882544,328.78604838715734,Medium
281409,0.0808877341920374,7.724479713965597,121.1976544203747,66.89457063044789,4584.277392970483,1809.1550263628867,Medium
248980,0.1229973333333333,7.861738591790047,146.34281066666668,72.09503203074041,6172.149357873902,4273.0697127365975,Low
305609,0.0276362723738732,7.388299887067285,120.151365393652,60.64520428520432,3498.5914331061285,635.9739682713439,Low
543581,0.0597079918032786,7.712754113334847,106.98263685597188,70.11950328001964,5042.102818115876,1104.8027260962135,Low
335954,0.0867508223332906,7.622080403572969,116.29620818915802,50.42268941350318,2315.3400103521185,937.0154478769048,Medium
292908,0.0761149088541666,7.503094262433878,168.19462076822916,79.85479684691649,6262.237974250168,1824.6842453439865,Low
122217,0.0283492647058823,6.7766126554492345,56.33523161764706,52.8148915600309,2608.1691597042022,436.2720419333369,Low
222094,0.0757333333333333,7.816833782274501,113.69429866666668,61.61715209280717,4977.721146383909,5541.446768164267,Medium
565563,0.1006412760416666,7.620780593391915,130.6981640625,77.40664951965368,6257.934118708649,5579.974859923257,Medium
402096,0.0433821614583333,7.615159711706694,90.70506510416666,60.11629976788508,3769.582747581305,731.1799262013329,Medium
355905,0.0264973958333333,7.03498330063895,84.33392578125,48.50816844958211,2333.345231139356,402.0571335813734,Low
427034,0.0496549479166666,7.656449405789595,118.851923828125,64.04367846385541,4374.871433690598,1103.8895337154706,Medium
186929,0.0158678678678678,7.367688114953962,122.54422822822823,52.83465791407058,2986.773126206759,608.0589807942717,Medium
74256,0.112861328125,7.6835076854879585,99.59696940104166,74.31000358021463,5520.527436503283,5627.859253433186,Low
199442,0.0508119226327944,6.279882944156821,177.9616447748268,50.64060615819624,2525.152882607507,6658.3001700119385,Low
354547,0.1416752049180328,7.857986921444063,105.4540837236534,65.606195751389,4628.626794897534,3808.08161967642,Medium
363875,0.0422519041218638,7.42531545229941,85.61449092741935,66.10490982407467,4545.090557595129,755.7840082574345,Medium
524108,0.13623828125,7.340241342641548,64.42936328125,65.09622032867165,4322.896298752864,5201.948549926376,Medium
520301,0.0264811197916666,7.6843745892418225,91.294033203125,60.76451300899442,3685.447814239502,632.9081216531965,Low
537270,0.0433170572916666,7.671981020600998,107.72669596354169,67.73568577322652,4808.761606146392,1038.8129101239415,Low
563758,0.0485795454545454,7.709399512057327,137.43508158508158,74.45682104175341,6210.865797349349,787.1909581250615,Low
35682,0.039814453125,7.71652993626678,90.631171875,75.41184807705977,5893.091299566812,161.3290539181921,Medium
125245,0.0798187311178247,7.368352059561936,91.15925679758308,46.03373290061182,2191.67426697494,596.7089641378227,Medium
507235,0.0677223503780597,7.830051061602942,118.36887521893289,62.610243157740335,4216.416522134038,849.8494937958744,Medium
361621,0.0235033665105386,7.733435004175189,132.6541788641686,54.72136560416876,3334.6626658564383,1857.9480543321024,Low
170739,0.0476380107003891,7.301959975865154,102.79792983949416,57.26423281714025,3366.383304629671,1789.5531360404243,Low
347456,0.0940230582524271,7.442109606209683,123.04664745145632,68.57404154734233,5012.474123048952,5141.518339540291,Medium
581357,0.0344338715878508,7.664573840524522,157.69943184245375,63.41175311115704,3653.481210645281,1047.5581927582932,Medium
239843,0.0656693333333333,6.101005577934509,151.61924266666668,33.793046619876,2305.683899716788,2149.05334380305,Low
102805,0.0376650528169014,7.711219376481535,120.30828198356808,64.14668949565107,4555.837075719622,1135.149719955208,Medium
212226,0.0449074626865671,7.171001259092833,143.06482985074626,86.14165456282922,8344.314289095835,1032.762484117122,Medium
334767,0.1789249249249249,7.422351912894597,137.91614414414414,97.44411421231077,9616.993167990511,12154.387531108585,Medium
236426,0.1221845862470862,7.165986005252372,111.34899475524476,67.08900640535687,4826.434651285129,3981.261298374589,Low
26564,0.0676679870892018,7.676612422809249,100.92203638497652,61.62347311211925,3890.935124490548,2568.294931350241,Low
138241,0.028994140625,7.4822641539978,165.78190104166666,52.59479008954333,2827.09726915872,439.67824560479056,Medium
192964,0.0252884053738317,6.704117435998965,49.338113317757006,54.34532112802524,2953.413928508186,838.0976416335488,Medium
242287,0.1203345070422535,7.631078712329421,132.13098224765258,49.66201794734762,2583.3938574619247,3862.188453614766,Medium
47585,0.0388598172169811,7.2575259229347,71.5909714033019,56.11983532068463,3502.9287689044936,1003.6362283208812,Medium
347254,0.0403786666666666,7.576883770074885,116.11975466666668,58.36367779266895,3486.2143490330072,562.1367939177529,Medium
541123,0.111028981264637,7.208948074306634,115.78694013466044,49.68299528463233,2569.949830959593,4010.372792371109,Medium
109798,0.0616936936936936,7.6792515987229475,107.94698498498498,76.32643601697794,6296.318461396976,2181.936994164435,Medium
381360,0.0627830882352941,7.834413850298671,129.41069117647058,66.81376598729209,4448.593025814965,2012.935094462803,Low
519522,0.0960150761124121,7.328401149668728,126.61484923887588,91.8330107521758,9018.212885054389,4786.585529121582,Low
212573,0.054301766547406,7.741520003918101,125.00969923971375,63.1101020860177,4063.420391698071,1579.3732651497637,Low
510329,0.0636295572916666,7.689432129118898,127.13794270833333,73.95483442148469,5645.453846231862,2931.704654044427,High
327701,0.0675452686915887,6.905965311652501,124.72866895443926,72.57865317599281,5561.590539766214,1943.904867068372,Low
479953,0.012909510178117,5.918417142767411,82.55244910941475,18.84926418254137,424.95213364159713,1462.0548143235535,Medium
428111,0.0548259032634032,7.431310194623891,141.93366477272727,69.2957925485727,4864.933657900506,3521.3893695180354,Low
136772,0.0289760479041916,7.297710038242672,168.6353832335329,62.06609597987031,5398.83134101114,450.9942318444906,Low
249550,0.111556626506024,7.364711205320139,150.1764857831325,43.61305789592622,2120.040740067295,2448.7697262355955,Medium
288762,0.1089264705882352,7.523999218122654,179.63297058823528,56.07286582704649,5172.584399565537,2139.4012392679497,Medium
323355,0.0597526041666666,7.596786726577643,85.642744140625,52.6729247375955,3758.052803587172,1041.2633382812498,Low
415741,0.0222569444444444,7.523137891922762,112.97745659722224,64.40392044918963,4455.618219329074,378.8855668348336,Medium
21839,0.044365234375,7.2989808515202625,116.577373046875,47.7196965947932,3344.6376629387646,947.03436848348,Medium
451150,0.0321842447916666,7.698475730442587,119.32241536458334,56.69738004353844,3417.641149103016,708.5718851206037,Medium
98633,0.0213091413551401,7.572910488668519,101.86896539135516,72.03696799721355,5293.36978788332,877.9704583947612,Low
176446,0.06578125,7.614125578915159,103.20752278645833,85.98211775867735,7267.243106343513,3536.1173047614097,Medium
554735,0.033701171875,7.199640413136569,138.817119140625,41.00014753889388,1581.782496472076,231.85858693334788,Medium
365655,0.0278981264637002,7.641279840040255,139.1944306206089,68.88200784879734,5030.3566886053295,1527.317640914515,Medium
541952,0.0180078125,6.812746719523666,197.72317057291667,62.0568394393194,4169.4898193429135,913.7443781674596,Low
355257,0.0755745023419203,7.5762919379017,141.2920118559719,65.51230532735289,4557.165663459226,1953.000322038676,Low
467511,0.1001990685096153,7.684513712354154,112.46729266826924,83.17423812793926,7075.027523371938,4203.231603899172,Medium
228942,0.0667613636363636,7.5960720422289345,95.0162617554859,76.77097161514887,5661.7171302982015,3026.4580164812305,Medium
15746,0.1527005269320843,7.756300235529086,121.14864973653395,60.74265727452068,4295.267400101771,6102.504605102536,Low
488251,0.0897005208333333,7.6098453761014335,159.3895486111111,75.06011656733423,6009.38157357233,4683.0168765625,Medium
558854,0.051504,7.663251803420787,112.073616,62.54877686534893,3986.060250566608,686.5400634424889,Medium
405279,0.042470703125,7.409868415132133,144.98113606770832,53.48502448369871,3789.977161191046,5191.486950683594,Medium
272566,0.1835539079822616,7.944859449969272,130.40486765521064,69.28255240812862,5019.067272282068,13981.521543971136,Low
471023,0.0831572769953051,7.364216562489974,81.00070055751173,43.79473923332673,1861.6559046016264,2032.377689513252,Medium
391290,0.0275198063380281,6.723444962329691,120.6826034330986,31.72108674167824,1158.794353021505,2488.5188160934504,Medium
578545,0.0355353375527426,7.592019852501109,134.55990901898736,50.547832824580766,2919.141486672432,410.26828136405305,Low
507037,0.0863216145833333,7.393880590740089,119.89730143229168,76.62063504940417,5984.772020201714,2757.362899811798,Medium
785,0.024625,6.044438813248453,196.1927132352941,55.623711761607154,3142.186722454824,1422.2324511453285,Medium
446005,0.058006006006006,7.755384388314732,119.3870930930931,65.34540385201491,4647.227321746251,1696.5586399933627,Medium
575970,0.0518782552083333,7.716515324191389,119.96046549479166,54.11047512638479,3074.9130421458344,541.6320317138567,Medium
579321,0.0859908383534136,7.664656370030267,128.80754267068272,64.3079398507453,4204.442194743759,1007.8302466335658,Medium
416885,0.0625333333333333,7.412809688980936,72.16330133333334,53.18343064659517,3006.1749793006843,1365.8254771646862,Medium
200667,0.0669963235294117,7.802761955575221,124.78498529411765,60.22377929195133,3714.237818386818,1998.10422698616,Low
405306,0.0482988609112709,7.557383312597535,88.37814748201438,52.03356905631634,3110.802032431033,3638.686601245069,Low
115870,0.0914209213615023,7.699377818312547,99.22248019366197,62.89699747790798,4089.507881046293,2957.811192053073,Medium
12062,0.1223726580796252,7.741169128827302,142.1339212529274,56.24117595209993,3147.9060231483963,3439.96417750309,Medium
40471,0.06745462529274,7.797651262808096,103.98734265222484,76.18091495476679,5987.869490953453,3093.0816872568253,Low
36936,0.0551554764851485,7.4826543630699955,78.8007619121287,52.44982615611673,2936.679085303031,1691.1142826106725,Low
172648,0.092412109375,7.858872065830963,110.24765950520832,68.80337555917724,4879.56153595568,4680.7362287733295,Medium
485895,0.0697650602409638,7.323945044237731,94.5800843373494,60.01756637223721,4143.8131869164,4804.431077727936,Low
222991,0.0154947916666666,7.51032896861201,156.466171875,70.28583564913733,5064.2324881684735,1276.5636392414942,Low
426329,0.0139602803738317,7.389574314297853,91.69097911799064,44.597903830789214,2208.9588939967616,116.26937825267166,Medium
164115,0.134264,7.565955857887149,92.786572,53.21427278925097,3023.7344438771943,5778.709596797184,Medium
573391,0.10306640625,7.749258328098747,155.14283854166666,60.41374501497443,3948.6544707483295,1642.375573786036,Low
460927,0.0964756944444444,7.192980152960869,84.8352170138889,41.24234271569208,1700.9308326785997,5446.567695850797,Medium
577864,0.0239913438967136,7.094994777551024,72.15432438380282,34.89053029575605,1582.5047462191906,5028.959140310683,Medium
559547,0.0632923879837067,7.395786902085889,128.90822619653767,56.46491001211215,3167.075579012697,549.5282157105652,Medium
165336,0.0759309895833333,7.476160015894724,136.98766276041667,54.5717759882457,3057.066600010321,2584.709560867945,Low
365886,0.0122133333333333,7.281766398041067,96.73552,51.89285548444602,3189.799662957701,255.78355675167288,Medium
475779,0.2119368489583333,7.679602517602748,130.588828125,50.856062457988976,2756.942656994823,13209.436973520653,Low
192191,0.0659212239583333,7.659447990175967,86.79004557291667,68.19235012633845,4782.483897142721,2197.4351093304845,Low
2532,0.0662825520833333,7.813256312129651,143.10796223958334,68.42100612992992,4749.230008876387,3508.297091197109,Low
310862,0.021839890640352,7.750745945439339,120.24652110299458,75.38407894216083,5197.78576941035,286.9537783998498,Medium
286182,0.0708355125523012,7.728295187809663,99.78517586297072,71.10680687775685,4820.200568059121,866.2096804196611,Low
8021,0.0210026041666666,7.032433640091394,79.55420572916667,56.35865147067567,4180.27790566543,592.1190657337506,Medium
74209,0.0498697916666666,7.22396347491349,126.95218424479168,64.74765396113794,4107.664926204946,1585.578848013041,Medium
490470,0.1033821614583333,7.37667915551241,117.51721028645834,65.81922871905005,4302.398573912097,3180.07255392828,Medium
427077,0.0584941860465116,7.15480662020052,172.25623837209304,57.28252340151841,3198.188660388713,2205.7038851979446,Medium
291490,0.0462348918575063,7.224284168797043,60.39605995547074,57.89850377519331,3822.269593360621,1612.6896933390533,Medium
368961,0.049365234375,6.83868805432139,93.40173502604166,96.80492602843046,9376.69616893214,1586.7610836958886,Low
8762,0.0142747365339578,6.436840540673513,40.103161592505856,35.077653050299894,1258.809768620239,338.7287056987381,Medium
430056,0.0105813333333333,7.231048305700965,125.63368533333332,46.09814052900238,2518.138653208216,207.2844865877333,Medium
108864,0.0144368489583333,7.1288593748191,157.145087890625,67.55782588402226,4964.349872414451,1024.7824404692649,Low
85376,0.1024544270833333,7.440305723910091,100.36857096354169,77.06460703460414,6146.330920172102,3660.9578348828527,Low
480936,0.0581982624481327,7.672796220576641,106.49161696058091,53.537169895597245,2955.132205632664,2085.960052955241,Medium
93261,0.1687413333333333,7.777257392975938,134.98712533333332,64.40556542910682,4418.570787015348,9202.26919111165,Low
413552,0.0230083626760563,7.746913749235624,122.92787558685446,62.80831744960789,4132.647027573922,257.6569814900493,Medium
570782,0.0696757903981264,7.621150494845976,111.90764417447306,90.99906604249524,8370.17923932123,2951.3878719064764,Low
255483,0.0614823008849557,7.004350317455291,194.97083628318583,61.33028640083621,3761.404030008595,3671.9691667876095,Medium
94326,0.1638133333333333,7.712765690664231,109.87634666666666,55.59269113099751,3981.842152595968,3197.478700852793,Medium
198641,0.025616518789144,7.249521720992061,98.78700743736952,75.04459116421636,6674.520030224511,1099.9051494154116,Medium
258911,0.0539686032863849,7.734606532546244,115.99006015258216,63.50977092557241,4160.042101625265,666.0284093813973,Medium
116439,0.108442599067599,7.555609352573023,75.8588578088578,61.65462280577539,4239.620330087381,3427.1534526990904,Medium
187055,0.0514669117647058,7.632716288630809,140.81962132352942,57.02456382099079,3940.164112366529,448.48863342451074,Medium
84031,0.0952502927400468,7.3791324131800335,106.02025395199064,50.11316602461324,2809.524094775417,3625.998233685259,Medium
25386,0.0815537177985948,7.7953620575972415,104.38178790983606,60.271379626911205,3866.785327585973,2054.505475011633,Medium
430871,0.0035594334112149,6.1604644036084535,36.833279789719626,24.110938033933003,635.9133381692948,135.9810036255464,Low
142092,0.088134765625,7.673004458984653,96.51901041666666,55.9703894516993,3218.442798739394,2348.846939346303,Medium
177539,0.0365083430913349,6.817608191451989,167.68743413348946,57.31841150371992,3395.04271656446,1041.3255978662175,Medium
28809,0.0173775100401606,7.707563959240656,89.97513253012048,60.32259382175175,4290.752257182921,573.3720043777358,Low
134034,0.2089726315789473,7.801459500293261,106.10728421052632,62.81654359359117,4388.884906395703,12271.4427273828,Low
186938,0.0444964871194379,6.876936619757412,102.71632025761124,35.717245399037886,1310.2522238061,1587.7584525429909,Low
80273,0.0249598422897196,6.45392347798776,196.22731454439253,58.62418871468827,3634.038144319376,2061.4900153605454,Medium
232692,0.0632794117647058,7.57868794255166,77.65804044117647,58.23620874089479,3647.897955446177,2898.436153573408,Medium
437205,0.0314499020887728,7.665639804900107,93.0135076697128,65.6242791293276,5840.085340792123,325.9899813769313,Medium
391144,0.1201405152224824,7.778612588094498,122.19995974824356,68.37259708645091,4720.153840171119,4241.274300619893,Low
325991,0.0562215568862275,7.438504505353191,81.34275449101797,53.28485481721632,3026.25227524313,730.3818201521748,Low
1268,0.06211943793911,7.255781300122646,74.21645930913348,77.33066829120997,5967.690679515669,3630.1176304545193,Medium
181816,0.0973470052083333,7.741993716644577,157.05693359375,73.1795541745842,5470.441106104971,2608.557863804616,Medium
171788,0.0636746194379391,7.587359786278355,140.6871450526932,52.10905470091478,2893.3967321567093,3758.435221957114,Low
488592,0.1182845052083333,7.670849345752103,96.245380859375,69.56922853112678,5282.82854440242,6503.295897286468,High
332318,0.0956730769230769,7.395825167603616,110.47630026223776,46.921714399042095,3154.0321469393857,6496.363138542316,Low
102331,0.0579159663865546,7.4658804572371,148.4061288515406,53.22250688033828,3304.6524820562577,2154.8475682545645,Medium
542073,0.069904,7.744884385179081,117.654816,61.01724280894823,3846.3702503619606,2603.126986280363,Low
462756,0.1523327464788732,7.9524589593262,136.64617811032863,69.74427567866256,5368.612272201781,6859.9670510460055,Low
141671,0.119981343283582,7.061440428838955,125.15198694029851,34.78559431160792,0.0,1749.884718142939,Low
57672,0.0932356770833333,7.336561747583344,123.37517903645832,43.76534469519874,2167.658770837085,1572.1615728077784,Medium
312406,0.029541015625,6.864701557104588,118.164658203125,46.371610461755246,2117.759128787034,589.4805532340897,Medium
322211,0.0200846354166666,7.272127986212711,107.98628255208334,38.98969791627599,1857.3704756163067,1011.3806439137352,Medium
210789,0.0534083802376485,7.564467366014537,122.12514592453616,68.63246368335619,5102.9870864881,1590.2663057637476,Medium
558421,0.0347738583138173,6.792832349569453,118.39459528688523,63.09314850818188,4188.677011226163,876.6202222182753,Medium
482275,0.124599609375,7.790367195589609,111.69014973958332,68.89340905940522,5120.636917237784,3057.870889490668,Medium
451144,0.0387890625,7.631616644172354,144.48250325520834,71.87111995765815,5237.560978841043,1777.3366249872736,Medium
403565,0.1812325223713646,7.5708574215575215,110.54868568232662,59.52841888436247,4748.530615166404,20286.312877210323,Medium
88040,0.1064073477751756,7.64293804201026,86.52725043911008,73.35863592828728,5419.625314088327,5850.672350929122,Medium
13597,0.047360294117647,7.511590371548718,148.3534963235294,61.15640189346601,3773.50490468453,347.34380463646187,Low
527029,0.0635498046875,7.691301192866527,115.4937890625,65.55549191347743,4384.219800555672,1316.637616224265,Low
449190,0.031267409470752,7.208282386890149,162.802650591922,51.29641813026768,3026.7978424524645,808.1089172763265,Medium
559160,0.0403044871794871,7.528576984319805,125.1915136946387,76.36927094218828,5926.765452483713,759.6093199255357,Medium
562121,0.0682027808370044,7.675351512754302,137.1281387665198,54.09693519379634,3501.605973878765,1093.337572158138,Low
351609,0.0997957957957958,7.629315173490511,137.09186186186187,49.86968410998978,3560.117035938148,802.2737254372931,Low
427055,0.0805989583333333,7.611892091212916,105.3135546875,59.36023712188388,3864.35189466794,3184.040745633433,Medium
11197,0.0635245901639344,7.424497173083599,89.68617169203748,60.033711747567935,3725.725138114986,1897.7172665717208,Medium
358525,0.0568391927083333,7.58294632614235,150.45892903645833,66.24641017710346,4999.055708418488,646.8726616888681,Low
57760,0.0476166134185303,6.40287261486112,167.6400766773163,57.61710654296949,3584.68882152289,1847.49014586802,Low
140658,0.021787109375,6.996659481119544,116.881611328125,89.26664792288325,8006.397759274641,839.3738818547462,Low
361268,0.1066536458333333,7.551612582356354,86.37521484375,57.00872918601469,3970.938947622896,4801.83407848781,Low
328337,0.0739388173302107,7.4025415483797055,139.4199831674473,50.73780361400646,2642.6579257144563,564.0434704122059,Low
34452,0.180693359375,7.541703901646251,116.03380533854168,51.20051663238414,2708.644246646895,13639.643498297532,Medium
298251,0.0452928459119496,6.720740120291207,164.79333726415095,29.97600453535375,901.09057051714,3743.119185866099,Low
482585,0.05962890625,7.201667438852258,118.679052734375,79.5634265134164,6440.036500378188,1436.5546690129595,Low
320664,0.0466276041666666,7.493229603909039,124.220390625,52.385863925016345,3041.266263236332,2197.500785420566,Medium
212072,0.073584,7.53677194739873,119.67122666666668,56.05395038200807,3984.327989013266,2573.753628515556,Low
404678,0.068610294117647,7.692931325600574,88.93842647058824,61.56940705554232,3824.8271845190807,3806.197605473062,Low
179214,0.0536324474299065,7.357613257715705,140.19676547897197,53.30141169756915,3738.156662729049,887.5963832433206,Medium
152214,0.0123274739583333,7.395846125192543,95.507724609375,49.19548291549482,2815.1629673463394,336.7939094174597,Medium
301135,0.1402745327102803,7.614723936969838,88.83085572429907,76.06741025222532,6053.839203356172,7871.095171609479,Low
158744,0.0404149469339622,7.423970625508641,104.08615492334906,87.77113053048382,7601.981511182222,828.3509040508087,High
460494,0.0999156396713615,7.867672101344215,120.74136590375586,67.20950130205146,4809.482446521196,2359.810709305225,Low
154705,0.0675208782327586,7.664359233318687,106.86017308728448,58.11335826613263,3495.5290008000425,2764.672256009604,Low
303566,0.1598848298122065,7.483283821885692,81.3011260269953,73.2627802661325,6059.422820113127,9313.395772580638,Medium
117744,0.1076732242339832,7.711382925533276,128.7088701253482,62.34325296671079,4113.0998584150575,1259.032421636696,Medium
232563,0.112578125,6.569045843975241,45.6059375,60.37086932605487,3723.425447205007,7074.293405704753,Low
39480,0.027561475409836,6.096737411726387,101.96805474238876,22.03625667635356,910.7211911851792,412.7016837968191,Low
260105,0.060556640625,7.678648751625105,134.51719075520833,59.13495537045273,3655.322997189304,960.46682729542,Medium
71877,0.0446553738317757,7.244694739279505,113.57499269859814,65.75716857253612,4416.549463338121,978.4857439834096,Medium
186042,0.0346788194444444,7.258654219961523,111.39471788194444,67.7752320202435,4659.3457522063445,1789.5174199591745,Medium
475678,0.0893489583333333,7.800408816066796,106.34937174479168,60.16198327599955,4386.434187104017,3525.841512838734,Medium
114907,0.107860294117647,7.872800995054867,111.39558823529411,69.07712172088682,5126.86278383837,2699.157476029357,Low
481567,0.0917154947916666,7.677000309390329,123.79770833333332,57.46944134719495,3884.4521669588617,2327.85947751041,Medium
547886,0.0255818208430913,6.401518566999303,147.00896150468384,36.456373157295005,1526.0038379753933,455.99414017722114,Low
413395,0.0416493467933491,6.884914566394835,123.12700786817102,85.88380289929187,7763.463101929548,988.7268901730532,Low
580757,0.0877536764705882,7.116570070392425,164.4339338235294,43.7228465648214,2058.0441362953206,3892.7156602072746,Low
481480,0.0579814189189189,7.498426589259096,124.2821579391892,47.80987182689951,3042.817323032616,2916.1559021887647,Low
203488,0.054248046875,7.180962583391148,78.65861979166667,59.01235036847534,3757.499073205248,1480.114691356023,Low
539445,0.0717218804733222,7.806089736178616,114.76511170917168,63.69033917134249,3818.847191348256,1125.8780695058256,Low
280325,0.0719840848806366,7.577820752226407,141.90883289124667,53.69054460335605,2858.3171200341844,5027.546476393023,Medium
161032,0.0478450520833333,6.900492602984177,61.25385416666666,54.02703441227348,2923.002451769122,2270.473975236638,Medium
275749,0.0408053333333333,7.108830745035784,99.591024,60.38786401227284,3514.977068208346,822.0572476737707,Medium
98287,0.1233697289156626,7.550762498673418,126.01413403614458,91.06852041275724,8293.475410168781,8428.967371901708,Medium
106563,0.1488530052543893,7.801851411458025,110.93532135076252,63.98220472661875,4043.922042436992,4272.8611452363575,Medium
87476,0.0525870901639344,7.313945371032365,67.07023199648712,48.769069749352965,2477.077562211469,999.790672263838,Medium
35770,0.04447265625,7.65195090232707,107.89078450520832,58.08333970488071,3252.162759018644,444.4798448434512,Medium
400922,0.0456770833333333,7.601842399379355,113.3550390625,65.15135329820107,4541.870164087384,2202.3769377275994,Low
308391,0.0599763313609467,7.441623359213734,119.13063313609469,65.13970362412,4435.989501283312,2784.378085619376,Medium
376206,0.0071099238875878,7.061777036591997,150.03948331381733,60.737129518388535,3853.2290801381455,551.6170973376081,Low
195045,0.139921875,7.758310431584416,93.82635416666666,61.53853226959024,4673.602760770526,15460.68199127091,High
307145,0.0533704043805053,7.3012142440563075,77.29160289766351,44.38622288335285,1919.6313365099795,1287.4980592335587,Medium
132375,0.0425325520833333,7.77015035004532,116.38228190104168,62.34766531566167,4381.589993048922,376.5374757378472,Medium
515025,0.1178973946135831,7.932432403487415,124.14645784543326,76.53465845810364,6349.684190753765,4559.326915887292,Medium
119995,0.0583589743589743,6.752268860250196,174.0840512820513,54.98308741052972,3472.663537322406,1184.3512528289866,Low
191845,0.1351757271468144,7.845697660970162,105.68592451523546,64.30017945156916,4274.030307447135,7697.188396575136,Low
329080,0.0330436197916666,7.605641082605563,122.16389973958331,64.25218461672101,4198.5983523293535,779.9867357989841,Medium
325838,0.0435677083333333,7.417797054232297,132.46863606770833,48.77980411749571,2430.293704250837,1468.3923239803314,Low
499181,0.1051399739583333,7.786309640189397,110.74913411458331,69.5765400899676,4818.332223162947,5117.0076881345,Medium
120853,0.0583491530373831,7.654229374312491,113.00654935747664,50.87343127771181,3033.0270991439525,839.2362425701066,Medium
108026,0.018063668224299,6.128826718044403,41.37604044976636,50.56069329777697,2579.1392025157807,267.29371084191433,Medium
296317,0.0401595052083333,6.79596193729837,98.250751953125,27.697048492624543,1315.245225301089,1217.7911816245078,Medium
384850,0.0129817708333333,6.91577343143014,116.168583984375,33.044347480374824,985.715834117494,142.81479377491212,Low
321333,0.0391294080604534,7.47284027115817,152.4610595088161,58.7168364220945,3367.0475619000194,454.8166209277563,Medium
169076,0.0334513435003631,6.386181090724458,80.4713011021402,82.01007243534279,6267.054669672473,583.1908417476752,Medium
19402,0.0243196614583333,7.521285819025765,143.91369791666668,79.32590029049987,6802.428791366405,273.5007851060232,Medium
563604,0.1240801148225469,7.858946249926234,120.41570002609603,72.60709985504111,5970.600592208164,7048.445386556933,Medium
314034,0.0996744791666666,7.429428207388773,107.01232747395834,55.16972546423456,4249.711855595253,5074.280880838988,Low
559513,0.0736935866983373,7.814436593717776,102.35121362826604,64.82649924865979,5496.851278757131,891.2070775428456,Low
504415,0.0706418325526932,7.6273259258293935,126.991887441452,64.63906219493359,4243.933050005957,5230.598494788214,Medium
427256,0.100634765625,7.231822545917492,60.66998596191407,52.75725150826516,2835.730775572949,2690.787248250805,Medium
414673,0.1003734939759036,7.428548230619414,117.5967891566265,49.44713806869373,2509.038858979436,7763.599704361119,Medium
85576,0.025785,6.527184909210341,129.82839,55.01678789249605,2966.8612126147914,392.2872102656,Medium
188689,0.0612612612612612,6.942761180507514,56.96497297297297,41.6924692519716,1738.2619923265968,3922.715645623101,Medium
439715,0.1262825520833333,7.491984731722737,104.00255533854168,47.01068372983195,2474.205848528756,3478.083992382039,Medium
314541,0.1155294117647058,7.410152664504115,109.24117279411765,50.62359229364101,3173.16077862596,5255.743127362334,Medium
441586,0.0894154411764705,7.634903286971538,161.3049375,72.51852193853999,5378.456583060503,5581.660249671064,Medium
186449,0.0664205848623853,7.738778718639967,87.63130017201834,64.65736421380595,4180.574747076755,1298.1974087962749,Medium
19109,0.1578234521028037,7.835462683794449,110.22239705023364,62.37235753286404,4157.507861144603,5548.201960221476,Medium
102411,0.0766869145199063,7.548150585911781,142.18489461358314,85.25029822614682,7391.747342783226,3549.0019406520546,Low
481582,0.0366547131147541,7.182855768763615,80.28583138173302,71.06231775528975,5160.80769976753,718.6590057605666,Medium
377814,0.0341731770833333,7.698499212258629,131.31140625,59.283749003745775,3779.907007078789,637.0536266884698,Low
199310,0.1069196428571428,7.61504792009169,82.18337602459016,72.81095753201521,4988.759936814404,5369.076270536031,Low
159282,0.0670297828638497,6.743344952737975,61.88242004107981,79.56104863389112,6393.495078719006,2266.238353812418,Low
99428,0.0426204427083333,7.604081028573579,103.28804361979168,63.26850887382987,4241.430632016313,659.7231463415782,Medium
45070,0.0643325293624161,7.709210699716573,102.3753801384228,60.92492995880863,4702.342721014548,953.683424034134,Medium
463918,0.0427242339832869,6.645651126422145,60.220857938718666,55.35601384786178,3105.3487644450724,2122.2811355505933,Medium
53994,0.1138675935550935,7.568543474678996,137.87814773908525,70.30398055801662,5739.841425977057,4807.334412919468,Low
530099,0.0404266666666666,4.693745104259711,30.612314666666663,54.35249326463615,2954.1849438527424,1288.5241710933333,Low
569273,0.14642578125,7.70455284734796,120.4173828125,53.86854095247287,3119.814137031848,8402.099600346364,Low
517832,0.03262451171875,5.8628029974133,160.552783203125,83.41401780442672,7739.211890743148,8151.607743925452,Medium
298904,0.040947265625,7.290170010576206,125.88777994791668,45.269154027875246,2315.5878557705,1085.5737798893292,Medium
47112,0.0612565104166666,7.447124795787023,104.75894205729166,44.042621030544176,2466.190787232597,544.6163406840005,Medium
290843,0.01328125,7.559455535244469,112.91305125584113,62.27422691250558,4038.5627815565385,146.56280658589648,Low
17627,0.061884765625,7.630412097977096,97.87517252604168,57.78690154669456,3782.031071524372,2260.428710853057,Low
535858,0.0558978873239436,7.095170769815496,139.90925762910797,36.29552947776008,1454.9527292778537,1095.2765441585243,Medium
440617,0.1072981770833333,7.523276142646093,138.76986002604167,79.5155533448861,6256.809294697369,2933.370327575673,Medium
461405,0.0576478337236534,7.501411262721518,96.12396809133487,48.97491226043202,2479.495438434771,1992.4047999555407,Low
441468,0.0630098298122065,7.655091928718008,127.89248092723004,66.91432661263379,4533.660329453341,3762.4276690504175,Low
182162,0.0543860294117647,7.792059609357019,109.7244963235294,66.81311324433791,4355.249231814167,900.3669879400816,Medium
283785,0.1322440476190476,7.531033997530153,72.73869642857143,64.3116321050476,4382.387682979627,3848.736102854875,Medium
563653,0.1251667633410672,7.667061216756776,102.25780887470998,55.579642544591664,3689.001244354896,4691.753500475837,Medium
451084,0.0557951877934272,7.421238246256761,159.0743397887324,75.33209221229507,5945.497694711777,2548.3026451928818,Low
185472,0.1522721354166666,7.817137664528552,133.16819010416663,66.15947367445214,4795.920341181617,9636.60829596065,Medium
531707,0.0346744791666666,6.71327682884211,174.77071614583335,65.41468611392222,4279.0811593829685,2405.157102826436,Medium
293071,0.0709313432835821,7.380608791516818,131.23497313432836,57.833378676320486,3460.3614911681834,2474.038302740922,Low
180383,0.0435774739583333,7.278426200899209,87.606845703125,41.299674280973136,2104.6930931709394,451.990323687066,Low
423506,0.0435946666666666,7.451296487071435,97.715952,45.50155952712349,2266.4773010835056,1127.8331686258916,Low
481159,0.1404393898488121,7.424866870634694,138.45699581533478,85.78196877140819,7466.713892315507,6640.946280030258,Low
565469,0.0452391431924882,6.251250744082372,54.01697109741784,74.3722476626767,5392.872712287463,627.5868043711355,Low
94614,0.0221457845433255,5.940155209764712,172.99878146955504,45.63665953302986,2130.1631238124664,1232.452732068352,Medium
97994,0.0424253512880562,7.626025459392856,111.5250512295082,83.45846893313504,7229.47279634102,914.3104647483374,Low
566923,0.04975058685446,7.767670481053462,132.98202024647887,63.36949443701317,4293.262977006703,612.6681788063869,Medium
273551,0.0885940919037199,7.701873327932263,125.35031455142231,68.45364040537132,5219.396835288688,4847.666455657284,Low
266409,0.0693619791666666,6.394560452472694,157.14361002604167,41.52003004623947,1758.3332268949896,1523.8326208045853,Medium
395180,0.1535213097713097,7.672711156465234,89.8268905925156,58.17311979387902,3384.111866552999,7215.899877655337,Medium
424349,0.0597491197183098,7.756660114107516,96.4349471830986,72.05997279708056,5214.57591253213,2449.202795196576,Medium
201646,0.0304632611241217,7.556104421264181,140.68658152810303,60.187967862269424,3710.643138313716,701.0657711102418,Medium
458702,0.1099275468384075,7.741164141521117,89.68842944964871,61.63078277012006,4251.039472193108,3136.401502726313,Medium
372203,0.0773567708333333,7.602370759814931,126.6246310763889,49.941405824284814,2709.3216140449367,3886.736729950611,Medium
335081,0.0541898419203747,7.696051873767006,98.64658591920374,64.59771120342049,4503.384053599778,938.4828921191092,Medium
205542,0.13705078125,7.490954942256426,103.49251627604168,50.250093697923845,2534.0476604588225,2008.434472910563,Low
254016,0.0528548177083333,7.596437312765237,117.781376953125,48.54312422003244,2655.2256851209218,772.461290689426,Medium
29984,0.0256637449186991,6.17499695180923,131.00147040142275,29.31653130265284,966.4888911624508,815.2258288718547,Medium
311394,0.0325,7.612818136507771,96.94733072916668,57.76095888903891,3598.2747650117167,1687.0798696402549,Low
220764,0.0355276639344262,7.360856902325085,190.1641722775176,47.84201798528933,2236.464260283074,1481.7318196598203,Low
173830,0.017914734401349,7.065210369305086,162.0992042580101,79.4257508771696,6371.459736391189,287.78914899926593,Low
100489,0.0398258089770354,6.2345094828215,148.98971816283924,37.70176201178427,2756.6519783264325,428.6856438874362,Low
302107,0.0459748243559718,7.61706751911464,154.92276419789226,56.29846672010575,3318.070867239599,1482.380335992354,Low
167122,0.0102799479166666,6.289896725373609,31.148076171875,31.664381522008,959.5764790347702,1356.1308268157534,Medium
99053,0.0511572003577817,7.7351573702669345,120.96371030858676,55.06856851195094,4572.569584813962,911.7118442901016,Low
299355,0.0201653333333333,7.277744622395503,95.02198933333334,62.92795916338952,3882.9833525395247,386.9919733333049,Medium
243034,0.0377854215456674,6.173977528869257,36.535428864168615,44.50250108824673,1985.492317098655,809.3994180531694,Medium
183437,0.111387587822014,7.770835296195002,124.68219774590165,60.464305189986696,3791.045194601552,4798.27637087341,Medium
366884,0.0403059895833333,7.680015729714113,111.36468098958332,68.13627541410733,4612.889992787802,1162.7851599078708,High
147415,0.035048828125,6.196130682749051,56.67754231770834,65.23168396805923,4229.776494903006,951.0422980034724,Medium
424975,0.1000130208333333,7.720707251166059,129.395869140625,75.23251979276178,6202.098709781855,3870.990301169067,Medium
528524,0.0182259114583333,7.205425202296974,156.97420572916667,36.82664854407641,1508.0698634705434,248.032413818317,Medium
369541,0.1021226666666666,7.641603998248502,101.304736,65.1321590611758,4129.286109422762,4663.208939144846,Medium
398652,0.1431608606557377,7.8658838396979,113.98991144613584,62.421530751912414,4163.354132497432,3024.581988235381,Low
51598,0.0103298611111111,7.462519677753288,136.22079427083332,53.17690556510641,2659.0560199679844,106.14952251517214,Medium
352618,0.0108788145539906,7.133840003120072,134.9726525821596,63.70885616797254,5046.733197006596,204.2746808814073,Low
343315,0.1379249476987447,7.764723900895843,155.41520985878662,59.24858874936135,3937.805439468359,10899.736498772503,Low
505942,0.106528,7.673035423474115,135.25064,55.50592627450154,3080.9078515904,5987.600708237198,Medium
205514,0.054793867370892,7.40299812356695,175.547597564554,52.39332340261858,3228.331923262617,1632.779776960865,Medium
288062,0.0496116329479768,7.310666507579271,101.45007827552986,57.643911289786864,4468.675005520812,1987.14567469834,Low
109055,0.1280143229166666,7.785790845415248,102.77632486979168,70.32150668265305,4951.700829767888,8550.776248250315,Low
567432,0.0123415389150943,6.391196578758982,167.5862175707547,30.743488106086435,1026.485749412402,934.6874980003192,Medium
486573,0.0737239583333333,7.40643399463548,81.83936848958334,59.10330555447621,3469.354880007267,4508.893042541493,Low
56127,0.076875,7.675305525210445,112.26728717672414,66.95385094349912,4640.318100409549,4166.8804773273705,Medium
332901,0.0917009493670886,7.621970851569872,91.82941455696202,82.38000819549708,6648.751216446693,1616.0688007480617,Medium
546659,0.1291145833333333,7.790535239586687,136.3949888392857,74.31537130126056,5704.035525007778,4190.104396073474,Medium
441543,0.0707040942928039,7.682938658041039,116.23777915632756,58.06199577290096,4395.863664193094,1400.1394182881234,Medium
134322,0.0557389322916666,6.8126847288028936,169.18345052083333,75.52956390905366,6034.78505744394,3515.46584364996,Low
67896,0.0900846354166666,7.639936142958667,124.86097005208332,61.32433441127659,3829.372581351072,1308.5354353271482,Medium
190841,0.0946062646370023,7.593628859553812,143.29711285128806,87.10088212535888,7700.878597074421,4496.977079983162,Medium
292446,0.0583509547609893,7.67758104149348,107.36838929471573,52.62231946897981,2688.8488761547023,1130.7428042603613,Medium
398438,0.0443963963963964,7.42968843293572,93.109003003003,58.89533041057808,3636.389100848416,699.5939214911848,Low
416104,0.088251953125,7.745501494217147,101.90916015625,62.40697731130073,4606.65517453018,2469.7154488905167,Medium
376093,0.0668489583333333,7.6297276563544925,97.676611328125,55.238482666461294,3144.170320849108,1413.787880833933,Medium
553221,0.0265807962529274,5.942575876217117,109.87942037470728,34.146299716432765,1382.191400052796,495.6002625114742,High
95843,0.0454758016627078,7.353102549236365,93.11417013064133,74.9756720712313,5802.821674053298,1937.4007447270635,Low
133087,0.0966018356643356,7.038673568512856,66.66813446969697,65.79149089299955,4260.694598741388,2794.739288994928,Medium
122969,0.097027027027027,7.585827718740268,81.49693093093093,56.98533289149928,3420.5000154840604,2567.3002401571302,Low
411953,0.033024,6.798104485645527,47.11581866666667,45.05659403501836,2688.581199570044,1178.994050885945,Medium
553094,0.0075447476525821,5.010746412549453,204.17039319248823,33.83580978734095,1125.3879336876396,228.16602469740263,Medium
368982,0.044931640625,7.647110963776233,121.00998046875,64.48574816807582,4583.750216284978,1816.3983026631568,Low
318908,0.0169549549549549,6.88014292852502,56.90675075075075,49.02930386932746,2499.978148926308,286.72559881308337,Medium
33221,0.1059039039039039,7.343248058543434,155.2353993993994,78.90854240575123,6435.666230247846,2717.0196255170845,High
25096,0.0639306666666666,7.395126956044351,120.91904,48.64679081034089,2618.483320058197,1538.8541541710506,Low
119828,0.031888,7.414215127522975,79.02172266666666,75.595920402222,6224.418298187985,497.7582222441529,Low
322895,0.0233854166666666,7.669942422909775,126.48876627604167,69.30581030875727,4921.690637089188,609.7610915078056,Low
157928,0.0665266927083333,7.467130738662134,101.63454752604169,81.325432987529,6694.380226083752,2277.3741211995443,Medium
554156,0.018384929906542,5.882291890935689,46.13894202686916,41.99728244353884,1973.0843461899333,409.6076734654432,Low
159458,0.0168717447916666,7.171200698241199,142.50696940104166,41.01632650505303,2055.102828500391,402.00367099503416,Low
548555,0.021875,7.583056054580426,137.86669600938967,61.26853769965135,4059.516026859043,406.9580011785305,Medium
489339,0.0384866490610328,7.280810094547204,154.57618838028168,65.963547477822,4653.130822535084,1865.1812939429983,Low
311518,0.0872218969555035,7.7168337368734115,139.75616217798594,58.93115462261049,3961.610481820672,3517.01607129467,Medium
356125,0.077197265625,7.697417565635058,117.771962890625,76.75849984989908,5769.200086991088,1922.8184707734745,Medium
330790,0.1095363849765258,7.770771675853476,111.490713028169,72.71619211278606,5395.481926649194,2157.359269114665,Medium
6614,0.0725252525252525,5.444217701510295,215.40890909090908,54.88631211879549,3012.5072580018364,2165.9652665866747,Medium
41635,0.1293619791666666,7.748335582729509,105.566943359375,74.70965486672647,5581.524157640015,7198.048822919623,Low
430377,0.0266123291571753,6.706359710334594,179.83128203302962,67.59093262455708,4306.370283766576,339.53774408584815,Low
338625,0.0960872395833333,7.669753946445812,133.080830078125,63.8946958256279,4062.120558475208,3687.4381738076113,Low
69224,0.0461813333333333,7.611569940621458,89.28946133333334,66.65620306320464,4400.403224023884,903.008359200313,Low
73946,0.0486674941588785,7.437897763535037,83.9554577978972,60.829200899125006,4328.752944292388,1803.483206696788,Low
193926,0.0749672431865828,7.410483960798021,90.3082743710692,63.88967040097862,4642.443940465772,2003.4947765981465,Low
94336,0.044547619047619,7.144188524072371,148.0062380952381,93.06817999591932,8456.214626308745,1050.6945238095238,Low
482436,0.0409678927680798,6.474081143408513,51.50779301745636,62.77393280419261,3938.518926709495,1092.1539939086776,High
383921,0.0929069010416666,7.716269842857558,100.04319661458334,60.15161672581687,3664.1720428110057,4722.35882216373,Low
261318,0.1046289519906323,6.580669961365091,76.9302656615925,86.84967240002733,7762.4521432983165,5751.723938811974,Medium
401446,0.1038053385416666,7.6104132425133635,112.21813151041668,51.05740689510677,2817.195793617259,1685.090989320278,Medium
347335,0.0440787760416666,7.175614239823156,122.67877278645834,39.22474298406328,1877.2142901767768,579.9686373451127,Low
531495,0.1010238299086758,7.573118965850259,108.64086401255707,52.70842575284966,3699.87319364185,5037.023751402303,Low
463174,0.0415434718969555,7.113389091140752,74.65861753512881,67.49529724937878,4738.232165343407,872.0713487500617,Low
283038,0.1639074733096085,7.65994958946951,103.86887544483986,60.474598490430616,4592.614812775978,6310.742743861703,Medium
192047,0.007734375,6.323225403296988,127.4390625,21.26454092341506,487.8217526975738,174.26268549040688,Low
447169,0.0527018229166666,7.6957296686040895,122.55126302083332,60.14078894143748,3666.354710798893,1098.2133470878491,Medium
42528,0.0283364898989899,7.684285836341361,114.87224116161616,82.60324311816584,6939.801009175414,1015.2235022691302,Medium
312720,0.0161482728337236,7.497528396181361,146.3999451112412,46.81038623231278,2187.2080186965923,646.9888597629358,Medium
414385,0.0341536458333333,7.326154827159846,173.80884765625,46.95569883932953,2610.6277624286754,718.8076951425764,Medium
579970,0.039172619047619,6.607266494113124,40.5502619047619,52.714408303504165,2784.729324953172,1358.7954592232145,Medium
442480,0.0542941176470588,6.606825044072684,49.1013125,47.422653944089554,2206.25658869474,3164.512278827841,Medium
375493,0.0237760416666666,6.420955798519342,38.43017252604167,44.78649190544842,1907.9028209538108,1450.6426886746617,Medium
212559,0.1292524857954545,7.772799947250575,118.18429214015153,67.4539096953422,4635.748019160693,2571.320279235805,Medium
163314,0.0912688821752265,7.462780727356525,82.38323867069487,46.57736212866167,2353.346258530244,1336.1648471167296,Medium
370270,0.0655403645833333,7.761095069016073,112.12555013020834,64.46637362968139,4418.922099341637,2007.053541305023,Medium
50679,0.0267527810304449,7.419149057952786,140.70999707259952,70.47220229585962,5494.630683392707,884.6014424268767,Low
183716,0.0511898016997167,7.429714871491222,72.93882152974504,52.501861151140034,3365.454623365107,1011.2671176296736,Medium
458663,0.0653235294117647,7.271750147662939,94.94054044117648,41.92283717809261,2197.5687870237257,1404.3784872664226,Medium
88265,0.2014234484777517,7.638339403732764,153.32629537470726,73.31697244088528,5649.572517020362,9719.35975163881,Low
84664,0.0207345465419283,7.506795989298075,122.579883805374,51.23137111368763,3110.080972376305,458.421081060842,Low
320554,0.1312533333333333,7.6215559102216925,141.14626133333334,74.78120672750856,5714.730282734279,3771.354024338176,Low
225184,0.015406181619256,6.261723085346565,122.7773728118162,26.82369242718642,890.2797406361415,2452.5830560773984,Low
152740,0.0649735649546827,6.894483811027893,140.59774830060422,39.14507498295011,1439.1609273459508,2783.5308682362697,Low
525247,0.0510428864168618,7.372939628850053,122.09438670960188,98.26571097719676,9529.362359592264,563.9076769534206,Low
38210,0.1575204439252336,7.542942589530657,145.99978460864486,75.6075446417784,5833.930910576426,8571.280743527072,Medium
145781,0.057392578125,7.702669145354664,103.04506184895833,72.20703805780161,5304.405988780996,4600.408734408051,Low
450399,0.0712727864583333,7.579528585572067,110.26587239583333,48.81842569019543,2564.739111449076,1843.860818279648,High
252216,0.0624931768558952,7.2828078129644735,113.93913755458516,57.87825710386105,3862.6506707440462,1997.395309976133,Medium
577182,0.0881220725995316,7.4337549046682305,93.67850556206088,45.755982869096,2313.744666331598,1714.5367890877244,Medium
488166,0.0724896121883656,6.82540935656646,116.1008266966759,89.17086319036257,8245.230262381685,1929.3896706251264,Medium
138856,0.0908072916666666,7.598697968706313,87.86848958333333,76.74430478536812,6179.800531351369,3778.189815113279,Low
116825,0.0293315972222222,7.892809619137147,127.10715277777778,67.67067518826003,4753.962010032371,459.9332560736762,Medium
62353,0.2053255208333333,7.799870377445812,110.62096028645831,81.3428397718617,6630.7794712703535,15973.96227235793,Medium
114884,0.1373617021276595,7.443118901439995,147.9928632218845,71.09616953765217,5280.766421116817,8645.913302152936,Medium
521052,0.14794921875,7.80214060477565,97.59670247395832,62.73323832146876,4100.738438181634,11820.480417359153,Medium
479248,0.0623990885416666,7.422928912698933,85.12793619791667,49.66776330535074,2386.3934284965057,1265.1585401685925,Medium
377000,0.0189664373814041,7.824441976604429,114.8340755455408,75.91983319666586,5799.002341367778,679.2631968781053,Low
496722,0.0708723958333333,7.106052975089315,134.00016493055554,71.33656522546654,5434.684291581431,4262.886673306991,Medium
206411,0.012568359375,7.310843504097964,101.98916015625,46.68663507061242,2249.5872949930085,169.84175449446573,Low
348045,0.0804820365646258,7.486075772352963,154.39201211734695,49.46152040116045,2432.190749079046,2645.3818814100614,Low
508602,0.110065268065268,7.851974531176777,116.1438787878788,75.83299217463203,6079.181964052619,2457.587123240495,Low
532761,0.0165104166666666,7.581128275780106,106.69983723958332,61.05214285435791,3990.7630465411535,342.71263553821774,Medium
407083,0.0409309895833333,6.948473947903685,77.49167317708333,69.00690651528913,4708.2508422365645,777.1016845964962,Medium
403385,0.031512964774951,7.461057535249732,133.80980919765167,56.568184771038965,3264.5747796185865,893.1003633900265,Medium
160864,0.0682961118251928,7.540294218448547,114.79331619537275,50.32561164070001,2756.649502595676,2177.59625554516,Medium
223182,0.106525906133829,7.865609862866155,126.79294842007435,70.55930447139566,6499.140326213284,3320.2703316570733,Medium
203931,0.1616238317757009,7.849362693064322,107.41403329439252,64.08050498224297,4916.096594907145,3348.30654623283,Low
420069,0.0609819474835886,7.52326849529841,144.19757248358863,52.26229691407729,2805.177619642942,6771.557249372556,Medium
310622,0.1090975467289719,7.833273317637271,122.94871860397195,75.29984276880644,5683.431386190186,5295.289175482997,Medium
405970,0.0441342213114754,7.25830013719166,93.99195330796252,57.67364960193247,3681.771890106937,752.1007410025283,Medium
393469,0.1125520833333333,7.5562533138312915,153.77631510416666,72.40902277790185,5278.409975716238,4671.822324645477,Medium
232684,0.0181096311475409,2.462665775408667,23.020985802107727,65.3498995412153,4281.9309149675655,1129.3352641657427,Low
376307,0.140576,7.729005869856715,113.62483733333332,53.371954729428886,3521.587919481088,3061.170466626304,Medium
482970,0.0533246527777777,6.8783560705685245,53.798511284722224,63.78405923264409,4528.325920373447,3320.665402692159,Low
439522,0.0245035046728971,6.121569665385468,175.53045049649532,89.84646837643758,8148.942857417329,2071.002795522056,Medium
405195,0.1012630208333333,7.692201761113706,100.58493815104168,66.42884742252794,4495.874471890167,4199.173357393382,Medium
391648,0.05603515625,5.891414237318855,44.024375,48.62654431593278,2378.8473599927725,1104.005543608337,Low
451714,0.0689290364583333,7.182812533909945,137.23466471354166,67.28201497125372,4514.484891902856,1532.6835775237612,Medium
89271,0.0612655057251908,7.5955317815379875,120.75421040076336,61.28432682490119,3939.70692710163,1798.1828482473657,Medium
203864,0.1929003309572301,7.497890872583673,118.36705384419552,46.188159236758345,2307.737678376528,8123.221092815396,Low
8532,0.0229790199530516,7.650068506342207,118.25113336267606,68.02511694347774,5038.953825354801,468.4229603740216,Medium
502347,0.0443786666666666,6.495616864380657,114.043552,48.94576156546444,2875.2530261140005,2659.794124750934,Medium
93353,0.0198372395833333,7.510286946273508,95.148759765625,68.2355465566995,4451.49352955888,76.51172151174545,Low
368752,0.0488671875,7.703446133711208,123.11459309895834,78.58799442517049,6490.251932103125,526.3787763645489,Medium
447789,0.0957991803278688,7.050964244073379,101.491031176815,47.16153858461298,2949.467582234654,3966.046611799404,Medium
42563,0.0587089342948718,6.761725461109413,128.3443860176282,85.03440358291432,7322.346712560092,2046.0602963100275,Medium
119452,0.0579264322916666,7.214163186524152,127.663837890625,38.1371058254208,2306.668420708342,1648.5155116237645,Low
197658,0.0414330970790378,6.873791031347663,113.24806164089348,63.7741940731789,4482.330818666423,1908.1453169559463,Medium
519569,0.0299809272300469,7.394271951064056,143.8416776701878,47.10488025720638,2476.958143530119,885.0118467885712,Medium
498286,0.0402506510416666,7.429815401570634,98.72788411458332,52.787599305565166,2846.9967670416936,1757.4967345172458,Medium
78915,0.055454132016632,7.341130326155562,136.10655210498962,52.5793957114352,3066.777461299756,1691.83015053851,Low
229659,0.065888671875,7.764982929478692,123.67656901041669,68.43628415357708,5274.633112582281,990.73672645056,Medium
289586,0.0582159624413145,7.755130047718418,117.71729019953052,57.16939765486743,3086.5358153223992,947.2588394797536,Low
482319,0.051953125,7.619369980793393,106.31645182291666,54.10959883762559,3148.8194493218034,2337.042861173746,Medium
166509,0.1142912443693693,7.213116827839084,81.11858460022522,46.76133813762383,2162.4510709766605,11001.428306115537,Medium
537355,0.0850138726635514,7.621438968320111,97.36702321845794,57.79757815513093,3603.021073115736,6908.3729078524775,Medium
532129,0.1060011709601873,7.856453647999354,120.44337309718968,61.39002305019505,4936.188274065985,1708.2708915037638,Low
261706,0.0790201822916666,7.614735956937155,86.91022135416667,67.80695676040366,4543.840038281996,4060.796640053261,Low
92939,0.0582473466981132,7.824383754241015,125.14456441627358,69.24054234666937,5175.943461970714,1250.354918713894,Low
576654,0.0231630562060889,7.845597845593979,105.6553973946136,66.0619124467557,4446.025848724868,1546.6200987704146,Medium
37777,0.0467144268774703,7.2211180402471875,170.61954051383398,44.09184083756312,2488.1360830682643,307.68735606256905,Medium
236721,0.0469270833333333,7.636066916022709,93.031201171875,63.01465474025664,3892.382408951134,1035.2639924705402,Medium
313034,0.0352994791666666,7.590105201708442,81.75914388020833,56.707338206166206,3291.648148420203,810.3013532205794,Medium
131386,0.0142674180327868,4.879189198093557,190.59615778688524,69.70602547961545,4855.069478087004,625.9278393521614,Medium
154947,0.13548095703125,6.662349444217727,182.41611572265623,67.69809974823345,4583.032709521764,7536.598863632672,Low
198915,0.0867226175742574,7.165585378801465,110.10176361386138,40.56476019251562,2429.203699548499,4291.061700660475,Medium
458045,0.0841706666666666,7.360780415499923,112.073664,46.195301957541496,2119.7083093638826,5522.404083154489,Medium
442306,0.2221240234375,7.701998269862524,88.5115087890625,70.72117341716623,4624.584854488806,10025.595669149585,Medium
166165,0.0497019830659536,7.095578335034689,127.59126281194295,49.989784038545,3183.576671020528,1340.086090555175,Medium
283520,0.1126540492957746,7.412926142110999,95.98314627347418,47.24086202364552,2367.851264701689,5426.267465698791,Medium
249786,0.0558338200934579,7.348815981567647,134.69797751168224,68.8635880813141,4988.302625207224,3714.6533695824487,Low
61108,0.0611881510416666,7.354395709585697,102.17999348958334,42.69144783477277,1931.5386671928336,1324.4500430203648,Low
177489,0.0560015690376569,7.819510667050387,112.50834531903766,69.78952439583959,5085.869203354333,1057.9142016029152,Medium
329614,0.0690865384615384,7.4418598904845075,87.08695192307692,70.54879780730059,5074.937720824303,2038.231530476239,Medium
165518,0.0052837583835277,7.364700149870891,114.55026645734549,42.83809246363392,1931.917369159836,90.00313432624239,Medium
553511,0.1758918918918919,7.778577974272453,119.44234234234234,59.48249847260505,4063.876846006306,6462.308940371398,Medium
72852,0.0508365271226415,7.715421299947208,93.99526090801886,57.57513983696606,3444.857014473309,3715.517318073394,Medium
100238,0.0789127604166666,7.486342037187855,134.59275390625,69.07091862975842,5003.538414976328,3273.640851065912,Medium
574520,0.1488721804511278,7.774956243889058,130.9951911027569,72.6756013378587,5640.824518280198,13546.954017343576,Low
476215,0.0490984107579462,6.397230455725541,211.32716610635697,58.854631403262665,3506.8571481648573,3093.6612610233765,Low
292488,0.005300029342723,6.5433272338774815,56.27012177230047,33.08037756564163,1135.1955547450136,47.50777354016024,Medium
29397,0.0325341035634743,7.337680023716625,124.90389059020043,41.4012375532844,2363.8710694496226,1214.1458423706897,Medium
176037,0.0998948665893271,7.307037327512037,77.07224115429234,46.30450484382308,2185.241449837257,4720.210823290537,Low
397681,0.14996337890625,7.7612015007181085,134.37996826171874,66.54583973278254,5725.967126178674,6076.416489391082,Medium
530624,0.0509054654811715,7.723358179039374,137.3788245292887,70.83976948523181,4975.559682536147,1238.464422853022,Low
185950,0.0464866468842729,7.3855202998433,154.69436201780417,77.0376344748668,5942.813564797224,1487.7918885426482,Medium
357816,0.1025890109890109,7.798788808970756,140.23973626373626,78.14869885748102,6357.998704972469,3525.328061756309,Medium
226058,0.015810546875,7.308186619840476,98.04221028645831,44.84798069688971,2172.4177890213364,239.5629443674617,Medium
165351,0.0294972019308812,7.604623128439663,143.2134435473536,58.42481371719264,3491.8437915590243,498.0368959735962,Medium
252219,0.1079256717289719,7.7481596927593905,100.15518034462616,65.03336914032454,4902.787060768446,5651.779712824393,Medium
163640,0.1021368982494529,7.853360976864487,100.56439414660832,69.07892662107858,4945.355481152278,7037.989548592636,Medium
447611,0.0341497005988023,7.362423859012758,151.9541377245509,59.55658255301597,3934.750934121947,588.4355405829898,Low
410496,0.0593786592505854,7.277305198722477,92.32664300351288,45.3253076752154,2682.957020580221,480.2526200469322,Low
263644,0.0445461152219873,7.609031645657613,115.77127378435516,73.45560245368718,5660.4512453343605,1408.0227749076862,Medium
441442,0.1056791666666666,7.158617433160859,101.51742916666667,46.792539874330565,2403.051496537239,1955.092545313733,Medium
415727,0.053544921875,7.900824682573157,119.473603515625,66.33757335901814,4404.495887606238,796.0766634067854,Medium
77595,0.0471764705882352,7.454592033166129,126.43564705882352,49.49818473966991,3144.0020119730884,588.3556963637408,Low
61471,0.0388834635416666,7.307639358218293,145.21403645833334,56.60322557439421,3324.3178401858786,1027.6867504708928,Low
429011,0.0651375728862973,7.713512258977866,113.13913538629738,65.78333610823802,4509.376051956533,2057.649880131039,Medium
131938,0.0501619870410367,7.404734152194218,112.67194249460044,46.1662680966159,2323.8040755317893,2387.405994164851,Low
289393,0.04533203125,7.800524631835051,123.89373046875,65.17818547439506,4389.1492122406535,502.2213145533244,Medium
580197,0.0114680989583333,6.547485871380591,50.39630859375,32.319054431438275,1039.6505425426694,365.29003399987744,Medium
253002,0.0602934718969555,7.258342521697346,85.73003146955503,65.29792361775367,4743.458637606554,2110.8296958936603,Medium
60770,0.1788586666666666,7.425670531464985,137.58008,44.11906633033236,2024.7182721825657,8555.828648398934,Medium
48504,0.110099531615925,7.437725981617953,89.82984484777518,47.103026319977765,2410.2833678683764,2370.707256685492,Low
162366,0.0540049889135255,6.508316478390983,87.87876247228381,80.14225835122706,6498.45065053385,1009.126399627028,Medium
375469,0.0886136049723756,7.482687650717553,157.55710462707182,47.27725344688983,2272.477778873289,1990.959719230755,Low
462629,0.0694835680751173,7.340668495495567,142.25801789906103,89.22487583540577,8010.512467220371,3988.5555603838025,Medium
379453,0.0033885465080567,3.813874921525922,126.60410822874223,5.250248269503186,185.2109130951882,40.49071978948784,Medium
532530,0.0579222775175644,7.59134162400079,89.24332918618266,68.02232767357205,5088.694088895037,1879.079668972888,Medium
315001,0.1462196791862284,7.675834604635972,142.85212490219092,72.30569968811695,5065.86601836536,8526.032459435059,Low
121506,0.0492705796915716,6.947368337690332,58.69765635012175,63.54327273424944,3928.603893883262,774.9307958477509,Medium
58393,0.0737268518518518,6.394425675974009,136.45349794238683,90.0232795501474,8104.190860963987,2332.257767405988,Low
370486,0.1001002078384798,7.737719282701946,100.75234189429928,62.71226629659717,4179.275792059957,4080.112760269395,Low
137106,0.0088078161592505,6.654104643452095,139.78882830796252,37.87677236390858,1487.1307263125143,55.48641320192,Medium
32285,0.0166445035460992,7.59001879782458,114.38627364066194,59.909625920206814,3459.987702117844,346.5997924838117,Medium
198928,0.0634309895833333,7.396547949411492,144.6538671875,78.5602110555116,6317.870407849044,3724.1710833523966,Low
373382,0.0413053385416666,7.487557781731478,107.58440104166668,68.25530970955666,4644.565791330178,255.8037294758691,Medium
221017,0.0308951822916666,7.582442948734662,120.97195963541668,53.02512991535275,3216.677876117816,1790.9389895006711,Low
458755,0.143828125,7.895395293373788,104.51025716145833,68.76140330806814,4819.653063037781,5651.154195903937,Medium
393569,0.0483235677083333,7.585162568140253,93.56361328125,58.52542841414134,3750.0766282448058,862.3001644388411,High
457262,0.0160675381263616,7.285772800126735,89.97112755777692,46.19256075720749,2361.627458653929,320.6629608260059,Low
24919,0.0293860294117647,6.856097586883747,145.58107720588237,45.84034674521977,2540.7734828345406,833.2454007167903,Medium
365387,0.025172794117647,7.456600732200125,99.00846323529412,47.71982787575093,2311.277330340375,443.5263476559121,Medium
402765,0.0069813333333333,6.5689645925860445,116.57274666666666,48.27350659097758,2446.920406170491,36.457449638570665,Low
426376,0.0152335385438972,5.590775582916063,201.45345289079228,23.873105272853923,555.3775374993689,1066.8735021508924,Low
255747,0.038681640625,7.497941095696458,120.826669921875,51.96824700640183,2672.4185488593307,326.66282820586093,Low
563349,0.0195440573770491,5.726427509471065,202.55327137002345,43.81757371288205,2066.874557611409,685.7074715878903,Medium
285349,0.0777973333333333,7.39867369620876,84.24613333333333,42.8726481848535,2369.9282352279606,615.4465219225316,Medium
64898,0.0395418618266978,7.581394316425431,139.22479142271663,51.75269666795409,2588.048407975752,1091.9187165983583,Medium
515828,0.0341382575757575,6.371156338401926,97.14905667249415,31.08991015288849,1169.1089455097854,1073.3920125044822,Low
338219,0.1070947438162544,7.496501793044326,101.0622543065371,63.49647031311076,4256.674277845325,9793.000239319206,Medium
139871,0.0417630269320843,7.4632818219427906,144.74500146370025,60.55423536559071,4122.327741599676,1546.672676302179,Medium
18833,0.0375733568075117,7.735025763695951,115.8169454225352,70.59157649719758,4986.946090778534,651.4315774451043,Medium
578922,0.0508178302675585,7.399744138250197,74.28017872073579,49.2763845858508,3613.55435461224,1398.5962805296278,Low
571893,0.0630950642523364,7.549473915446385,124.3528804030374,73.72774135500266,5064.218383951193,1797.7402177545948,Medium
546626,0.0187916666666666,6.4991471428370735,41.97314166666666,53.60444465679375,3002.8711334052546,212.492115234375,Low
451155,0.0073860677083333,5.781529648485023,37.20768229166666,63.08338561969239,3980.636294691185,131.50786736678018,Low
504074,0.0569123243559719,7.26062198204229,93.93004610655736,82.36572911824406,6855.973897714226,1539.3704544683044,Medium
159399,0.077265625,6.903934464159404,122.65492513020833,66.4120579481796,5136.363764424794,8056.173660751979,Medium
419379,0.0275870901639344,7.434275892916293,110.28138905152224,47.41646241574436,2349.9843119053817,405.83573018608735,Medium
34205,0.0765295667447306,7.801212617483678,113.2317293618267,58.5756337380014,3980.104955823012,918.661636380655,Medium
338986,0.0561298076923076,7.176165913532387,85.07960995657568,42.680919581012645,2082.880808744238,1814.056106652162,Medium
50638,0.1037333015267175,7.573240312754721,115.24293097964376,51.15909335107011,3076.40770585811,1701.0845221700754,Low
193181,0.0923965669014084,7.649797556095414,129.71536458333333,54.73278552359055,3263.85772767112,2843.6958722234053,Medium
580418,0.1141501168224299,7.752906544464424,130.44697721962618,71.23977653271069,5401.27182966754,4631.162094153315,Low
281929,0.0970269097222222,7.660609042151245,122.9326419890873,60.17115323824523,3907.1043197829663,3788.422196800557,Low
128748,0.0568387219959266,7.558373332927156,94.51594959266802,58.6189879641264,3988.20568941232,1386.8439432295054,Medium
433243,0.1400390625,7.819251497753347,95.59192216981133,70.43339175097157,5040.896778801175,4595.108995866677,Low
14007,0.0255098298122065,7.730882095863042,106.91025894953052,79.80218090360854,6413.05633861808,745.0013199165794,Low
216739,0.0469152517564402,6.680152965016376,159.9762807377049,67.06135360467465,4982.0538194263045,1850.494904283389,Low
493284,0.0450856264637002,7.597279063661342,100.39073843676816,52.18171962613256,2645.454605393333,926.0342545853216,Medium
13291,0.0873970149253731,7.644860071562737,106.48820298507462,51.45007281018874,3435.8055196902296,4079.6810078402855,Low
480122,0.0563525390625,7.707764744204553,113.14400634765624,65.44397403328661,4311.6103437373695,969.5029807445944,Low
121586,0.0609799947698744,7.430569848420916,126.01757649058575,53.97074406560283,2941.6453045973326,1401.3027383720914,Medium
158227,0.0645266106442577,7.567171829239768,109.29132773109244,49.56413350229951,2725.73638695655,713.325138094736,Medium
449432,0.0657128220140515,7.090586381664187,159.94283152810306,86.49187612149038,7502.106124594531,2578.919338734374,Medium
289059,0.0460611979166666,7.356178272741171,106.967119140625,58.3754692742569,3639.610490500157,770.788102775987,Low
342128,0.1033875512295082,7.625584225906989,94.86351498463117,58.29377041197158,3883.620308007463,4223.982533864413,Low
423617,0.065849609375,7.617454642348052,90.05595377604166,61.17078697974893,3887.341269162464,1939.7870534584893,Medium
356427,0.1370133196721311,7.813456032204836,105.91253293325526,62.38992855063403,4306.30486501414,7643.552316242205,Low
19221,0.0333257060669456,7.419658982342367,76.71341200313807,68.00241982667562,4466.787319851231,232.7691641986792,Low
399296,0.0433235677083333,7.730255188551924,105.244833984375,59.554935475770776,3686.47910598568,1191.2178530756528,Low
153527,0.166768,7.485580431782181,77.92726933333333,60.328801885308415,3676.024361530624,9742.210069287825,Medium
271728,0.0380049765807962,7.426851301905426,101.44419642857144,54.10307301344089,3571.8342051371183,932.3490029438624,Low
347930,0.0381705729166666,7.184734209203144,98.67574544270832,40.04597389248638,1609.6010719781489,817.6190306485388,Low
73702,0.0747878502155172,7.77892042092715,116.71769261853449,80.58148349150119,6782.547288587383,1582.0741456598105,Medium
564127,0.0288770443925233,7.0644358154404925,75.66428884345794,42.3081218949315,1861.7533910636184,687.4230603558183,Low
31248,0.0915195195195195,7.807776389573025,110.16414414414416,59.60885064080637,3651.589872910112,2806.603777283987,Low
1353,0.023744,6.946148211572774,57.50376533333333,39.94759115585818,1936.197702836679,211.08923683771727,Low
557172,0.0223990885416666,7.369921814230433,113.40513671875,52.59265600634389,2731.0329039315643,313.6816829257541,Medium
399462,0.1591278640059127,7.244658809978247,129.0890317812269,39.87112568190639,1765.0437125407627,4738.232598236489,Low
203317,0.0933711583924349,7.567693881117452,119.32868557919622,51.55946195501137,2941.0631585382653,4877.677740977729,Medium
7977,0.0723302738927739,7.57419753619854,148.5970643939394,63.15470409484653,4155.141607777024,4676.848700484666,Medium
225532,0.0339413333333333,7.320614177339275,111.10717333333334,82.11890355987848,6671.70291672413,284.92281875865604,Medium
267537,0.1013663563829787,7.470723945962315,96.63340425531916,66.97272673392509,4430.100592593314,2589.488674585812,Medium
295420,0.0484309895833333,7.42190553984662,110.32577473958334,94.71377542329115,9218.726130339412,2014.470237443447,Medium
479099,0.1503190104166666,7.541889986023428,90.34954752604166,49.54579499365289,2492.1403262457675,8964.625341003248,Medium
563267,0.067712,7.687162720834956,98.41565866666669,60.41513431698627,3764.543964896237,1740.0062431542326,Medium
287527,0.02090576171875,7.348162662674365,142.7390087890625,49.75770584356132,2727.4178671411096,288.9489969203711,Medium
329827,0.0254793618266978,6.9470058079803225,156.01159616510537,85.80516111646976,7468.797567789341,461.7810808641569,Medium
124975,0.1317316176470588,7.566748774403381,130.05875735294117,59.51196521251696,3440.6373257605924,7554.8761284471775,Low
322864,0.0711065573770491,7.310995608239503,88.49126902810305,50.11168049889692,3195.3009610425493,800.0514705032159,Medium
44877,0.0328307962529274,7.289766743693515,132.63418471896955,62.76966856599677,3975.487782889448,759.0121731655072,Medium
323828,0.1710187353629976,7.638065991326986,87.55542666861827,57.461174349018016,3345.4130856806914,7788.854024766389,Low
116362,0.0230119825708061,7.201595155294619,128.8323294459396,69.63665898166391,4681.173534787621,237.8970745963937,Medium
477227,0.0955283957845433,7.442981010036788,106.5694781908665,47.92727366799656,2431.674159958335,2129.442583445428,Medium
522751,0.072695895522388,7.3837738303951905,147.40076026119402,49.32340826592156,3604.4327494342506,5559.7622836142655,Medium
131431,0.1244742647058823,7.350467955638921,124.60114338235294,44.08880641272294,2307.2535181025764,2832.0468716433825,Low
33854,0.1258050351288056,6.925380311987018,137.95544862412177,95.41803383232472,9106.443040139728,6383.065165143808,Medium
47769,0.0467306666666666,7.484066790066141,121.73448533333334,52.18996683234992,2735.70196870932,1020.4108617066668,Medium
418696,0.0383855386416861,7.370165931709844,77.5217981557377,49.58377363592428,4160.474782395008,1223.131108279439,Medium
443498,0.0389938546025104,6.835694360918274,60.77689918933054,62.63345370670662,3922.949523230161,1757.8114118946166,Medium
177065,0.1316600177304964,7.620059064818324,130.08124445921985,67.72968914624303,5610.989512271713,8229.99828667768,Medium
336587,0.0665169270833333,7.406846976738953,112.17547526041666,51.79093674578496,2841.0226198331443,3713.4829478147726,Low
474021,0.0519413333333333,7.530126950246807,99.941632,51.75570302723404,2722.4977955213367,1011.0221107456,Medium
472678,0.0815625,7.696623302863742,105.75368815104169,67.83327104416526,4770.880293554807,2774.9292322575884,Low
456496,0.1082893192488262,7.740873283629985,112.26668867370891,75.39276371067056,5684.068819933006,6837.393524288121,Medium
2685,0.0745129504504504,7.746621545848448,107.76277308558558,59.62463490616005,3736.4256981624944,1999.8653671364489,Medium
570471,0.085584,7.831112546889389,115.16496,73.88547778960626,5776.819790846559,1448.8963221138777,Medium
515445,0.0458040364583333,7.672839174304402,106.486240234375,55.60554376019325,2941.735820154176,1561.8270701110737,Medium
231339,0.0491569010416666,7.4857535127799615,112.941142578125,51.57198482205413,3082.650195224854,1899.077399006992,Low
335177,0.0999967379958246,7.838715578522643,135.04699895615866,72.02686626428962,6191.847808340825,6744.481867771663,Medium
206218,0.0422916666666666,7.36068236819519,85.033876953125,64.81842870169915,4239.518855240384,1049.8687820847829,Medium
284725,0.1125951405152224,7.66782106476809,126.66435158079624,63.03847823099531,4073.178854922718,4710.811084712797,Medium
140987,0.0510257352941176,7.8444847879363,128.45810661764705,71.75595913521819,5707.06678952957,653.1855734048443,Low
481386,0.1025761124121779,7.722262058854064,130.93103044496488,57.05120298155948,3153.666093010232,2715.200570075235,Medium
76731,0.011537869458128,6.926127194856612,79.11930033866994,33.224224171082255,2089.7715755508902,325.41320427717204,Medium
555012,0.0058281983568075,6.555837363280291,181.70056484741784,23.74406204440893,591.0008170125872,128.28676834654996,Low
291551,0.1490581191588785,7.704093566348395,109.59966048481309,65.48542264417249,5056.960730073321,9300.068105198026,Medium
134856,0.0044368489583333,5.667960528839506,145.36675455729167,19.82166584972735,396.2169578160321,189.91588668517008,Low
232348,0.0434667579681274,7.239663139677933,127.06295131972112,38.5641368863574,1668.6197385609782,560.6222372944414,Low
121591,0.053545,6.347262267431597,165.479745,54.058860325898245,3019.5892513040167,2908.1773523919005,Medium
560312,0.0298419117647058,6.902859961212838,52.56009191176471,60.07883404932927,3648.535071796186,1384.6579914444203,Medium
235241,0.0432742974238875,6.65304904033222,138.90555108313816,57.00466115473193,4312.611435265192,691.692670317494,Medium
390826,0.0178841145833333,6.989061560219259,105.18940755208334,32.70841224440659,1338.2076036181877,1272.9646173247866,Low
241297,0.0836521612149532,7.356109354829032,124.19337397780374,63.09954487495482,4761.753821185342,4828.775583805028,Medium
270883,0.044139631043257,7.317630846761304,91.25842875318068,65.3807984030576,4310.332084278499,1506.0387145594989,Low
44279,0.0684338235294117,7.737052677961302,89.4226911764706,68.73955579358035,4811.713667401416,965.43132939272,Medium
5193,0.0620992647058823,7.457943700886444,96.42996691176472,49.237488704197375,2489.2956363397,2226.619673132556,Medium
393093,0.1277048938679245,7.57766770450349,127.38849867334906,86.44348542832252,7676.181891945648,4080.4514107631976,Medium
293390,0.0324576822916666,7.503328565884905,116.29893880208331,48.414444151716665,2535.625972506325,1353.9978136800023,Medium
452515,0.0316517857142857,7.050324723480434,136.48617857142858,53.114873707541776,2967.233046354273,289.862694026706,Medium
170191,0.0196533662900188,7.647730965701305,92.62063029661016,61.29763258845518,3822.059267569521,662.379749416773,Medium
360960,0.0209507042253521,7.344247247041529,110.22086267605634,76.98897755398129,6293.472521655302,197.43566375168064,Low
253386,0.0261081081081081,6.46831375391317,38.79151351351352,37.47235295638179,1325.8720328087609,850.3695451307165,Medium
572900,0.0378190104166666,7.29582361749557,133.88220052083332,44.23255383306744,2125.950713956024,1287.442699336995,Medium
407518,0.0303461651053864,6.986371305855149,146.0398638758782,38.700690359354105,1651.3123629257825,326.63075529898,Low
167572,0.0756066176470588,7.487814944164402,72.13760294117647,57.76059686953293,3523.8387432080312,1482.0391390522816,Low
205333,0.0190072408536585,6.540657351789737,151.36346227134146,28.923656884470955,883.6336944618505,794.056296394616,Low
127182,0.0387112119437939,7.566322670757816,111.9993706088993,52.86800311539568,2832.5760019296445,834.5517493737149,Medium
515982,0.059187940140845,7.454646658741249,129.28652068661972,54.43868191149711,3378.775893635864,4403.543354477604,Low
20107,0.0564684684684684,7.480831235704407,101.1812132132132,45.29111829051686,2098.89700602391,999.6091170927324,Low
542127,0.018900381455399,7.144165645451723,125.49939113849766,67.9535367505348,4713.648878297148,1121.286636995245,Medium
171740,0.051015625,7.712937369645094,97.74684244791666,69.82756188091483,4627.289714589589,644.8962824910375,Medium
281687,0.1059626666666666,7.489342269840153,99.51181333333334,74.49114269794198,5912.020893401837,4701.649385417956,Medium
107226,0.0399674479166666,7.2916618544030385,110.14070638020831,68.87184555330062,5228.8211249970855,505.9046621974946,Medium
277689,0.0440964033018867,6.633159703378524,186.79558151533016,44.30646929276171,2700.7289810956822,1115.2007998771169,Medium
258541,0.025915444302721,7.294825588263454,106.55353821215986,58.632926106014665,5282.506794407952,282.43120816130283,Medium
218424,0.1156966145833333,7.417453145820846,132.58146809895834,47.80992868555236,2269.2221835138284,5732.912778042942,Low
157213,0.2195182291666666,7.684574928871401,117.31907118055555,53.72767575001179,3183.937228006773,12364.826484201389,Low
365095,0.0452722482435597,6.778105334886513,95.78784031030445,31.57009888893925,996.6711438574032,5051.972728526573,Medium
341973,0.1429866666666666,7.672044277096937,97.59030933333334,81.32301984201223,6473.511987002159,4480.1593850624,Low
513041,0.0363248697916666,7.299547438918129,78.0194921875,51.70112052503514,2869.151864685998,661.0273075557709,Medium
445439,0.2135772058823529,7.951222910922725,112.53173529411764,69.77693339526736,5074.394499672852,7158.805095092939,Low
157046,0.1013226666666666,7.545667301935526,143.88661333333334,65.121796920313,5104.970298250108,769.4642871388158,High
526256,0.1191731770833333,7.527407273331774,131.28399739583332,54.88042941686189,3087.223513575755,2618.6707495655905,Medium
205401,0.0361634497549019,6.564006413206579,175.88607919730393,72.85322222877767,5307.591989115664,1741.9065295325531,Medium
460347,0.0374524297423887,6.894432427450776,173.8561036299766,44.5262967085416,2053.71354072024,1626.5795442544795,Medium
191614,0.0701626511170917,7.72138345875202,129.36924099705243,81.18347702569983,7802.656079666681,2539.135586243114,Medium
285788,0.0855834199584199,7.898700383576231,117.13857848232848,70.04797375617079,4768.751905790015,6714.5451288117765,Low
404568,0.0113834635416666,7.086742907822097,171.431162109375,46.21105589711259,2108.4598461388414,292.12280913915635,Low
129054,0.02216,5.9830043663513495,140.27762133333334,18.774185780709946,626.0904101651912,2122.700557629753,Low
187236,0.001767578125,5.997534101479836,25.22248046875,24.633206010962613,705.453035908261,62.4553116692437,Medium
519764,0.0293546666666666,7.183731087142121,61.157653333333336,60.818039155827954,3305.8998692459995,429.55870384,Medium
562207,0.0618455882352941,7.7187293025805985,144.04817279411765,74.24622291323584,5862.741114090516,2610.0760556782006,Low
511760,0.0122835726351351,6.201773584035108,193.3105204814189,66.95294706852484,5408.284720415942,757.3669253312383,Medium
181499,0.0479166666666666,7.533044766967371,106.21356907894736,87.41334743985786,7729.112796874734,1439.8826993240675,Low
267300,0.03787109375,7.660046037966414,115.558203125,56.53699031478925,3201.534949942207,541.2099562550757,Low
182155,0.0394036091549295,7.271672209010717,126.30661678403756,60.40766638269249,3816.911545264573,715.9947230070061,Medium
210099,0.0426783224907063,6.85580130006445,53.76789904739777,64.6634670885984,4165.932939733962,2962.596346249053,Low
2157,0.0777371194379391,7.65716897340351,87.20912983021077,58.18722145674084,3937.6628629284,1665.0389080337643,Low
310980,0.0080649882903981,6.994317889178886,77.19704332552693,85.88631345753521,7727.424534830959,141.2113174209288,Medium
560256,0.1371028645833333,7.898615032924016,110.357783203125,65.52020662517482,5112.85171396071,5646.916191807207,Low
561958,0.077431640625,6.972525728349854,144.91778971354168,60.407817943394896,3694.1223030047554,2846.9163054809146,Medium
494869,0.045861387587822,7.183791110447004,63.3127268735363,44.91897783976776,2073.438259975388,1712.688645809856,Medium
2923,0.0223146666666666,6.850351478510009,129.537392,36.25448796822728,2420.7173382401043,2559.050143352718,Medium
239041,0.0333284543325526,6.899471901292533,77.34334382318501,39.9955357118148,1593.019306547421,581.961683488351,Low
300233,0.0430054959100204,7.564862181032807,102.45607745398772,51.953587583374514,2885.746515121949,3286.0394791178123,Medium
306437,0.043900381455399,7.358534238765585,70.18122799295774,55.24560557073305,3042.360772595696,930.1383541693008,Medium
256192,0.1089420572916666,7.4274754945759485,71.46620442708333,60.8509408504955,3588.457595274901,3841.359354519049,Low
38825,0.1290105386416861,7.7015372300584275,130.49571135831383,58.54214467053875,3358.280561780635,3156.6666340700035,Low
556158,0.0932063802083333,6.854507866016657,138.06098958333334,61.93241547251575,4016.1112795055137,2077.8184915181373,Medium
243626,0.1153552330022918,7.752394623901338,141.2533231474408,60.89371068970697,4259.312854845241,1596.6530707980726,Low
168330,0.0192828525641025,6.846161769224892,76.34961137820513,37.07836376573926,1613.7182283422817,625.8976475550625,Medium
353051,0.1071522887323943,7.527839816632441,90.1307695129108,47.886574675626,2241.087699293213,3597.1791034221287,Low
328959,0.0385454545454545,7.259052166103556,145.10639610389612,51.97709033919479,2701.617920128816,1946.2205301803,Medium
201025,0.0390521523178808,6.864531301143839,55.18037665562914,31.016116989448623,909.7417209157207,839.9667905111071,Low
562197,0.0869189453125,7.681046784707116,114.365234375,75.41804745663752,6134.278489529063,1103.8140917968512,Medium
521719,0.1232435597189695,7.745382977974099,96.63512514637004,60.48749314984985,4758.363753514164,3339.671166305088,Medium
219271,0.0907714285714285,7.733352710737583,144.22213714285715,71.130493064938,5059.088604702476,2600.665223816849,Medium
57027,0.0651298415492957,7.466151240735252,84.14632482394366,62.162052190478825,3822.64280164362,4095.522352535543,Low
464872,0.12305693793911,7.284834040979645,126.28631074355972,54.57056694675228,2839.0869755679664,1974.7506125794905,Low
31749,0.0392919921875,7.319606560084946,149.73527099609376,93.40324993666052,9223.337955338602,2498.993503899092,Low
451308,0.0490965136054421,7.088321781966909,64.44902565192744,72.4388097157392,5004.289038409666,1070.765996594168,Medium
578967,0.1024120469083155,7.820324866893667,119.95639992004264,81.74610498971384,6719.632432167866,8145.282495778327,Medium
463618,0.0974605044345898,7.742797284525972,101.19185490576496,59.96486980412189,3715.999246295336,2139.768983336687,Low
364884,0.0822485875706214,7.529721565556999,140.28921468926555,77.49964817892958,6128.024912031771,3450.9173459044014,Medium
259625,0.1606776932084309,7.81659211279456,145.98705357142856,65.35440375817615,4454.523987652953,6871.573227943578,Medium
410221,0.0150020096463022,6.973383841003372,106.8156375602894,45.33659419998383,2752.7086537642413,707.3395421228223,Medium
33005,0.0333149941314553,6.754984748709613,65.19284404342723,58.64403076095683,3422.962225379089,1483.1890881451648,Low
44068,0.0316796875,7.126837869325792,72.63007161458333,44.81481058803826,1873.7904310925696,395.72916500850255,Low
376322,0.0673215219665272,7.765352821897442,100.3262977248954,61.8636057203132,4040.3584569335976,1335.666342975431,Medium
192670,0.1618576789838337,7.763941596784947,145.04654301385682,63.12600980397031,4180.296331803801,12231.777749347117,Medium
295809,0.07083740234375,7.514955719998904,115.04064331054688,61.168639928634704,3708.695778884549,5109.631033277475,Medium
121673,0.0440906666666666,7.256059145579837,167.16421333333332,47.74475847651924,2350.878383458465,968.6070905859128,Low
180135,0.0648228228228228,4.514131836137672,43.02151951951952,72.67293195139288,5268.419668091671,1552.7510877610582,Low
564091,0.0814293032786885,7.523314207554816,97.41734484777515,81.56796437601379,6718.682050009221,1888.3648132826547,Medium
399205,0.13794921875,7.865504341300554,115.02494466145832,62.21184369235818,4469.584779362566,5473.164321559651,Medium
5001,0.0990657552083333,6.231701993808143,61.30075846354167,75.35377886349208,6015.874757816648,4407.162116650221,Medium
486046,0.0920279947916666,7.590357407066827,102.95390299479166,58.40428936595456,3595.6973032495075,2461.3484662604333,Low
84241,0.0653645833333333,7.890971169422006,113.14038036616162,67.12064784092239,4470.780888657801,822.1841511219759,Medium
433980,0.0119733333333333,7.198630648079591,58.512090666666666,45.1617093027834,1755.888394708935,1273.7875348428515,Medium
338905,0.0995775462962963,7.880392157798572,122.22233217592591,78.57090176575026,6170.400501979828,1827.3874232894752,Low
473869,0.0527846896955503,7.272154958900964,65.11166203161592,45.53839859512256,2332.8700794622087,1102.3982839313303,Medium
187990,0.023344,7.273286872764043,133.14898133333332,62.42966082904011,4476.858185569498,353.990537286656,Low
542776,0.0169600938967136,7.46114555094326,137.7098261443662,53.73948002998258,3579.818298024401,346.3324346284809,Low
380711,0.0021733094109103,6.908688707323912,131.494740270836,31.944058705790564,968.0452735897576,63.49744732156279,Medium
148783,0.225927734375,7.487220018600263,92.71297781808036,78.96997759195017,6236.257360873114,20796.959056130963,Low
263594,0.0941207349081364,7.793901425202033,144.4390813648294,72.407714820731,5523.504656400245,3136.108640418184,Medium
338901,0.06611328125,7.426304813592706,120.73335611979168,44.63428334081818,2085.332188370722,2486.308077246093,Low
8277,0.0566128412149173,7.557455164764345,116.08620082019736,58.77771979238799,3603.121061371701,1326.1809201644332,Medium
323895,0.021845703125,6.33962094661082,144.63991861979167,37.071060171067664,1421.1302961478195,683.415774707275,Medium
73326,0.0780305989583333,7.905131654962662,117.98868489583332,66.51432099939143,4530.338671576656,1040.6451801655662,Low
309391,0.1788126627604166,7.628461298206205,95.79094645182292,51.809433041824505,2841.3583476756407,6717.736854217434,Medium
301563,0.0144677278037383,5.868215597421525,127.75188376168224,74.60843361697486,5403.18413348862,1039.8342729781425,Medium
148662,0.0206770833333333,7.28822815871461,73.39336588541667,67.83359284283628,4804.756565770492,338.0410025836521,Medium
99182,0.070251497005988,7.434990488486144,76.02333532934132,67.08540021888722,4597.149554308556,4193.213384129047,Low
115898,0.10495462529274,7.856537844074867,135.27397906908666,62.09368586794952,3973.396023998155,3123.6450584466734,Low
327601,0.0523543543543543,7.27453375349726,100.98024624624624,45.09093661418188,2436.2362886325363,1592.386352031996,Medium
393226,0.1014778645833333,7.638319229010951,135.03398763020834,63.995342190307376,4143.871366734115,3650.225250583225,Medium
351362,0.016068808685446,7.132837101550566,138.22819102112675,45.79426794894688,2140.8301038307977,319.3381866825172,Medium
128051,0.0690798611111111,7.109654997521946,140.2187717013889,79.66644160239935,6701.008410298797,3902.0639227252536,Medium
441553,0.0240625,6.85290400273594,49.48849609375,48.90360520488383,2699.5955553153035,462.8676569264306,Medium
439593,0.0432421875,7.226945264161966,104.02993489583334,83.75515979749603,7394.220502613724,702.8436267903539,Medium
494913,0.0711229556074766,7.80815209413166,132.1717472254673,68.67380976687099,4950.602441727583,1538.260471317219,Medium
308587,0.0227864583333333,6.958966616932903,155.897021484375,42.32093570800817,1885.292069662532,791.8120961695353,Medium
168593,0.0273079427083333,7.332728664311031,104.6657421875,45.38155668417916,2026.1603845921763,469.053628608693,Medium
303908,0.0977276053864168,7.516510487633472,97.71078015222484,80.06329144866541,6441.038775869693,4151.257271758624,Medium
324158,0.1074970059880239,7.667362759024009,142.78889221556886,56.52450035241514,3344.287411884279,4934.90524256585,Medium
213593,0.0216952758215962,6.40580159722047,46.52462221244132,27.90332138744203,943.8311282593052,323.1812560467572,Low
491867,0.0426334635416666,7.568994110592824,117.00301106770831,56.43761184393802,3844.023305059267,691.1487792574459,Medium
131273,0.0170540364583333,7.553259076584233,90.29619466145832,51.245936003487785,2505.6884499999364,776.062595892334,Low
304396,0.0804558823529411,7.068460460446361,182.8259595588236,45.69532155626785,2647.1044751779395,1673.4312235488212,Low
168619,0.0540299479166666,7.4952623998091585,119.28367513020834,57.13881842266437,3832.70382121612,2565.422244174152,Medium
276921,0.0358442164179104,7.318509534819436,81.93608075692964,59.86423610590538,3508.6420184663352,1252.3783088585428,Low
58539,0.0560310273159144,7.735455688059411,91.30515513657956,75.7761406305705,6037.269221524649,1037.2670113935064,Medium
217753,0.130009765625,7.825402381211295,112.33604817708331,59.83310404660488,4054.379564124083,2266.5070952412816,Low
340015,0.0942154947916666,7.642004006056317,110.3525390625,50.10178630497116,2921.58791886192,2002.07759903361,Low
516871,0.0449648624401913,7.743539613417782,122.65750224282296,84.35999546816016,7502.50435888435,708.7301993010309,Medium
407646,0.04568,6.881769396799968,124.094915,62.99086621203724,3778.27644699765,1409.128316737775,Medium
371472,0.1282194010416666,7.828144127090766,98.01529296875,65.49048684876001,4536.599582754784,2794.626807918029,Medium
415882,0.0634507123161764,7.854638395740913,121.84440487132352,78.2787019130888,6127.555173198211,1219.847988760628,Low
27696,0.0653772865853658,7.855820249762148,111.6301524390244,67.90923178450872,5175.1242227153125,508.994562258096,Medium
9772,0.0589005681818181,7.740662256857595,110.35865625,58.80916927879969,3529.1018833500107,1479.2543578533057,Medium
92660,0.1025870901639344,7.77465744357351,130.66690207845434,56.79600522796879,3475.054745455305,1428.1574045929142,Low
466986,0.1102771966527196,7.571685962865911,142.6574986924686,78.506399551385,6221.851096293995,2249.5221944363443,Medium
269942,0.0359309895833333,7.418681973885326,119.97691080729167,81.3114809703544,6848.236533931835,2642.18711707983,Medium
196185,0.0225848946135831,6.083708638672333,152.1014600409836,63.52214099723785,3967.8133491456088,528.7623572779661,Low
194875,0.07948606271777,6.846000181963536,48.51373856707317,48.5165630355027,2943.455238882132,1784.5596225450306,Medium
464786,0.0200131425233644,7.739539958317183,131.3666800525701,58.23141992920595,3889.14670829814,87.17241927323586,Low
211069,0.0583463541666666,7.593588425014976,107.34795572916669,50.08242595012869,2517.195867893046,962.562877916961,Low
397354,0.0505208333333333,7.645237241874548,126.5470703125,57.24256955064719,3345.003128835459,775.1526229064835,Medium
440475,0.0744474531615925,7.383771435951218,67.29863144028103,53.83588709808341,2907.0961394422447,2766.604523407678,Medium
349837,0.0224024024024024,7.630693479766111,127.26881681681682,62.19585988446696,3956.130524515615,447.03414867826393,Low
220732,0.0742838541666666,7.625975496540136,127.04970377604168,63.31738243331385,3890.926696899213,2541.9505202417904,Medium
213086,0.0717173333333333,7.776367644693956,127.808944,69.10903558101644,5154.206910597556,1376.8499405682917,Low
508482,0.0506998697916666,7.561481137321461,88.8015234375,56.83195424865139,3210.186615162171,1304.5276072959794,Medium
9448,0.1360991379310344,7.520561811497813,107.17709278584393,65.08097376237123,5365.176216611504,9045.361086946628,Low
334977,0.043505859375,4.530005874336124,174.2396142578125,83.30656564132725,7658.684426751247,1840.1432421875,Medium
154431,0.1024809966216216,7.861394350358047,111.31679335585584,65.82871133908274,4429.339942414161,4146.504243276215,Medium
357238,0.0186072892271662,5.765242638570275,155.4731045081967,22.47774419047592,561.4963267963257,419.4858342472176,Low
278463,0.056474609375,7.575843604632659,117.892998046875,59.12301187358355,3742.0004897984113,3119.138191298919,Medium
181303,0.1215171089385474,7.4290590636552,100.56617929469272,59.35020205927636,3373.273414121077,11205.780883846135,Medium
129322,0.0251497395833333,7.593799857859717,107.88623372395833,51.533858300878855,2732.2567291812825,631.7360748636881,Low
160556,0.0352840245327102,7.016810232244386,53.667862879672896,50.23114531455598,2705.8887344151062,912.3737518909757,Medium
439290,0.2033299180327868,7.775192953906155,127.20467286299764,62.02819115706216,4413.302032240467,5670.2365442444,Low
73153,0.022881293911007,7.315677551077936,62.95020491803279,46.03872404283123,2044.1184073244613,588.0887511165079,Medium
360943,0.0390344311377245,6.481645744313864,149.34724301397205,74.29075039125956,5476.918308297477,379.5013415464072,Low
221213,0.120234375,7.734662058148214,91.19529947916666,58.50745158238838,3430.473228107449,7365.314266315872,Medium
104782,0.067424,7.145183284717694,122.04088533333334,41.25527855183525,2655.282643228283,2932.267129058532,Low
226592,0.174677734375,7.744568540590244,108.22869140625,64.21443881296187,4438.073080793835,13006.364799873256,Medium
280779,0.0478293413173652,7.371850356989487,159.9690774700599,53.5442408066695,2998.5567439124075,813.209051823987,Medium
101787,0.0139018052516411,6.552869785043894,133.09742546498907,24.6731054731474,654.8962990241475,765.0450657583795,Medium
22589,0.0760384114583333,7.602797456551197,83.30728841145833,55.28729143315375,3295.5098810360164,2308.5572946047364,Low
333956,0.0346670560747663,7.676711806813129,125.65207724883176,76.92419216974808,6144.268619275914,533.0832672988635,Low
111086,0.1085416666666666,7.309849255546764,100.12819642857144,94.34585721699196,8798.733779439981,4701.693221683532,Low
367386,0.0503450520833333,7.476654514892245,110.97509765625,66.62924562127937,4562.282172443033,1102.0980465260718,Medium
402783,0.0178287760416666,6.421619497422952,121.34014322916669,48.59064813765935,2985.317872598069,649.2848418493907,Low
558114,0.0729622395833333,7.135264892001044,69.662373046875,66.85320572315436,4500.71590387433,1386.8523627122242,Low
162130,0.0256998697916666,6.763456638557368,92.79485677083332,75.2949857719713,6285.42580689615,1339.4837837509156,Low
442456,0.0885402036516854,7.664215280203824,119.63585410814606,67.33081966795363,4639.998563673992,3501.260031285507,Medium
66038,0.0932421875,7.46640919059146,102.87223958333334,73.66811409318666,5715.451764607843,3796.998487282265,Medium
334555,0.0679027288732394,7.429503780090402,109.62998092723004,50.45387569825522,2824.9232181245934,2908.956808652435,Low
554002,0.0601029411764705,7.586019701927348,127.29014705882354,54.09697350707739,3126.901191869319,1454.8290076208912,Medium
511384,0.0697137850467289,7.020627881145175,96.14745181074768,34.59474371094724,1972.28562135336,6972.797402498443,Medium
550322,0.1094298887587822,7.776131953483473,99.98536665690868,66.08281278660252,4223.579072717541,3146.57479681256,Medium
346905,0.1555567781690141,7.61954324903836,86.07293500586854,54.60245277242988,2854.7800928111865,4133.301675920202,Medium
240754,0.1272577576112412,7.721494323719903,128.00792959601873,56.30095837155823,3288.0812863326623,1367.015916135255,Medium
162543,0.1111588541666666,7.072776629513028,102.93599826388888,86.04501663752977,7585.057212733603,5762.403204544614,Low
209530,0.0518290011682243,6.998657947797846,50.61748685747664,39.97878046968157,1662.7341254697712,1341.807154178491,Medium
543043,0.14427734375,7.673876141076974,102.53802408854166,61.01851067761752,4258.786149354991,8019.028363008456,Medium
72281,0.0365302985948477,7.303359393607157,84.2224275468384,50.12882214652448,2512.996066505142,469.2050394585796,Medium
569976,0.0340885416666666,7.181043007909587,133.92833984375,79.00776264096041,5968.912286728987,346.3942057276408,Medium
517069,0.106533203125,7.710691857580773,119.137255859375,69.09415092052312,4983.044193609131,5203.134729073577,Medium
251140,0.0699786666666666,7.643913729156573,128.47194133333332,69.40677059704784,4635.822761683048,2373.914698601131,Medium
79034,0.203779296875,7.684861866775022,118.500654296875,51.7674203226659,2914.13450378875,18564.562391491527,Low
438226,0.0398249570446735,7.272848582754624,138.79528565292097,44.714784077083,2482.6202226541204,647.6508792265872,Low
249180,0.1663129391100702,7.778081805513008,125.759675058548,73.19052455764488,5549.687963313149,6412.830412777981,Medium
2587,0.026368,7.139960289489934,79.43878933333333,47.69692163289247,2158.3147957549795,858.4447741155556,Low
232649,0.0320693333333333,7.685968748714546,128.51815466666667,57.37062994025264,3473.228507960946,621.0838135666917,Medium
110211,0.1127906976744186,7.557638160062826,135.16481649709303,48.77568454783074,2614.5836990806138,5283.153346720996,Medium
271457,0.111081081081081,7.646531257155823,85.97575975975975,57.9542613567609,3758.622273560419,7892.397885809232,Medium
180296,0.0899522569444444,7.719681262676548,106.19447482638888,81.02396633948611,6807.750504381985,6955.7954349554375,Medium
41488,0.0552125677506775,7.070605534283203,127.25636009485096,96.71938908318084,9948.223283632084,3402.411093466827,Medium
125257,0.1815592447916666,7.7214139189097795,121.00249674479169,55.82597125023344,2877.92296427712,20276.214715231567,Medium
57232,0.1154203511469947,7.83323408657613,109.6958301294374,79.98040214557858,6382.225589587372,2599.124049495788,Medium
203629,0.0716298302107728,7.472824886069671,85.07912397540984,66.17035384394799,4360.044718500714,1806.196169984731,Medium
406570,0.0106374414519906,7.466265323673011,146.92225556206088,45.80035174377913,2240.330059535727,115.1404836755861,Medium
528862,0.140704,7.426332925308714,124.61651733333332,45.77489264918452,2046.394362547181,6762.364331656419,Low
173383,0.0389889705882352,7.576775737428619,95.98086397058825,56.92124297830056,3677.216820259745,865.2073198745675,Low
572303,0.0518326822916666,6.902348287346812,70.20059895833333,74.55894703504458,6280.826640338106,3191.3100797034263,Medium
94852,0.147943115234375,7.193915607628394,132.96827392578126,42.70151245067738,2595.782724577968,6840.388921619914,Low
322829,0.1088517271662763,7.669805285682873,83.68887953747073,63.70387855555968,4085.52995789028,5522.980697385661,Medium
426253,0.0260428864168618,6.719163457124736,50.85126244145199,32.571580067671256,1086.0573737773773,506.5200117759633,Low
429690,0.0990339578454332,7.824526724944521,123.08391027517564,66.89275215949814,4764.847676195585,3304.705007382332,Medium
371677,0.0306673177083333,7.525598929597632,86.62114908854167,62.156897442852326,4079.760179908392,1177.1948447747125,Low
32334,0.0526432291666666,7.792573872989761,106.91195638020834,76.21573234605158,6013.840411560507,955.2413345552972,Low
387383,0.0212858072916666,7.317505936385405,115.02814127604168,58.11914541860001,3560.006081936787,322.9729880086157,Medium
378673,0.0477809565727699,7.666431269456553,150.12856514084507,63.32090682819116,4315.996471992927,1087.6500110012475,Medium
540962,0.054165,7.515145977633316,102.172975,66.20778341440963,4486.999009877033,930.9637088551,Medium
388927,0.019248046875,7.283123097834047,87.22534505208333,76.10820157651649,5867.775948214153,474.2555038085938,Medium
89648,0.0668508489461358,7.492422013612369,91.02441817915692,61.70859190506555,3830.1342993621824,1117.0118368955896,Medium
353180,0.0833370535714285,7.454280111782868,180.4293117559524,62.631960003551214,0.0,1142.7218445466956,Low
549738,0.0248276115023474,6.434724276101639,136.75146713615024,64.77170135151289,4359.064602877627,1509.5422289320536,Low
106881,0.1018175422138836,7.3779144201619635,122.9094746716698,42.08745789050024,1851.986396153324,2626.849719701479,Low
349678,0.1211577868852459,7.467261581078293,128.29417081381732,74.4250673369188,6735.670320880262,4017.255114666034,Medium
24144,0.0907161458333333,7.774292981351023,117.27627604166666,59.78317718567143,3675.6236695356224,1987.1728014794985,Low
292024,0.0412928788072963,7.507827825323438,91.43653883121875,50.90680386257046,2593.393281754346,817.3927470110686,Low
477955,0.0369401041666666,7.234619391708052,125.20411458333334,41.21086263615501,3096.719557255321,1336.206253090922,Medium
357737,0.1451920572916666,7.749462696894978,132.3730859375,57.20435987452419,3421.5352033605045,8599.130495197509,Medium
179898,0.059990234375,7.882265534161206,112.664111328125,66.12268250525482,4577.802364473321,643.1887495116763,Low
179285,0.0692903037383177,6.230593701676249,94.36068195093458,35.52968831819685,1297.14667132215,529.8581535825014,Low
200162,0.1446360294117647,7.942670237802979,127.00447426470588,78.94578402004618,6414.465941459229,7203.4957929995135,Medium
178618,0.0239770179372197,7.343714737779071,140.58412275784752,58.079062083590806,4134.387526428819,2502.220744186616,Low
368294,0.08725058685446,7.519833854260748,88.39321816314553,61.0685552407179,3783.462233202268,3763.111402203698,Medium
90631,0.0073505784061696,5.834906383621699,159.04761809125964,19.535975326845403,482.5690031084905,219.6333573107411,Low
573626,0.114496,6.9832693543980735,76.53397333333334,33.93349123131829,1251.063268548599,3931.4574560249175,Medium
520531,0.0765201822916666,7.757629100265063,100.72240885416667,62.32716968687563,4412.521386591184,2802.807445920139,Low
326970,0.0343619791666666,7.284878082047692,114.52734375,74.53703943955036,5678.297401798668,186.1875253253513,Medium
477441,0.058701171875,7.335831321671773,88.357109375,63.06892083251164,3827.040315339968,2427.39128752788,Medium
118209,0.0790950520833333,6.793881739520686,136.3936328125,73.21037973980482,5466.543893608318,3553.324658768961,Low
560880,0.0524144931102362,6.6680204816440245,140.65007689468504,33.68278581986797,1103.0112299859695,1879.2468211842315,Medium
244411,0.07451171875,7.189334531051522,112.613701171875,50.64882478648293,2908.354287320773,2380.932171297032,Low
329323,0.0746838235294117,7.884853260851404,112.54735661764704,74.228125516174,5729.258233640183,1915.2520638451424,Medium
288430,0.0314346666666666,6.636733015096289,161.15425066666666,33.45656150989169,1203.1209838671075,1635.3054766478222,Medium
328030,0.1451801470588235,7.489251282051977,93.1441875,68.96198537510799,4757.765426919645,3997.789589208356,Low
214200,0.1169642857142857,7.675276327759444,109.37116144613584,73.31481358874274,6314.273542838172,8319.466898403725,Medium
412894,0.1070696721311475,7.649767977296653,99.03283445550352,69.40884094493227,4946.005614067301,2553.852092267789,Medium
157365,0.0263319672131147,6.808568003146992,49.35493266978923,46.23998376218193,2234.55707467146,618.8911926411266,High
538067,0.05088,7.790092414663996,149.29290133333333,66.5427662445408,5155.401733581786,1795.8149057142332,Medium
356347,0.0261100260416666,7.383810628098896,88.105712890625,51.03339592771545,3366.1566268467054,352.7444264420827,Medium
179265,0.0603249706572769,7.457945182044011,102.79512544014084,61.24327863025486,4338.259537746847,2270.674103768357,Medium
350054,0.0702826666666666,7.408349112948272,84.97826666666667,62.46007870361853,3940.845604142223,1548.8746813281848,Low
522393,0.0557568359375,6.612015020331163,130.645244140625,55.1362550765481,3168.3053849937955,1989.5640127872884,Medium
561465,0.0431457986244606,7.475752628192225,80.1600532914691,53.19197880832005,2786.960024800743,471.34197314351326,Low
323709,0.0262353515625,6.409830855434249,161.6869384765625,53.62517951694642,3819.610242377631,851.69172588768,Medium
284279,0.05391845703125,7.353316288964106,81.29595336914062,48.3505452180489,2373.834893290186,1202.144808104923,Low
65798,0.0950130208333333,7.379458567676952,81.02598307291667,51.276459525228745,2497.03754903273,2218.433285778639,Medium
235399,0.0810133333333333,7.398818494896813,112.49432533333334,83.16008571302797,6930.818489546211,3324.426807596686,Low
491613,0.091298828125,7.307229054367214,149.590068359375,70.55015913587218,5696.954370522496,5093.406350139608,Low
292415,0.0239519519519519,6.130967848561966,89.6723963963964,84.0450827302476,6878.580768476381,2382.457694633877,Medium
451043,0.0464358899297423,6.383067069549169,205.0012148711944,41.81234553871795,1809.158296725902,1276.5755536857482,Medium
350679,0.0419027453271028,7.493878303797008,89.86777526285047,71.29488369322398,5299.20731861502,906.76278731836,Low
168883,0.0618639091858037,7.703644814175761,102.51574569415448,55.04269368040627,3559.1685488686103,1594.0195117805404,Medium
328601,0.0552833017676767,7.559186839415876,105.80935132575758,52.69287960052701,2973.5636091341785,1756.5390425890628,Low
52565,0.0200600436681222,6.249451769920701,120.66124112991268,37.58506178986282,1412.6368697478058,1341.5895077778907,Low
283318,0.1435194672131147,7.87848127293599,116.5170081967213,82.2088362089297,7166.19609437019,10386.420496781777,Medium
150649,0.0774469453376205,7.403352478060632,118.43459807073955,49.50868642237764,2619.852020199391,2346.2501829582,Medium
374083,0.053612822769953,7.641767954889666,86.25156983568075,63.47676570841392,4022.7777983136607,570.5905865672643,Low
443969,0.081739395104447,7.527020982788279,99.83459887222864,52.47246824829213,3016.4752284802166,1196.685425471193,Low
64359,0.0846024096385542,7.186438953768591,85.94244578313253,50.97483055550772,2577.19165416986,3284.277967119175,Medium
421834,0.0496649343544857,7.249420132238004,67.23680251641137,41.48899521651349,1727.7562315438506,663.5531352217499,Low
106048,0.0491092289719626,7.462755183697941,89.70777234228972,64.99615988422573,4331.510105144972,1379.702687609977,Low
431140,0.0305013020833333,7.584566221390767,124.05809895833332,54.29065198300908,3179.884357043817,611.2692308211326,Low
474293,0.1460807291666666,7.700527792366889,138.205693359375,52.43654372645364,2958.3202616745984,4194.63395786332,High
335658,0.0304654947916666,7.438654772773609,86.11142578125,46.78482346542633,2567.702408292721,884.793713315063,Low
245915,0.0676396396396396,7.185756867030324,140.88375975975976,40.04250551559316,1699.3402751691272,2032.8358910667064,Low
306582,0.2224381510416666,7.847411398475153,113.141923828125,59.79238884026937,3615.03872788436,19093.5862825673,Medium
167898,0.01203125,6.872444089005342,133.8140625,35.69834578926373,1412.0670437936924,330.870408160358,Low
413404,0.1162909836065573,7.64596388926087,101.78655225409835,55.213311543393885,3404.9341970877176,2611.3758862584405,Low
419974,0.0706279342723004,7.234874794596492,66.36924515845071,43.44477536096106,1872.3731566634424,3243.1054195478664,Medium
500049,0.0486612382629108,7.727901029215175,131.81955325704226,60.35982363889296,3748.2568430433626,1655.021155607353,Medium
317024,0.0863020833333333,7.681136395565416,125.50778971354168,51.746761087727634,2670.7658452081714,2315.987783679443,Low
377588,0.042278981264637,7.213575703459235,124.1356886709602,41.0697523630737,1716.9896836315202,1202.1560726372704,Medium
500663,0.0175716145833333,7.040716570293373,130.45761393229168,92.79703459272022,9280.550922147786,1492.3625074899885,Low
435299,0.0243131510416666,6.900065102370842,80.45630533854167,50.94078470641895,2552.169277415548,397.3403706175063,Medium
269316,0.0352584696261682,7.196413120314042,112.89923700350468,58.14571959621586,3330.9758025252927,607.5209798071884,Low
295478,0.0219268798828125,7.328760115225615,104.0989013671875,59.34610580882214,3559.4735650057687,510.5322237491235,Low
491213,0.1309407552083333,7.816845470847284,124.87597981770833,71.71597588940992,5274.686445482465,12105.15744979094,Low
441286,0.0500475405679513,7.386327218537054,139.52905045638946,54.89587020952342,3132.534736833568,2154.10420376327,Low
389804,0.0268161764705882,6.5946308093033625,47.47331617647059,57.756884881448165,3347.71775294862,860.4877095565392,Low
394199,0.0726888020833333,7.896933649213893,149.25285481770834,67.97352147994003,5001.015185769085,1505.3681995389195,Medium
15497,0.013583984375,6.254077648208151,42.88866536458333,53.371713834875806,2917.780604074047,159.53755842552184,Low
176634,0.1015690104166666,7.672423606032864,117.61909830729168,70.94446332724716,5026.082810273149,3452.7262446912023,Medium
337987,0.12060546875,7.810508443896956,116.62347981770831,62.23534283078923,3871.392319792334,2886.7858282252,Low
86956,0.037353515625,6.913257933613163,82.92207356770834,55.34153903213308,2805.4724753848955,578.4289538650406,High
64574,0.0224067066805845,7.022645924293584,116.45729384133612,35.007670316456114,1439.416246182049,1545.6898984421885,Medium
481413,0.0351141686182669,6.7626541728787615,155.6146662763466,33.883761668484524,1518.1107493958718,2262.6551347420345,Medium
50828,0.0145149739583333,7.619478786991701,110.45111979166668,51.90553550377423,2796.853919438609,403.120920524078,Medium
282037,0.0657989977728285,7.412287096302568,149.55204969376393,64.1050867192243,4600.518445241153,2640.215261436449,Medium
153343,0.0690983072916666,6.748872394773181,44.410283203125,45.75307456780118,2054.0129590742004,2971.700727025763,Medium
161925,0.05814453125,7.58012334925471,92.828310546875,70.1740272480185,4921.142628288767,1582.550311021423,Medium
236914,0.0828542594654788,7.348596492766035,86.86076002227172,85.92112415811293,7523.65155599641,3969.206783215788,Low
229111,0.0170666666666666,6.906720604158916,77.37169066666667,34.670710646235385,1359.858055115207,289.98354115128893,Medium
299887,0.10076171875,7.727637008374624,106.20883463541666,59.770841477761,3639.85714014816,3063.040266520013,Low
290293,0.0615941334355828,7.811467341829123,99.94396088957056,69.35171881753418,4576.959004508409,1268.4357290546614,Medium
252294,0.0874986666666666,7.515033930444972,96.359376,75.81924129285362,6290.233722574725,2803.985667959012,High
314914,0.177626953125,7.816643677858626,126.69327799479169,61.780967693437454,4279.0993711702695,15428.766867214106,Medium
486479,0.1219253333333333,6.896486369799631,125.03838933333331,31.50809941786005,1211.2510902129209,955.7421808888888,Medium
383384,0.0341927083333333,7.168413398498859,124.14764322916666,50.96487252862334,2657.2521072481763,2684.748744654507,Medium
521405,0.035200264084507,7.238910751792071,88.79892165492957,47.707403960145584,2291.242530929273,1058.348560273154,Low
493613,0.110485294117647,7.37877230033717,145.03720588235294,43.76650199187355,2349.3388122975284,13727.344906650304,Low
513283,0.0172145432692307,7.683492103981272,103.57079026442308,55.73113206535948,3562.1055005265457,191.8682844557542,Low
182441,0.0894776002506265,7.421425092958776,160.72754934210528,44.324011255787454,2002.0404998220208,2524.249547564625,Medium
407825,0.0308657314629258,7.632416900707606,134.64012825651304,53.44910256002928,3678.7311718099054,242.08258768880447,Low
297022,0.136297123015873,6.5701822113710575,145.24632936507936,82.80451331009965,6962.530548286406,12284.886771989435,Medium
346703,0.0538295454545454,7.559041930295699,92.59064204545454,70.71587078308875,5094.070703138059,790.6917430603612,Medium
145591,0.088271484375,7.4502965645634,131.977841796875,81.76398600913838,7388.345425548408,3810.499646060933,Medium
440508,0.0658497936320754,7.072502078795011,103.0269199587264,76.16520339916299,6273.050301882774,4075.75336962396,Low
509258,0.1019202686915887,7.5659398996414975,123.54238098714951,49.97939864716563,2789.429043505453,4074.75448613515,Medium
466835,0.1901953125,7.788831084994431,117.38117513020832,58.52228348675816,3876.33993037842,4697.454615885375,Low
554266,0.0817934782608695,7.344549260407291,128.98842020750988,79.23520388771504,6419.829004569597,2883.473486251651,Medium
402433,0.0422791960093896,7.197478083837603,82.38305457746479,60.245727173995895,3988.463074761717,507.1686158480925,Medium
387098,0.0492317708333333,7.432305664753882,78.40000325520833,63.29289883010335,4319.089746564441,1952.700184359985,Low
276018,0.0465519831730769,7.768780645626816,93.15832331730768,66.13710560732315,4921.562448681177,388.1642792266644,Medium
313182,0.0762787441037735,6.861326312291176,158.28602962853773,87.74609912776774,7676.440888044352,2714.276831793237,Low
482978,0.0590885416666666,7.54795197740294,87.38440972222222,61.64176720001189,3951.963007368413,1891.5426905182264,Medium
453860,0.0337653329439252,5.763602643297253,141.99136609228972,105.680543872426,11182.32211287516,2708.55031396028,Medium
127394,0.1033160146699266,7.712531733239218,88.36514364303179,59.15056467640902,3687.685890328221,2762.39850560699,Low
241677,0.14203125,7.55338645753051,114.89904296875,47.96478807330879,2492.5658471041293,5109.722198534637,Medium
32901,0.0485433836996337,7.848036016360871,122.05353708791208,62.48557737500932,4080.8744118610825,1810.2738086295133,Medium
418281,0.1209638466042154,7.682499579175577,113.7312463407494,64.29897116721757,4524.039811789398,5271.102011557197,Medium
161820,0.0556147780373831,7.291009504730553,96.31295998831776,39.49913829542056,1502.4149506173171,965.697431471724,Low
268831,0.05001953125,6.194341925888312,198.2159375,52.50605705293527,2840.818005088679,784.6946484375,Medium
232538,0.0358984375,7.70503088083886,152.69488932291668,66.3796573218983,4666.891481134821,817.1115224365234,Medium
98839,0.05017578125,7.690071848382027,121.566015625,72.99899139578464,5343.977662020984,1847.3107081389428,Low
202445,0.0431644880174291,6.7671848317411385,129.15623798539025,102.0898729458793,10329.89725797694,380.2440163879601,Low
71226,0.0567781690140845,7.726098424731501,142.18291519953053,67.71490697645719,4675.596153027784,2937.516120047046,Low
265777,0.0545516681618181,7.677435867364764,162.93811408005467,68.58391963884483,4836.995789330872,330.8465674476248,Medium
521601,0.002744140625,6.733430517452195,131.245185546875,35.206210397940616,1355.8669135497976,45.659402021238535,Medium
28449,0.04466481264637,7.605522683037887,105.60448258196722,54.37230668142055,2865.044353332362,682.4686754395557,Low
474078,0.0445377604166666,7.542292047787502,124.49669921875,53.68263737477037,3293.596437252292,4407.909739856455,Medium
566758,0.0907584635416666,7.52365162493548,115.89369140625,53.66183722165808,3317.5055147959742,3047.362255137539,Low
211120,0.137763852242744,7.798035020947787,107.3905631596306,63.65646285353814,4662.446087180413,5894.722425615183,Medium
474039,0.0197202306733167,7.632108936638962,126.58533743765588,85.01694580937176,7567.50006601107,337.9938046973476,Low
542423,0.1088933823529411,6.788270485367116,142.49473529411765,79.3094620695,6358.7762922655065,3844.647471540212,Low
184611,0.0953483072916666,7.690592531758735,88.26841796875,70.9494882213916,5110.951152515376,5994.632398124176,High
92053,0.0341481264637002,6.797022198339698,48.10487412177986,40.76073686099612,1608.8510354923462,662.7148955959757,Low
262938,0.05732421875,7.751782012325033,117.01081380208332,75.91851507530141,6190.4459171672215,1032.734207790756,Low
491216,0.0445052083333333,6.831897672582723,48.861396484375,59.27999771896291,3601.277631813328,2306.933874152121,Low
334309,0.0784982435597189,7.749723841377938,91.88356264637002,61.21763743092109,4329.762142359254,951.6966791052844,Low
536343,0.0479304725692558,7.061305852553148,154.11550244432374,34.01599329535691,1236.1006459656785,364.11090819746136,Medium
376900,0.0658040364583333,7.116506839037687,122.08985677083334,84.0270060133218,7248.699310319541,4096.970534593328,Medium
312263,0.1039699952561669,7.176976321778145,65.0087760910816,69.09302938092495,4773.846709033357,7497.76061172492,Low
418961,0.0847665398126463,6.812687548842076,48.14784104215457,48.12110225274593,2278.157611629527,3804.1361371480975,Low
522156,0.058811475409836,7.513458499783843,123.27602824941452,53.05410703633687,3193.875113784563,1045.6295307966109,Medium
29187,0.0783541242362525,7.470854619332915,98.49427507637476,49.75626328478008,2661.73479827499,2608.390503807549,Medium
497867,0.0899433210784313,7.777369431187409,135.71380591299018,75.72433688688228,5724.472853578071,4333.257737037324,Medium
154358,0.0558877341920374,7.819203999331952,98.75763319672132,65.95018531698284,4590.626227372701,1191.923453636695,Medium
294695,0.0517966920374707,7.063372731915337,136.45143076697892,45.22834375340285,2788.216941942071,1933.71538333901,Medium
509131,0.0117830882352941,7.081492210838681,60.801875,43.437153851509066,2105.069092846395,142.83770133542387,Low
122962,0.1079046285377358,7.5743321916028545,88.84548570165094,58.56654441901281,3717.356719199828,2564.9534308628204,Medium
117425,0.0387874119718309,7.525200451950628,78.31942121478873,57.43677771633898,3578.981019486448,1304.1636541017815,Low
244019,0.0498803654292343,6.908249167759669,137.5609991299304,40.19161848507142,1626.2328229757268,1352.2839477445225,Low
105923,0.0647235576923077,7.195865665742825,115.9639189369658,54.60635270964212,3191.625768991709,1792.8259763471335,Low
189775,0.0767838541666666,7.28529619778536,138.28183919270833,55.30403145743984,3435.310040085495,702.0941601867252,Medium
147740,0.0787076822916666,7.8598944344683535,106.96382161458334,64.27479645517047,4445.390067240686,1255.9832851435235,Low
546823,0.1606412760416666,7.902765200347191,124.36159505208332,76.4517224796934,6111.355421856471,14002.118657126524,High
139883,0.1872292154566744,7.699056762130325,155.58250878220142,60.24906770659588,4136.555539987763,5830.907130797684,High
350122,0.117255859375,7.856359319813302,114.49255533854166,74.96228024948292,5657.582774925476,3400.92780067358,High
560474,0.12548828125,7.564621514329128,80.49185221354166,66.8800585510409,4681.916103059341,4041.441578719574,High
445722,0.0796540880503144,7.614775244851374,93.83315094339622,76.13684480089175,5733.938604961381,1891.0705884842769,High
5600,0.0371320983379501,7.307412949058675,82.02833275623269,52.57457927193118,2813.064852301188,746.5357374853,High
397303,0.117646484375,7.742617211548236,123.29513020833332,71.16423237676855,5165.367723133917,6373.753151772012,High
125572,0.0743889051522248,6.014181398787642,188.63406396370024,75.59773552643513,5969.793117686168,2937.3281230940506,High
448076,0.0583333333333333,7.575637059337451,116.638720703125,62.51261462325244,4885.640427592153,3129.589445894199,High
36678,0.0407721606648199,7.692018688315793,137.86022333795017,67.80187671466368,4800.659173531602,1245.7119821590586,High
45596,0.0828622855392156,7.637680606837937,115.54528569240196,60.80773093367036,3763.131186332175,5186.762638202684,High
502336,0.1212877030162413,7.839307917956111,119.56872099767982,74.58270484965867,5606.240652490858,5886.209051522721,High
